-- Create satellite tables for ship data
-- These tables reference the ships table by UUID

CREATE TABLE IF NOT EXISTS ship_flight_stats (
    id UUID PRIMARY KEY DEFAULT gen_random_uuid(),
    ship_id UUID UNIQUE NOT NULL REFERENCES ships(id) ON DELETE CASCADE,
    scm_speed FLOAT,
    max_speed FLOAT,
    boost_speed_forward FLOAT,
    boost_speed_backward FLOAT,
    pitch FLOAT,
    yaw FLOAT,
    roll FLOAT,
    pitch_boosted FLOAT,
    yaw_boosted FLOAT,
    roll_boosted FLOAT,
    accel_forward FLOAT,
    accel_backward FLOAT,
    accel_up FLOAT,
    accel_down FLOAT,
    accel_strafe FLOAT,
    accel_forward_g FLOAT,
    accel_backward_g FLOAT,
    accel_up_g FLOAT,
    accel_down_g FLOAT,
    accel_strafe_g FLOAT,
    boost_mult_forward FLOAT,
    boost_mult_backward FLOAT,
    boost_mult_up FLOAT,
    boost_mult_strafe FLOAT,
    boost_capacitor_max FLOAT,
    boost_regen_per_sec FLOAT,
    boost_regen_time FLOAT,
    zero_to_scm FLOAT,
    zero_to_max FLOAT,
    scm_to_zero FLOAT,
    mass_empty FLOAT,
    mass_loadout FLOAT,
    mass_total FLOAT
);

CREATE TABLE IF NOT EXISTS ship_resistances (
    id UUID PRIMARY KEY DEFAULT gen_random_uuid(),
    ship_id UUID UNIQUE NOT NULL REFERENCES ships(id) ON DELETE CASCADE,
    armor_hp FLOAT,
    dmg_mult_physical FLOAT,
    dmg_mult_energy FLOAT,
    dmg_mult_distortion FLOAT,
    dmg_mult_thermal FLOAT,
    dmg_mult_biochemical FLOAT,
    dmg_mult_stun FLOAT,
    sig_mult_cross_section FLOAT,
    sig_mult_infrared FLOAT,
    sig_mult_electromagnetic FLOAT,
    pen_resist_base FLOAT,
    pen_resist_physical FLOAT,
    pen_resist_energy FLOAT,
    pen_resist_distortion FLOAT,
    base_em_signature FLOAT,
    base_ir_signature FLOAT,
    base_cs_signature FLOAT,
    cross_section_x FLOAT,
    cross_section_y FLOAT,
    cross_section_z FLOAT,
    em_total_shields FLOAT,
    em_total_quantum FLOAT,
    ir_total_shields FLOAT,
    ir_total_quantum FLOAT
);

CREATE TABLE IF NOT EXISTS ship_fuel (
    id UUID PRIMARY KEY DEFAULT gen_random_uuid(),
    ship_id UUID UNIQUE NOT NULL REFERENCES ships(id) ON DELETE CASCADE,
    hydrogen_capacity FLOAT,
    fuel_intake_rate FLOAT,
    fuel_usage_main FLOAT,
    fuel_usage_retro FLOAT,
    fuel_usage_maneuvering FLOAT,
    maneuvering_time_till_empty FLOAT,
    intake_to_main_ratio FLOAT,
    quantum_capacity FLOAT,
    quantum_range FLOAT,
    quantum_speed FLOAT,
    quantum_spool_time FLOAT,
    quantum_travel_time_po FLOAT,
    quantum_fuel_usage_po FLOAT,
    thrust_main FLOAT,
    thrust_retro FLOAT,
    thrust_maneuvering FLOAT,
    power_generation FLOAT,
    power_used_shields FLOAT,
    power_used_quantum FLOAT,
    cooling_generation FLOAT,
    cooling_used_shields FLOAT,
    cooling_used_quantum FLOAT,
    shield_hp_total FLOAT,
    shield_regen_total FLOAT
);

CREATE TABLE IF NOT EXISTS ship_insurance (
    id UUID PRIMARY KEY DEFAULT gen_random_uuid(),
    ship_id UUID UNIQUE NOT NULL REFERENCES ships(id) ON DELETE CASCADE,
    expedited_cost FLOAT,
    expedited_claim_time FLOAT,
    standard_claim_time FLOAT
);


BEGIN;

INSERT INTO ship_flight_stats (ship_id, scm_speed, max_speed, boost_speed_forward, boost_speed_backward, pitch, yaw, roll, pitch_boosted, yaw_boosted, roll_boosted, accel_forward, accel_backward, accel_up, accel_down, accel_strafe, accel_forward_g, accel_backward_g, accel_up_g, accel_down_g, accel_strafe_g, boost_mult_forward, boost_mult_backward, boost_mult_up, boost_mult_strafe, boost_capacitor_max, boost_regen_per_sec, boost_regen_time, zero_to_scm, zero_to_max, scm_to_zero, mass_empty, mass_loadout, mass_total) VALUES ((SELECT id FROM ships WHERE reference = 'AEGS_Avenger_Stalker'), 262, 1425, 610, 280, 53, 48, 190, 63.6, 57.6, 228, 103.05, 0.86, 0, 0, 0, 10.51, 0.09, 0, 0, 0, 1.675, 1.3, 1.35, 1.35, 20, 0.75, 26.9, 2.54, 13.83, 304.65, 48986, 6296, 55282) ON CONFLICT (ship_id) DO NOTHING;
INSERT INTO ship_resistances (ship_id, armor_hp, dmg_mult_physical, dmg_mult_energy, dmg_mult_distortion, dmg_mult_thermal, dmg_mult_biochemical, dmg_mult_stun, sig_mult_cross_section, sig_mult_infrared, sig_mult_electromagnetic, pen_resist_base, pen_resist_physical, pen_resist_energy, pen_resist_distortion, base_em_signature, base_ir_signature, base_cs_signature, cross_section_x, cross_section_y, cross_section_z, em_total_shields, em_total_quantum, ir_total_shields, ir_total_quantum) VALUES ((SELECT id FROM ships WHERE reference = 'AEGS_Avenger_Stalker'), 1540, 0.8, 0.65, 1, 1, 1, 1, 1.1, 1.1, 1.1, 1, 1, 1, 0, 16527, 6835, NULL, 5923, 2028, 8114, 16527, 32477, 6835, 6835) ON CONFLICT (ship_id) DO NOTHING;
INSERT INTO ship_fuel (ship_id, hydrogen_capacity, fuel_intake_rate, fuel_usage_main, fuel_usage_retro, fuel_usage_maneuvering, maneuvering_time_till_empty, intake_to_main_ratio, quantum_capacity, quantum_range, quantum_speed, quantum_spool_time, quantum_travel_time_po, quantum_fuel_usage_po, thrust_main, thrust_retro, thrust_maneuvering, power_generation, power_used_shields, power_used_quantum, cooling_generation, cooling_used_shields, cooling_used_quantum, shield_hp_total, shield_regen_total) VALUES ((SELECT id FROM ships WHERE reference = 'AEGS_Avenger_Stalker'), 9000, 0, 32.46, 0.27, 25.36, 199.38, 0, 1100, 112244897959, 165000000, 4, 254, 411, 5047832, 41981.96, 8116512, 14, 21.1, 19.1, 68, 29.1, 29.1, 5610, 351) ON CONFLICT (ship_id) DO NOTHING;
INSERT INTO ship_insurance (ship_id, expedited_cost, expedited_claim_time, standard_claim_time) VALUES ((SELECT id FROM ships WHERE reference = 'AEGS_Avenger_Stalker'), 2658, 1.62, 4.86) ON CONFLICT (ship_id) DO NOTHING;
INSERT INTO ship_flight_stats (ship_id, scm_speed, max_speed, boost_speed_forward, boost_speed_backward, pitch, yaw, roll, pitch_boosted, yaw_boosted, roll_boosted, accel_forward, accel_backward, accel_up, accel_down, accel_strafe, accel_forward_g, accel_backward_g, accel_up_g, accel_down_g, accel_strafe_g, boost_mult_forward, boost_mult_backward, boost_mult_up, boost_mult_strafe, boost_capacitor_max, boost_regen_per_sec, boost_regen_time, zero_to_scm, zero_to_max, scm_to_zero, mass_empty, mass_loadout, mass_total) VALUES ((SELECT id FROM ships WHERE reference = 'AEGS_Avenger_Titan'), 262, 1425, 610, 280, 53, 48, 190, 63.6, 57.6, 228, 103.04, 0.86, 0, 0, 0, 10.51, 0.09, 0, 0, 0, 1.675, 1.3, 1.35, 1.35, 20, 0.75, 26.9, 2.54, 13.83, 304.65, 48987, 6684, 55671) ON CONFLICT (ship_id) DO NOTHING;
INSERT INTO ship_resistances (ship_id, armor_hp, dmg_mult_physical, dmg_mult_energy, dmg_mult_distortion, dmg_mult_thermal, dmg_mult_biochemical, dmg_mult_stun, sig_mult_cross_section, sig_mult_infrared, sig_mult_electromagnetic, pen_resist_base, pen_resist_physical, pen_resist_energy, pen_resist_distortion, base_em_signature, base_ir_signature, base_cs_signature, cross_section_x, cross_section_y, cross_section_z, em_total_shields, em_total_quantum, ir_total_shields, ir_total_quantum) VALUES ((SELECT id FROM ships WHERE reference = 'AEGS_Avenger_Titan'), 3300, 0.8, 0.65, 1, 1, 1, 1, 1.1, 1.1, 1.1, 1, 1, 1, 0, 24227, 8714, NULL, 5561, 1904, 7617, 24227, 37449, 8714, 6835) ON CONFLICT (ship_id) DO NOTHING;
INSERT INTO ship_fuel (ship_id, hydrogen_capacity, fuel_intake_rate, fuel_usage_main, fuel_usage_retro, fuel_usage_maneuvering, maneuvering_time_till_empty, intake_to_main_ratio, quantum_capacity, quantum_range, quantum_speed, quantum_spool_time, quantum_travel_time_po, quantum_fuel_usage_po, thrust_main, thrust_retro, thrust_maneuvering, power_generation, power_used_shields, power_used_quantum, cooling_generation, cooling_used_shields, cooling_used_quantum, shield_hp_total, shield_regen_total) VALUES ((SELECT id FROM ships WHERE reference = 'AEGS_Avenger_Titan'), 9000, 22, 32.46, 0.27, 25.36, 199.38, 0.68, 1100, 112244897959, 165000000, 4, 254, 411, 5047832, 41981.96, 8116512, 15, 25.1, 19.1, 68, 37.1, 29.1, 5400, 339) ON CONFLICT (ship_id) DO NOTHING;
INSERT INTO ship_insurance (ship_id, expedited_cost, expedited_claim_time, standard_claim_time) VALUES ((SELECT id FROM ships WHERE reference = 'AEGS_Avenger_Titan'), 2343, 1.35, 4.05) ON CONFLICT (ship_id) DO NOTHING;
INSERT INTO ship_flight_stats (ship_id, scm_speed, max_speed, boost_speed_forward, boost_speed_backward, pitch, yaw, roll, pitch_boosted, yaw_boosted, roll_boosted, accel_forward, accel_backward, accel_up, accel_down, accel_strafe, accel_forward_g, accel_backward_g, accel_up_g, accel_down_g, accel_strafe_g, boost_mult_forward, boost_mult_backward, boost_mult_up, boost_mult_strafe, boost_capacitor_max, boost_regen_per_sec, boost_regen_time, zero_to_scm, zero_to_max, scm_to_zero, mass_empty, mass_loadout, mass_total) VALUES ((SELECT id FROM ships WHERE reference = 'AEGS_Avenger_Titan_Renegade'), 262, 1425, 610, 280, 53, 48, 190, 63.6, 57.6, 228, 103.05, 0.86, 0, 0, 0, 10.51, 0.09, 0, 0, 0, 1.675, 1.3, 1.35, 1.35, 20, 0.75, 26.9, 2.54, 13.83, 304.65, 48986, 6851, 55837) ON CONFLICT (ship_id) DO NOTHING;
INSERT INTO ship_resistances (ship_id, armor_hp, dmg_mult_physical, dmg_mult_energy, dmg_mult_distortion, dmg_mult_thermal, dmg_mult_biochemical, dmg_mult_stun, sig_mult_cross_section, sig_mult_infrared, sig_mult_electromagnetic, pen_resist_base, pen_resist_physical, pen_resist_energy, pen_resist_distortion, base_em_signature, base_ir_signature, base_cs_signature, cross_section_x, cross_section_y, cross_section_z, em_total_shields, em_total_quantum, ir_total_shields, ir_total_quantum) VALUES ((SELECT id FROM ships WHERE reference = 'AEGS_Avenger_Titan_Renegade'), 3300, 0.8, 0.65, 1, 1, 1, 1, 1.1, 1.1, 1.1, 1, 1, 1, 0, 24430, 8714, NULL, 5561, 1904, 7617, 24430, 37652, 8714, 6835) ON CONFLICT (ship_id) DO NOTHING;
INSERT INTO ship_fuel (ship_id, hydrogen_capacity, fuel_intake_rate, fuel_usage_main, fuel_usage_retro, fuel_usage_maneuvering, maneuvering_time_till_empty, intake_to_main_ratio, quantum_capacity, quantum_range, quantum_speed, quantum_spool_time, quantum_travel_time_po, quantum_fuel_usage_po, thrust_main, thrust_retro, thrust_maneuvering, power_generation, power_used_shields, power_used_quantum, cooling_generation, cooling_used_shields, cooling_used_quantum, shield_hp_total, shield_regen_total) VALUES ((SELECT id FROM ships WHERE reference = 'AEGS_Avenger_Titan_Renegade'), 9000, 22, 32.46, 0.27, 25.36, 199.38, 0.68, 1100, 112244897959, 165000000, 4, 254, 411, 5047832, 41981.96, 8116512, 15, 25.1, 19.1, 68, 37.1, 29.1, 5400, 339) ON CONFLICT (ship_id) DO NOTHING;
INSERT INTO ship_insurance (ship_id, expedited_cost, expedited_claim_time, standard_claim_time) VALUES ((SELECT id FROM ships WHERE reference = 'AEGS_Avenger_Titan_Renegade'), 2343, 1.35, 4.05) ON CONFLICT (ship_id) DO NOTHING;
INSERT INTO ship_flight_stats (ship_id, scm_speed, max_speed, boost_speed_forward, boost_speed_backward, pitch, yaw, roll, pitch_boosted, yaw_boosted, roll_boosted, accel_forward, accel_backward, accel_up, accel_down, accel_strafe, accel_forward_g, accel_backward_g, accel_up_g, accel_down_g, accel_strafe_g, boost_mult_forward, boost_mult_backward, boost_mult_up, boost_mult_strafe, boost_capacitor_max, boost_regen_per_sec, boost_regen_time, zero_to_scm, zero_to_max, scm_to_zero, mass_empty, mass_loadout, mass_total) VALUES ((SELECT id FROM ships WHERE reference = 'AEGS_Avenger_Warlock'), 262, 1425, 610, 280, 53, 48, 190, 63.6, 57.6, 228, 110.35, 0.86, 0, 0, 0, 11.25, 0.09, 0, 0, 0, 1.675, 1.3, 1.35, 1.35, 20, 0.75, 26.9, 2.37, 12.91, 304.65, 48987, 10426, 59413) ON CONFLICT (ship_id) DO NOTHING;
INSERT INTO ship_resistances (ship_id, armor_hp, dmg_mult_physical, dmg_mult_energy, dmg_mult_distortion, dmg_mult_thermal, dmg_mult_biochemical, dmg_mult_stun, sig_mult_cross_section, sig_mult_infrared, sig_mult_electromagnetic, pen_resist_base, pen_resist_physical, pen_resist_energy, pen_resist_distortion, base_em_signature, base_ir_signature, base_cs_signature, cross_section_x, cross_section_y, cross_section_z, em_total_shields, em_total_quantum, ir_total_shields, ir_total_quantum) VALUES ((SELECT id FROM ships WHERE reference = 'AEGS_Avenger_Warlock'), 3300, 0.8, 0.65, 1, 1, 1, 1, 1.1, 1.1, 1.1, 1, 1, 1, 0, 19312, 6835, NULL, 5929, 2031, 8122, 19312, 35262, 6835, 6835) ON CONFLICT (ship_id) DO NOTHING;
INSERT INTO ship_fuel (ship_id, hydrogen_capacity, fuel_intake_rate, fuel_usage_main, fuel_usage_retro, fuel_usage_maneuvering, maneuvering_time_till_empty, intake_to_main_ratio, quantum_capacity, quantum_range, quantum_speed, quantum_spool_time, quantum_travel_time_po, quantum_fuel_usage_po, thrust_main, thrust_retro, thrust_maneuvering, power_generation, power_used_shields, power_used_quantum, cooling_generation, cooling_used_shields, cooling_used_quantum, shield_hp_total, shield_regen_total) VALUES ((SELECT id FROM ships WHERE reference = 'AEGS_Avenger_Warlock'), 9000, 0, 34.77, 0.27, 27.36, 185.76, 0, 1100, 112244897959, 165000000, 4, 254, 411, 5405678, 41963.94, 8756240, 16, 21.1, 19.1, 68, 29.1, 29.1, 5610, 351) ON CONFLICT (ship_id) DO NOTHING;
INSERT INTO ship_insurance (ship_id, expedited_cost, expedited_claim_time, standard_claim_time) VALUES ((SELECT id FROM ships WHERE reference = 'AEGS_Avenger_Warlock'), 2724, 1.62, 4.86) ON CONFLICT (ship_id) DO NOTHING;
INSERT INTO ship_flight_stats (ship_id, scm_speed, max_speed, boost_speed_forward, boost_speed_backward, pitch, yaw, roll, pitch_boosted, yaw_boosted, roll_boosted, accel_forward, accel_backward, accel_up, accel_down, accel_strafe, accel_forward_g, accel_backward_g, accel_up_g, accel_down_g, accel_strafe_g, boost_mult_forward, boost_mult_backward, boost_mult_up, boost_mult_strafe, boost_capacitor_max, boost_regen_per_sec, boost_regen_time, zero_to_scm, zero_to_max, scm_to_zero, mass_empty, mass_loadout, mass_total) VALUES ((SELECT id FROM ships WHERE reference = 'AEGS_Eclipse'), 210, 1100, 510, 215, 38, 31, 115, 45.6, 37.2, 138, 78.71, 4.37, 0, 0, 0, 8.03, 0.45, 0, 0, 0, 1.5, 1.4, 1.3, 1.35, 20, 0.75, 27.3, 2.67, 13.98, 48.05, 45720, 12843, 58563) ON CONFLICT (ship_id) DO NOTHING;
INSERT INTO ship_resistances (ship_id, armor_hp, dmg_mult_physical, dmg_mult_energy, dmg_mult_distortion, dmg_mult_thermal, dmg_mult_biochemical, dmg_mult_stun, sig_mult_cross_section, sig_mult_infrared, sig_mult_electromagnetic, pen_resist_base, pen_resist_physical, pen_resist_energy, pen_resist_distortion, base_em_signature, base_ir_signature, base_cs_signature, cross_section_x, cross_section_y, cross_section_z, em_total_shields, em_total_quantum, ir_total_shields, ir_total_quantum) VALUES ((SELECT id FROM ships WHERE reference = 'AEGS_Eclipse'), 3080, 0.75, 0.6, 1, 1, 1, 1, 0.6, 0.6, 0.6, 1, 1, 1, 0, 4092, 1474, NULL, 7276, 895, 4086, 4092, 8292, 1474, 1474) ON CONFLICT (ship_id) DO NOTHING;
INSERT INTO ship_fuel (ship_id, hydrogen_capacity, fuel_intake_rate, fuel_usage_main, fuel_usage_retro, fuel_usage_maneuvering, maneuvering_time_till_empty, intake_to_main_ratio, quantum_capacity, quantum_range, quantum_speed, quantum_spool_time, quantum_travel_time_po, quantum_fuel_usage_po, thrust_main, thrust_retro, thrust_maneuvering, power_generation, power_used_shields, power_used_quantum, cooling_generation, cooling_used_shields, cooling_used_quantum, shield_hp_total, shield_regen_total) VALUES ((SELECT id FROM ships WHERE reference = 'AEGS_Eclipse'), 9000, 0, 23.58, 1.31, 17.31, 279.2, 0, 1800, 108043217287, 140000000, 4, 299, 699, 3598454, 199914.1, 5537620.800000001, 13, 15.2, 13.2, 44, 23.2, 23.2, 5610, 371) ON CONFLICT (ship_id) DO NOTHING;
INSERT INTO ship_insurance (ship_id, expedited_cost, expedited_claim_time, standard_claim_time) VALUES ((SELECT id FROM ships WHERE reference = 'AEGS_Eclipse'), 17643, 5.51, 16.54) ON CONFLICT (ship_id) DO NOTHING;
INSERT INTO ship_flight_stats (ship_id, scm_speed, max_speed, boost_speed_forward, boost_speed_backward, pitch, yaw, roll, pitch_boosted, yaw_boosted, roll_boosted, accel_forward, accel_backward, accel_up, accel_down, accel_strafe, accel_forward_g, accel_backward_g, accel_up_g, accel_down_g, accel_strafe_g, boost_mult_forward, boost_mult_backward, boost_mult_up, boost_mult_strafe, boost_capacitor_max, boost_regen_per_sec, boost_regen_time, zero_to_scm, zero_to_max, scm_to_zero, mass_empty, mass_loadout, mass_total) VALUES ((SELECT id FROM ships WHERE reference = 'AEGS_Eclipse_BIS2950'), 210, 1100, 510, 215, 38, 31, 115, 45.6, 37.2, 138, 78.71, 4.37, 0, 0, 0, 8.03, 0.45, 0, 0, 0, 1.5, 1.4, 1.3, 1.35, 20, 0.75, 27.3, 2.67, 13.98, 48.05, 45720, 12843, 58563) ON CONFLICT (ship_id) DO NOTHING;
INSERT INTO ship_resistances (ship_id, armor_hp, dmg_mult_physical, dmg_mult_energy, dmg_mult_distortion, dmg_mult_thermal, dmg_mult_biochemical, dmg_mult_stun, sig_mult_cross_section, sig_mult_infrared, sig_mult_electromagnetic, pen_resist_base, pen_resist_physical, pen_resist_energy, pen_resist_distortion, base_em_signature, base_ir_signature, base_cs_signature, cross_section_x, cross_section_y, cross_section_z, em_total_shields, em_total_quantum, ir_total_shields, ir_total_quantum) VALUES ((SELECT id FROM ships WHERE reference = 'AEGS_Eclipse_BIS2950'), 3080, 0.75, 0.6, 1, 1, 1, 1, 0.6, 0.6, 0.6, 1, 1, 1, 0, 4092, 1474, NULL, 7276, 895, 4086, 4092, 8292, 1474, 1474) ON CONFLICT (ship_id) DO NOTHING;
INSERT INTO ship_fuel (ship_id, hydrogen_capacity, fuel_intake_rate, fuel_usage_main, fuel_usage_retro, fuel_usage_maneuvering, maneuvering_time_till_empty, intake_to_main_ratio, quantum_capacity, quantum_range, quantum_speed, quantum_spool_time, quantum_travel_time_po, quantum_fuel_usage_po, thrust_main, thrust_retro, thrust_maneuvering, power_generation, power_used_shields, power_used_quantum, cooling_generation, cooling_used_shields, cooling_used_quantum, shield_hp_total, shield_regen_total) VALUES ((SELECT id FROM ships WHERE reference = 'AEGS_Eclipse_BIS2950'), 9000, 0, 23.58, 1.31, 17.31, 279.2, 0, 1800, 108043217287, 140000000, 4, 299, 699, 3598454, 199914.1, 5537620.800000001, 13, 15.2, 13.2, 44, 23.2, 23.2, 5610, 371) ON CONFLICT (ship_id) DO NOTHING;
INSERT INTO ship_insurance (ship_id, expedited_cost, expedited_claim_time, standard_claim_time) VALUES ((SELECT id FROM ships WHERE reference = 'AEGS_Eclipse_BIS2950'), 17643, 5.51, 16.54) ON CONFLICT (ship_id) DO NOTHING;
INSERT INTO ship_flight_stats (ship_id, scm_speed, max_speed, boost_speed_forward, boost_speed_backward, pitch, yaw, roll, pitch_boosted, yaw_boosted, roll_boosted, accel_forward, accel_backward, accel_up, accel_down, accel_strafe, accel_forward_g, accel_backward_g, accel_up_g, accel_down_g, accel_strafe_g, boost_mult_forward, boost_mult_backward, boost_mult_up, boost_mult_strafe, boost_capacitor_max, boost_regen_per_sec, boost_regen_time, zero_to_scm, zero_to_max, scm_to_zero, mass_empty, mass_loadout, mass_total) VALUES ((SELECT id FROM ships WHERE reference = 'AEGS_Gladius'), 226, 1193, 520, 268, 68, 52, 200, 81.6, 62.4, 240, 95.73, 3.95, 0, 0, 0, 9.76, 0.4, 0, 0, 0, 1.55, 1.4, 1.3, 1.3, 20, 0.75, 26.9, 2.36, 12.46, 57.22, 48552, 7059, 55611) ON CONFLICT (ship_id) DO NOTHING;
INSERT INTO ship_resistances (ship_id, armor_hp, dmg_mult_physical, dmg_mult_energy, dmg_mult_distortion, dmg_mult_thermal, dmg_mult_biochemical, dmg_mult_stun, sig_mult_cross_section, sig_mult_infrared, sig_mult_electromagnetic, pen_resist_base, pen_resist_physical, pen_resist_energy, pen_resist_distortion, base_em_signature, base_ir_signature, base_cs_signature, cross_section_x, cross_section_y, cross_section_z, em_total_shields, em_total_quantum, ir_total_shields, ir_total_quantum) VALUES ((SELECT id FROM ships WHERE reference = 'AEGS_Gladius'), 4125, 0.75, 0.6, 1, 1, 1, 1, 1.13, 1.13, 1.13, 1, 1, 1, 0, 22078, 8711, NULL, 6923, 1731, 8654, 22078, 40520, 8711, 7263) ON CONFLICT (ship_id) DO NOTHING;
INSERT INTO ship_fuel (ship_id, hydrogen_capacity, fuel_intake_rate, fuel_usage_main, fuel_usage_retro, fuel_usage_maneuvering, maneuvering_time_till_empty, intake_to_main_ratio, quantum_capacity, quantum_range, quantum_speed, quantum_spool_time, quantum_travel_time_po, quantum_fuel_usage_po, thrust_main, thrust_retro, thrust_maneuvering, power_generation, power_used_shields, power_used_quantum, cooling_generation, cooling_used_shields, cooling_used_quantum, shield_hp_total, shield_regen_total) VALUES ((SELECT id FROM ships WHERE reference = 'AEGS_Gladius'), 13500, 0, 29.89, 1.23, 32.81, 291.61, 0, 1300, 69817400644, 190000000, 4, 221, 781, 4648004, 192000, 10500000, 16, 24.1, 18.1, 68, 36.1, 30.1, 7920, 496) ON CONFLICT (ship_id) DO NOTHING;
INSERT INTO ship_insurance (ship_id, expedited_cost, expedited_claim_time, standard_claim_time) VALUES ((SELECT id FROM ships WHERE reference = 'AEGS_Gladius'), 2335, 1.94, 5.83) ON CONFLICT (ship_id) DO NOTHING;
INSERT INTO ship_flight_stats (ship_id, scm_speed, max_speed, boost_speed_forward, boost_speed_backward, pitch, yaw, roll, pitch_boosted, yaw_boosted, roll_boosted, accel_forward, accel_backward, accel_up, accel_down, accel_strafe, accel_forward_g, accel_backward_g, accel_up_g, accel_down_g, accel_strafe_g, boost_mult_forward, boost_mult_backward, boost_mult_up, boost_mult_strafe, boost_capacitor_max, boost_regen_per_sec, boost_regen_time, zero_to_scm, zero_to_max, scm_to_zero, mass_empty, mass_loadout, mass_total) VALUES ((SELECT id FROM ships WHERE reference = 'AEGS_Gladius_Dunlevy'), 226, 1193, 520, 268, 68, 52, 200, 81.6, 62.4, 240, 95.73, 3.95, 0, 0, 0, 9.76, 0.4, 0, 0, 0, 1.55, 1.4, 1.3, 1.3, 20, 0.75, 26.9, 2.36, 12.46, 57.22, 48552, 7059, 55611) ON CONFLICT (ship_id) DO NOTHING;
INSERT INTO ship_resistances (ship_id, armor_hp, dmg_mult_physical, dmg_mult_energy, dmg_mult_distortion, dmg_mult_thermal, dmg_mult_biochemical, dmg_mult_stun, sig_mult_cross_section, sig_mult_infrared, sig_mult_electromagnetic, pen_resist_base, pen_resist_physical, pen_resist_energy, pen_resist_distortion, base_em_signature, base_ir_signature, base_cs_signature, cross_section_x, cross_section_y, cross_section_z, em_total_shields, em_total_quantum, ir_total_shields, ir_total_quantum) VALUES ((SELECT id FROM ships WHERE reference = 'AEGS_Gladius_Dunlevy'), 4125, 0.75, 0.6, 1, 1, 1, 1, 1.13, 1.13, 1.13, 1, 1, 1, 0, 22086, 8502, NULL, 6923, 1731, 8654, 22086, 40528, 8502, 7089) ON CONFLICT (ship_id) DO NOTHING;
INSERT INTO ship_fuel (ship_id, hydrogen_capacity, fuel_intake_rate, fuel_usage_main, fuel_usage_retro, fuel_usage_maneuvering, maneuvering_time_till_empty, intake_to_main_ratio, quantum_capacity, quantum_range, quantum_speed, quantum_spool_time, quantum_travel_time_po, quantum_fuel_usage_po, thrust_main, thrust_retro, thrust_maneuvering, power_generation, power_used_shields, power_used_quantum, cooling_generation, cooling_used_shields, cooling_used_quantum, shield_hp_total, shield_regen_total) VALUES ((SELECT id FROM ships WHERE reference = 'AEGS_Gladius_Dunlevy'), 13500, 0, 29.89, 1.23, 32.81, 291.61, 0, 1300, 69817400644, 190000000, 4, 221, 781, 4648004, 192000, 10500000, 17, 24.1, 18.1, 76, 36.1, 30.1, 7920, 576) ON CONFLICT (ship_id) DO NOTHING;
INSERT INTO ship_insurance (ship_id, expedited_cost, expedited_claim_time, standard_claim_time) VALUES ((SELECT id FROM ships WHERE reference = 'AEGS_Gladius_Dunlevy'), 2335, 1.94, 5.83) ON CONFLICT (ship_id) DO NOTHING;
INSERT INTO ship_flight_stats (ship_id, scm_speed, max_speed, boost_speed_forward, boost_speed_backward, pitch, yaw, roll, pitch_boosted, yaw_boosted, roll_boosted, accel_forward, accel_backward, accel_up, accel_down, accel_strafe, accel_forward_g, accel_backward_g, accel_up_g, accel_down_g, accel_strafe_g, boost_mult_forward, boost_mult_backward, boost_mult_up, boost_mult_strafe, boost_capacitor_max, boost_regen_per_sec, boost_regen_time, zero_to_scm, zero_to_max, scm_to_zero, mass_empty, mass_loadout, mass_total) VALUES ((SELECT id FROM ships WHERE reference = 'AEGS_Gladius_PIR'), 226, 1193, 520, 268, 68, 52, 200, 81.6, 62.4, 240, 95.73, 3.95, 0, 0, 0, 9.76, 0.4, 0, 0, 0, 1.55, 1.4, 1.3, 1.3, 20, 0.75, 26.9, 2.36, 12.46, 57.22, 48552, 7269, 55821) ON CONFLICT (ship_id) DO NOTHING;
INSERT INTO ship_resistances (ship_id, armor_hp, dmg_mult_physical, dmg_mult_energy, dmg_mult_distortion, dmg_mult_thermal, dmg_mult_biochemical, dmg_mult_stun, sig_mult_cross_section, sig_mult_infrared, sig_mult_electromagnetic, pen_resist_base, pen_resist_physical, pen_resist_energy, pen_resist_distortion, base_em_signature, base_ir_signature, base_cs_signature, cross_section_x, cross_section_y, cross_section_z, em_total_shields, em_total_quantum, ir_total_shields, ir_total_quantum) VALUES ((SELECT id FROM ships WHERE reference = 'AEGS_Gladius_PIR'), 4125, 0.75, 0.6, 1, 1, 1, 1, 1.13, 1.13, 1.13, 1, 1, 1, 0, 22281, 8711, NULL, 6923, 1731, 8654, 22281, 36429, 8711, 6780) ON CONFLICT (ship_id) DO NOTHING;
INSERT INTO ship_fuel (ship_id, hydrogen_capacity, fuel_intake_rate, fuel_usage_main, fuel_usage_retro, fuel_usage_maneuvering, maneuvering_time_till_empty, intake_to_main_ratio, quantum_capacity, quantum_range, quantum_speed, quantum_spool_time, quantum_travel_time_po, quantum_fuel_usage_po, thrust_main, thrust_retro, thrust_maneuvering, power_generation, power_used_shields, power_used_quantum, cooling_generation, cooling_used_shields, cooling_used_quantum, shield_hp_total, shield_regen_total) VALUES ((SELECT id FROM ships WHERE reference = 'AEGS_Gladius_PIR'), 13500, 0, 29.89, 1.23, 32.81, 291.61, 0, 1300, 132653061224, 165000000, 4, 254, 411, 4648004, 192000, 10500000, 16, 24.1, 18.1, 68, 36.1, 28.1, 7920, 470) ON CONFLICT (ship_id) DO NOTHING;
INSERT INTO ship_insurance (ship_id, expedited_cost, expedited_claim_time, standard_claim_time) VALUES ((SELECT id FROM ships WHERE reference = 'AEGS_Gladius_PIR'), 2335, 1.94, 10.125) ON CONFLICT (ship_id) DO NOTHING;
INSERT INTO ship_flight_stats (ship_id, scm_speed, max_speed, boost_speed_forward, boost_speed_backward, pitch, yaw, roll, pitch_boosted, yaw_boosted, roll_boosted, accel_forward, accel_backward, accel_up, accel_down, accel_strafe, accel_forward_g, accel_backward_g, accel_up_g, accel_down_g, accel_strafe_g, boost_mult_forward, boost_mult_backward, boost_mult_up, boost_mult_strafe, boost_capacitor_max, boost_regen_per_sec, boost_regen_time, zero_to_scm, zero_to_max, scm_to_zero, mass_empty, mass_loadout, mass_total) VALUES ((SELECT id FROM ships WHERE reference = 'AEGS_Gladius_Valiant'), 226, 1193, 520, 268, 68, 52, 200, 81.6, 62.4, 240, 9268.02, 382.84, 0, 0, 0, 945.08, 39.04, 0, 0, 0, 1.55, 1.4, 1.3, 1.3, 20, 0.75, 26.9, 0.02, 0.13, 0.59, 502, 8605, 9107) ON CONFLICT (ship_id) DO NOTHING;
INSERT INTO ship_resistances (ship_id, armor_hp, dmg_mult_physical, dmg_mult_energy, dmg_mult_distortion, dmg_mult_thermal, dmg_mult_biochemical, dmg_mult_stun, sig_mult_cross_section, sig_mult_infrared, sig_mult_electromagnetic, pen_resist_base, pen_resist_physical, pen_resist_energy, pen_resist_distortion, base_em_signature, base_ir_signature, base_cs_signature, cross_section_x, cross_section_y, cross_section_z, em_total_shields, em_total_quantum, ir_total_shields, ir_total_quantum) VALUES ((SELECT id FROM ships WHERE reference = 'AEGS_Gladius_Valiant'), 4125, 0.75, 0.6, 1, 1, 1, 1, 1.13, 1.13, 1.13, 1, 1, 1, 0, 24779, 9169, NULL, 6923, 1731, 8654, 24779, 43221, 9169, 7721) ON CONFLICT (ship_id) DO NOTHING;
INSERT INTO ship_fuel (ship_id, hydrogen_capacity, fuel_intake_rate, fuel_usage_main, fuel_usage_retro, fuel_usage_maneuvering, maneuvering_time_till_empty, intake_to_main_ratio, quantum_capacity, quantum_range, quantum_speed, quantum_spool_time, quantum_travel_time_po, quantum_fuel_usage_po, thrust_main, thrust_retro, thrust_maneuvering, power_generation, power_used_shields, power_used_quantum, cooling_generation, cooling_used_shields, cooling_used_quantum, shield_hp_total, shield_regen_total) VALUES ((SELECT id FROM ships WHERE reference = 'AEGS_Gladius_Valiant'), 13500, 0, 29.89, 1.23, 32.81, 291.61, 0, 1300, 69817400644, 190000000, 4, 221, 781, 4648004, 192000, 10500000, 16, 26, 20, 68, 38, 32, 7920, 496) ON CONFLICT (ship_id) DO NOTHING;
INSERT INTO ship_insurance (ship_id, expedited_cost, expedited_claim_time, standard_claim_time) VALUES ((SELECT id FROM ships WHERE reference = 'AEGS_Gladius_Valiant'), 2934, 1.94, 5.83) ON CONFLICT (ship_id) DO NOTHING;
INSERT INTO ship_flight_stats (ship_id, scm_speed, max_speed, boost_speed_forward, boost_speed_backward, pitch, yaw, roll, pitch_boosted, yaw_boosted, roll_boosted, accel_forward, accel_backward, accel_up, accel_down, accel_strafe, accel_forward_g, accel_backward_g, accel_up_g, accel_down_g, accel_strafe_g, boost_mult_forward, boost_mult_backward, boost_mult_up, boost_mult_strafe, boost_capacitor_max, boost_regen_per_sec, boost_regen_time, zero_to_scm, zero_to_max, scm_to_zero, mass_empty, mass_loadout, mass_total) VALUES ((SELECT id FROM ships WHERE reference = 'AEGS_Hammerhead'), 160, 950, 320, 170, 20, 20, 30, 30, 30, 60, 51.21, 20.47, 0, 0, 0, 5.22, 2.09, 0, 0, 0, 1.5, 1.2, 1.3, 1.35, 20, 0.75, 27.8, 3.12, 18.55, 7.82, 4542311, 113686, 4655997) ON CONFLICT (ship_id) DO NOTHING;
INSERT INTO ship_resistances (ship_id, armor_hp, dmg_mult_physical, dmg_mult_energy, dmg_mult_distortion, dmg_mult_thermal, dmg_mult_biochemical, dmg_mult_stun, sig_mult_cross_section, sig_mult_infrared, sig_mult_electromagnetic, pen_resist_base, pen_resist_physical, pen_resist_energy, pen_resist_distortion, base_em_signature, base_ir_signature, base_cs_signature, cross_section_x, cross_section_y, cross_section_z, em_total_shields, em_total_quantum, ir_total_shields, ir_total_quantum) VALUES ((SELECT id FROM ships WHERE reference = 'AEGS_Hammerhead'), 32175, 0.7, 0.5, 1, 1, 1, 1, 1, 1, 1, 1, 1, 1, 0, 53429, 13257, NULL, 39312, 8392, 6037, 53429, 93069, 13257, 11186) ON CONFLICT (ship_id) DO NOTHING;
INSERT INTO ship_fuel (ship_id, hydrogen_capacity, fuel_intake_rate, fuel_usage_main, fuel_usage_retro, fuel_usage_maneuvering, maneuvering_time_till_empty, intake_to_main_ratio, quantum_capacity, quantum_range, quantum_speed, quantum_spool_time, quantum_travel_time_po, quantum_fuel_usage_po, thrust_main, thrust_retro, thrust_maneuvering, power_generation, power_used_shields, power_used_quantum, cooling_generation, cooling_used_shields, cooling_used_quantum, shield_hp_total, shield_regen_total) VALUES ((SELECT id FROM ships WHERE reference = 'AEGS_Hammerhead'), 450000, 0, 1186.75, 474.5, 1338.75, 242.44, 0, 6600, 170807453416, 319000000, 7, 131, 1620, 232600000, 93000000, 428400000, 30, 46, 36, 112, 64, 54, 180000, 11286) ON CONFLICT (ship_id) DO NOTHING;
INSERT INTO ship_insurance (ship_id, expedited_cost, expedited_claim_time, standard_claim_time) VALUES ((SELECT id FROM ships WHERE reference = 'AEGS_Hammerhead'), 24582, 16.2, 48.6) ON CONFLICT (ship_id) DO NOTHING;
INSERT INTO ship_flight_stats (ship_id, scm_speed, max_speed, boost_speed_forward, boost_speed_backward, pitch, yaw, roll, pitch_boosted, yaw_boosted, roll_boosted, accel_forward, accel_backward, accel_up, accel_down, accel_strafe, accel_forward_g, accel_backward_g, accel_up_g, accel_down_g, accel_strafe_g, boost_mult_forward, boost_mult_backward, boost_mult_up, boost_mult_strafe, boost_capacitor_max, boost_regen_per_sec, boost_regen_time, zero_to_scm, zero_to_max, scm_to_zero, mass_empty, mass_loadout, mass_total) VALUES ((SELECT id FROM ships WHERE reference = 'AEGS_Hammerhead_Showdown'), 160, 950, 320, 170, 20, 20, 30, 30, 30, 60, 51.21, 20.47, 0, 0, 0, 5.22, 2.09, 0, 0, 0, 1.5, 1.2, 1.3, 1.35, 20, 0.75, 27.8, 3.12, 18.55, 7.82, 4542311, 113686, 4655997) ON CONFLICT (ship_id) DO NOTHING;
INSERT INTO ship_resistances (ship_id, armor_hp, dmg_mult_physical, dmg_mult_energy, dmg_mult_distortion, dmg_mult_thermal, dmg_mult_biochemical, dmg_mult_stun, sig_mult_cross_section, sig_mult_infrared, sig_mult_electromagnetic, pen_resist_base, pen_resist_physical, pen_resist_energy, pen_resist_distortion, base_em_signature, base_ir_signature, base_cs_signature, cross_section_x, cross_section_y, cross_section_z, em_total_shields, em_total_quantum, ir_total_shields, ir_total_quantum) VALUES ((SELECT id FROM ships WHERE reference = 'AEGS_Hammerhead_Showdown'), 32175, 0.7, 0.5, 1, 1, 1, 1, 1, 1, 1, 1, 1, 1, 0, 53429, 13257, NULL, 39312, 8392, 6037, 53429, 93069, 13257, 11186) ON CONFLICT (ship_id) DO NOTHING;
INSERT INTO ship_fuel (ship_id, hydrogen_capacity, fuel_intake_rate, fuel_usage_main, fuel_usage_retro, fuel_usage_maneuvering, maneuvering_time_till_empty, intake_to_main_ratio, quantum_capacity, quantum_range, quantum_speed, quantum_spool_time, quantum_travel_time_po, quantum_fuel_usage_po, thrust_main, thrust_retro, thrust_maneuvering, power_generation, power_used_shields, power_used_quantum, cooling_generation, cooling_used_shields, cooling_used_quantum, shield_hp_total, shield_regen_total) VALUES ((SELECT id FROM ships WHERE reference = 'AEGS_Hammerhead_Showdown'), 450000, 0, 1186.75, 474.5, 1338.75, 242.44, 0, 6600, 170807453416, 319000000, 7, 131, 1620, 232600000, 93000000, 428400000, 30, 46, 36, 112, 64, 54, 180000, 11286) ON CONFLICT (ship_id) DO NOTHING;
INSERT INTO ship_insurance (ship_id, expedited_cost, expedited_claim_time, standard_claim_time) VALUES ((SELECT id FROM ships WHERE reference = 'AEGS_Hammerhead_Showdown'), 24582, 16.2, 48.6) ON CONFLICT (ship_id) DO NOTHING;
INSERT INTO ship_flight_stats (ship_id, scm_speed, max_speed, boost_speed_forward, boost_speed_backward, pitch, yaw, roll, pitch_boosted, yaw_boosted, roll_boosted, accel_forward, accel_backward, accel_up, accel_down, accel_strafe, accel_forward_g, accel_backward_g, accel_up_g, accel_down_g, accel_strafe_g, boost_mult_forward, boost_mult_backward, boost_mult_up, boost_mult_strafe, boost_capacitor_max, boost_regen_per_sec, boost_regen_time, zero_to_scm, zero_to_max, scm_to_zero, mass_empty, mass_loadout, mass_total) VALUES ((SELECT id FROM ships WHERE reference = 'AEGS_Idris_M'), 110, 850, 220, 125, 7, 7, 12, 10.5, 10.5, 18, 19.92, 14.95, 0, 0, 0, 2.03, 1.52, 0, 0, 0, 1.5, 1.2, 1.3, 1.35, 1500, 50, 31.3, 5.52, 42.67, 7.36, 37854373, 498833, 38353206) ON CONFLICT (ship_id) DO NOTHING;
INSERT INTO ship_resistances (ship_id, armor_hp, dmg_mult_physical, dmg_mult_energy, dmg_mult_distortion, dmg_mult_thermal, dmg_mult_biochemical, dmg_mult_stun, sig_mult_cross_section, sig_mult_infrared, sig_mult_electromagnetic, pen_resist_base, pen_resist_physical, pen_resist_energy, pen_resist_distortion, base_em_signature, base_ir_signature, base_cs_signature, cross_section_x, cross_section_y, cross_section_z, em_total_shields, em_total_quantum, ir_total_shields, ir_total_quantum) VALUES ((SELECT id FROM ships WHERE reference = 'AEGS_Idris_M'), 109395, 0.75, 0.6, 1, 1, 1, 1, 1, 1, 1, 1, 1, 1, 0, 64860, 12647, NULL, 31000, 10000, 60000, 64860, 101200, 12647, 10882) ON CONFLICT (ship_id) DO NOTHING;
INSERT INTO ship_fuel (ship_id, hydrogen_capacity, fuel_intake_rate, fuel_usage_main, fuel_usage_retro, fuel_usage_maneuvering, maneuvering_time_till_empty, intake_to_main_ratio, quantum_capacity, quantum_range, quantum_speed, quantum_spool_time, quantum_travel_time_po, quantum_fuel_usage_po, thrust_main, thrust_retro, thrust_maneuvering, power_generation, power_used_shields, power_used_quantum, cooling_generation, cooling_used_shields, cooling_used_quantum, shield_hp_total, shield_regen_total) VALUES ((SELECT id FROM ships WHERE reference = 'AEGS_Idris_M'), 6400000, 0, 9425, 7075, 7637.5, 483.25, 0, 120000, 1957585644372, 718000000, 9, 58, 2570, 754000000, 566000000, 2444000000, 38, 59, 47, 204, 86, 74, 2640000, 76666) ON CONFLICT (ship_id) DO NOTHING;
INSERT INTO ship_insurance (ship_id, expedited_cost, expedited_claim_time, standard_claim_time) VALUES ((SELECT id FROM ships WHERE reference = 'AEGS_Idris_M'), 150990, 63.25, 253) ON CONFLICT (ship_id) DO NOTHING;
INSERT INTO ship_flight_stats (ship_id, scm_speed, max_speed, boost_speed_forward, boost_speed_backward, pitch, yaw, roll, pitch_boosted, yaw_boosted, roll_boosted, accel_forward, accel_backward, accel_up, accel_down, accel_strafe, accel_forward_g, accel_backward_g, accel_up_g, accel_down_g, accel_strafe_g, boost_mult_forward, boost_mult_backward, boost_mult_up, boost_mult_strafe, boost_capacitor_max, boost_regen_per_sec, boost_regen_time, zero_to_scm, zero_to_max, scm_to_zero, mass_empty, mass_loadout, mass_total) VALUES ((SELECT id FROM ships WHERE reference = 'AEGS_Idris_P'), 110, 850, 220, 125, 7, 7, 12, 10.5, 10.5, 18, 19.92, 14.95, 0, 0, 0, 2.03, 1.52, 0, 0, 0, 1.5, 1.2, 1.3, 1.35, 1500, 50, 31.3, 5.52, 42.67, 7.36, 37854373, 438030, 38292403) ON CONFLICT (ship_id) DO NOTHING;
INSERT INTO ship_resistances (ship_id, armor_hp, dmg_mult_physical, dmg_mult_energy, dmg_mult_distortion, dmg_mult_thermal, dmg_mult_biochemical, dmg_mult_stun, sig_mult_cross_section, sig_mult_infrared, sig_mult_electromagnetic, pen_resist_base, pen_resist_physical, pen_resist_energy, pen_resist_distortion, base_em_signature, base_ir_signature, base_cs_signature, cross_section_x, cross_section_y, cross_section_z, em_total_shields, em_total_quantum, ir_total_shields, ir_total_quantum) VALUES ((SELECT id FROM ships WHERE reference = 'AEGS_Idris_P'), 109395, 0.75, 0.6, 1, 1, 1, 1, 1, 1, 1, 1, 1, 1, 0, 65440, 12647, NULL, 31000, 10000, 60000, 65440, 101780, 12647, 10882) ON CONFLICT (ship_id) DO NOTHING;
INSERT INTO ship_fuel (ship_id, hydrogen_capacity, fuel_intake_rate, fuel_usage_main, fuel_usage_retro, fuel_usage_maneuvering, maneuvering_time_till_empty, intake_to_main_ratio, quantum_capacity, quantum_range, quantum_speed, quantum_spool_time, quantum_travel_time_po, quantum_fuel_usage_po, thrust_main, thrust_retro, thrust_maneuvering, power_generation, power_used_shields, power_used_quantum, cooling_generation, cooling_used_shields, cooling_used_quantum, shield_hp_total, shield_regen_total) VALUES ((SELECT id FROM ships WHERE reference = 'AEGS_Idris_P'), 6400000, 0, 9425, 7075, 7637.5, 483.25, 0, 120000, 1957585644372, 718000000, 9, 58, 2570, 754000000, 566000000, 2444000000, 38, 59, 47, 204, 86, 74, 2640000, 76666) ON CONFLICT (ship_id) DO NOTHING;
INSERT INTO ship_insurance (ship_id, expedited_cost, expedited_claim_time, standard_claim_time) VALUES ((SELECT id FROM ships WHERE reference = 'AEGS_Idris_P'), 118580, 49.75, 199) ON CONFLICT (ship_id) DO NOTHING;
INSERT INTO ship_flight_stats (ship_id, scm_speed, max_speed, boost_speed_forward, boost_speed_backward, pitch, yaw, roll, pitch_boosted, yaw_boosted, roll_boosted, accel_forward, accel_backward, accel_up, accel_down, accel_strafe, accel_forward_g, accel_backward_g, accel_up_g, accel_down_g, accel_strafe_g, boost_mult_forward, boost_mult_backward, boost_mult_up, boost_mult_strafe, boost_capacitor_max, boost_regen_per_sec, boost_regen_time, zero_to_scm, zero_to_max, scm_to_zero, mass_empty, mass_loadout, mass_total) VALUES ((SELECT id FROM ships WHERE reference = 'AEGS_Idris_P_Collector_Military'), 110, 850, 220, 125, 7, 7, 12, 10.5, 10.5, 18, 19.92, 14.95, 0, 0, 0, 2.03, 1.52, 0, 0, 0, 1.5, 1.2, 1.3, 1.35, 1500, 50, 31.3, 5.52, 42.67, 7.36, 37854373, 428646, 38283019) ON CONFLICT (ship_id) DO NOTHING;
INSERT INTO ship_resistances (ship_id, armor_hp, dmg_mult_physical, dmg_mult_energy, dmg_mult_distortion, dmg_mult_thermal, dmg_mult_biochemical, dmg_mult_stun, sig_mult_cross_section, sig_mult_infrared, sig_mult_electromagnetic, pen_resist_base, pen_resist_physical, pen_resist_energy, pen_resist_distortion, base_em_signature, base_ir_signature, base_cs_signature, cross_section_x, cross_section_y, cross_section_z, em_total_shields, em_total_quantum, ir_total_shields, ir_total_quantum) VALUES ((SELECT id FROM ships WHERE reference = 'AEGS_Idris_P_Collector_Military'), 109395, 0.75, 0.6, 1, 1, 1, 1, 1, 1, 1, 1, 1, 1, 0, 65458, 12647, NULL, 31000, 10000, 60000, 65458, 101798, 12647, 10882) ON CONFLICT (ship_id) DO NOTHING;
INSERT INTO ship_fuel (ship_id, hydrogen_capacity, fuel_intake_rate, fuel_usage_main, fuel_usage_retro, fuel_usage_maneuvering, maneuvering_time_till_empty, intake_to_main_ratio, quantum_capacity, quantum_range, quantum_speed, quantum_spool_time, quantum_travel_time_po, quantum_fuel_usage_po, thrust_main, thrust_retro, thrust_maneuvering, power_generation, power_used_shields, power_used_quantum, cooling_generation, cooling_used_shields, cooling_used_quantum, shield_hp_total, shield_regen_total) VALUES ((SELECT id FROM ships WHERE reference = 'AEGS_Idris_P_Collector_Military'), 6400000, 0, 9425, 7075, 7637.5, 483.25, 0, 120000, 1957585644372, 718000000, 9, 58, 2570, 754000000, 566000000, 2444000000, 38, 59, 47, 204, 86, 74, 2640000, 76666) ON CONFLICT (ship_id) DO NOTHING;
INSERT INTO ship_insurance (ship_id, expedited_cost, expedited_claim_time, standard_claim_time) VALUES ((SELECT id FROM ships WHERE reference = 'AEGS_Idris_P_Collector_Military'), 118580, 49.75, 199) ON CONFLICT (ship_id) DO NOTHING;
INSERT INTO ship_flight_stats (ship_id, scm_speed, max_speed, boost_speed_forward, boost_speed_backward, pitch, yaw, roll, pitch_boosted, yaw_boosted, roll_boosted, accel_forward, accel_backward, accel_up, accel_down, accel_strafe, accel_forward_g, accel_backward_g, accel_up_g, accel_down_g, accel_strafe_g, boost_mult_forward, boost_mult_backward, boost_mult_up, boost_mult_strafe, boost_capacitor_max, boost_regen_per_sec, boost_regen_time, zero_to_scm, zero_to_max, scm_to_zero, mass_empty, mass_loadout, mass_total) VALUES ((SELECT id FROM ships WHERE reference = 'AEGS_Idris_P_FW_25'), 110, 850, 220, 125, 7, 7, 12, 10.5, 10.5, 18, 19.92, 14.95, 0, 0, 0, 2.03, 1.52, 0, 0, 0, 1.5, 1.2, 1.3, 1.35, 1500, 50, 31.3, 5.52, 42.67, 7.36, 37854373, 438030, 38292403) ON CONFLICT (ship_id) DO NOTHING;
INSERT INTO ship_resistances (ship_id, armor_hp, dmg_mult_physical, dmg_mult_energy, dmg_mult_distortion, dmg_mult_thermal, dmg_mult_biochemical, dmg_mult_stun, sig_mult_cross_section, sig_mult_infrared, sig_mult_electromagnetic, pen_resist_base, pen_resist_physical, pen_resist_energy, pen_resist_distortion, base_em_signature, base_ir_signature, base_cs_signature, cross_section_x, cross_section_y, cross_section_z, em_total_shields, em_total_quantum, ir_total_shields, ir_total_quantum) VALUES ((SELECT id FROM ships WHERE reference = 'AEGS_Idris_P_FW_25'), 109395, 0.75, 0.6, 1, 1, 1, 1, 1, 1, 1, 1, 1, 1, 0, 65440, 12647, NULL, 31000, 10000, 60000, 65440, 101780, 12647, 10882) ON CONFLICT (ship_id) DO NOTHING;
INSERT INTO ship_fuel (ship_id, hydrogen_capacity, fuel_intake_rate, fuel_usage_main, fuel_usage_retro, fuel_usage_maneuvering, maneuvering_time_till_empty, intake_to_main_ratio, quantum_capacity, quantum_range, quantum_speed, quantum_spool_time, quantum_travel_time_po, quantum_fuel_usage_po, thrust_main, thrust_retro, thrust_maneuvering, power_generation, power_used_shields, power_used_quantum, cooling_generation, cooling_used_shields, cooling_used_quantum, shield_hp_total, shield_regen_total) VALUES ((SELECT id FROM ships WHERE reference = 'AEGS_Idris_P_FW_25'), 6400000, 0, 9425, 7075, 7637.5, 483.25, 0, 120000, 1957585644372, 718000000, 9, 58, 2570, 754000000, 566000000, 2444000000, 38, 59, 47, 204, 86, 74, 2640000, 76666) ON CONFLICT (ship_id) DO NOTHING;
INSERT INTO ship_insurance (ship_id, expedited_cost, expedited_claim_time, standard_claim_time) VALUES ((SELECT id FROM ships WHERE reference = 'AEGS_Idris_P_FW_25'), 118580, 49.75, 199) ON CONFLICT (ship_id) DO NOTHING;
INSERT INTO ship_flight_stats (ship_id, scm_speed, max_speed, boost_speed_forward, boost_speed_backward, pitch, yaw, roll, pitch_boosted, yaw_boosted, roll_boosted, accel_forward, accel_backward, accel_up, accel_down, accel_strafe, accel_forward_g, accel_backward_g, accel_up_g, accel_down_g, accel_strafe_g, boost_mult_forward, boost_mult_backward, boost_mult_up, boost_mult_strafe, boost_capacitor_max, boost_regen_per_sec, boost_regen_time, zero_to_scm, zero_to_max, scm_to_zero, mass_empty, mass_loadout, mass_total) VALUES ((SELECT id FROM ships WHERE reference = 'AEGS_Javelin'), 50, 900, 290, 230, 7, 8, 15, 21, 24, 45, 22.81, 7.02, 0, 0, 0, 2.33, 0.72, 0, 0, 0, 2, 2, 2, 2, 1500, 50, 31.3, 2.19, 39.46, 7.12, 111080494, 3761479, 114841973) ON CONFLICT (ship_id) DO NOTHING;
INSERT INTO ship_resistances (ship_id, armor_hp, dmg_mult_physical, dmg_mult_energy, dmg_mult_distortion, dmg_mult_thermal, dmg_mult_biochemical, dmg_mult_stun, sig_mult_cross_section, sig_mult_infrared, sig_mult_electromagnetic, pen_resist_base, pen_resist_physical, pen_resist_energy, pen_resist_distortion, base_em_signature, base_ir_signature, base_cs_signature, cross_section_x, cross_section_y, cross_section_z, em_total_shields, em_total_quantum, ir_total_shields, ir_total_quantum) VALUES ((SELECT id FROM ships WHERE reference = 'AEGS_Javelin'), 147263, 0.75, 0.6, 1, 1, 1, 1, 1, 1, 1, 1, 1, 1, 0, 70379, 16216, NULL, 35000, 12000, 66000, 70379, 119919, 16216, 13784) ON CONFLICT (ship_id) DO NOTHING;
INSERT INTO ship_fuel (ship_id, hydrogen_capacity, fuel_intake_rate, fuel_usage_main, fuel_usage_retro, fuel_usage_maneuvering, maneuvering_time_till_empty, intake_to_main_ratio, quantum_capacity, quantum_range, quantum_speed, quantum_spool_time, quantum_travel_time_po, quantum_fuel_usage_po, thrust_main, thrust_retro, thrust_maneuvering, power_generation, power_used_shields, power_used_quantum, cooling_generation, cooling_used_shields, cooling_used_quantum, shield_hp_total, shield_regen_total) VALUES ((SELECT id FROM ships WHERE reference = 'AEGS_Javelin'), 20000000, 0, 31667.37, 9754.13, 3695.76, 596.74, 0, 80000, 1305057096248, 876000000, 9, 48, 2570, 2533389800, 780330400, 1182644000, 76, 62, 50, 296, 80, 68, 10560000, 191664) ON CONFLICT (ship_id) DO NOTHING;
INSERT INTO ship_insurance (ship_id, expedited_cost, expedited_claim_time, standard_claim_time) VALUES ((SELECT id FROM ships WHERE reference = 'AEGS_Javelin'), 84375, 56.25, 168.75) ON CONFLICT (ship_id) DO NOTHING;
INSERT INTO ship_flight_stats (ship_id, scm_speed, max_speed, boost_speed_forward, boost_speed_backward, pitch, yaw, roll, pitch_boosted, yaw_boosted, roll_boosted, accel_forward, accel_backward, accel_up, accel_down, accel_strafe, accel_forward_g, accel_backward_g, accel_up_g, accel_down_g, accel_strafe_g, boost_mult_forward, boost_mult_backward, boost_mult_up, boost_mult_strafe, boost_capacitor_max, boost_regen_per_sec, boost_regen_time, zero_to_scm, zero_to_max, scm_to_zero, mass_empty, mass_loadout, mass_total) VALUES ((SELECT id FROM ships WHERE reference = 'AEGS_Reclaimer'), 110, 870, 290, 115, 11, 11, 14, 13.2, 13.2, 16.8, 20.51, 15.41, 0, 0, 0, 2.09, 1.57, 0, 0, 0, 1.35, 1.4, 1.4, 1.3, 20, 0.75, 27.8, 5.36, 42.42, 7.14, 9509854, 288142, 9797996) ON CONFLICT (ship_id) DO NOTHING;
INSERT INTO ship_resistances (ship_id, armor_hp, dmg_mult_physical, dmg_mult_energy, dmg_mult_distortion, dmg_mult_thermal, dmg_mult_biochemical, dmg_mult_stun, sig_mult_cross_section, sig_mult_infrared, sig_mult_electromagnetic, pen_resist_base, pen_resist_physical, pen_resist_energy, pen_resist_distortion, base_em_signature, base_ir_signature, base_cs_signature, cross_section_x, cross_section_y, cross_section_z, em_total_shields, em_total_quantum, ir_total_shields, ir_total_quantum) VALUES ((SELECT id FROM ships WHERE reference = 'AEGS_Reclaimer'), 41140, 0.7, 0.5, 1, 1, 1, 1, 1, 1, 1, 1, 1, 1, 0, 32856, 12435, NULL, 24656, 18111, 36221, 32856, 74486, 12435, 12020) ON CONFLICT (ship_id) DO NOTHING;
INSERT INTO ship_fuel (ship_id, hydrogen_capacity, fuel_intake_rate, fuel_usage_main, fuel_usage_retro, fuel_usage_maneuvering, maneuvering_time_till_empty, intake_to_main_ratio, quantum_capacity, quantum_range, quantum_speed, quantum_spool_time, quantum_travel_time_po, quantum_fuel_usage_po, thrust_main, thrust_retro, thrust_maneuvering, power_generation, power_used_shields, power_used_quantum, cooling_generation, cooling_used_shields, cooling_used_quantum, shield_hp_total, shield_regen_total) VALUES ((SELECT id FROM ships WHERE reference = 'AEGS_Reclaimer'), 1754000, 200, 3096.57, 795.28, 1828.75, 437.3, 0.06, 8600, 222567287785, 319000000, 7, 131, 1620, 195000000, 146500000, 585200000, 28, 43, 37, 69, 60, 58, 243000, 11761) ON CONFLICT (ship_id) DO NOTHING;
INSERT INTO ship_insurance (ship_id, expedited_cost, expedited_claim_time, standard_claim_time) VALUES ((SELECT id FROM ships WHERE reference = 'AEGS_Reclaimer'), 12555, 10.23, 30.69) ON CONFLICT (ship_id) DO NOTHING;
INSERT INTO ship_flight_stats (ship_id, scm_speed, max_speed, boost_speed_forward, boost_speed_backward, pitch, yaw, roll, pitch_boosted, yaw_boosted, roll_boosted, accel_forward, accel_backward, accel_up, accel_down, accel_strafe, accel_forward_g, accel_backward_g, accel_up_g, accel_down_g, accel_strafe_g, boost_mult_forward, boost_mult_backward, boost_mult_up, boost_mult_strafe, boost_capacitor_max, boost_regen_per_sec, boost_regen_time, zero_to_scm, zero_to_max, scm_to_zero, mass_empty, mass_loadout, mass_total) VALUES ((SELECT id FROM ships WHERE reference = 'AEGS_Reclaimer_Showdown'), 110, 870, 290, 115, 11, 11, 14, 13.2, 13.2, 16.8, 20.51, 15.41, 0, 0, 0, 2.09, 1.57, 0, 0, 0, 1.35, 1.4, 1.4, 1.3, 20, 0.75, 27.8, 5.36, 42.42, 7.14, 9509854, 288142, 9797996) ON CONFLICT (ship_id) DO NOTHING;
INSERT INTO ship_resistances (ship_id, armor_hp, dmg_mult_physical, dmg_mult_energy, dmg_mult_distortion, dmg_mult_thermal, dmg_mult_biochemical, dmg_mult_stun, sig_mult_cross_section, sig_mult_infrared, sig_mult_electromagnetic, pen_resist_base, pen_resist_physical, pen_resist_energy, pen_resist_distortion, base_em_signature, base_ir_signature, base_cs_signature, cross_section_x, cross_section_y, cross_section_z, em_total_shields, em_total_quantum, ir_total_shields, ir_total_quantum) VALUES ((SELECT id FROM ships WHERE reference = 'AEGS_Reclaimer_Showdown'), 41140, 0.7, 0.5, 1, 1, 1, 1, 1, 1, 1, 1, 1, 1, 0, 32856, 12435, NULL, 24656, 18111, 36221, 32856, 74486, 12435, 12020) ON CONFLICT (ship_id) DO NOTHING;
INSERT INTO ship_fuel (ship_id, hydrogen_capacity, fuel_intake_rate, fuel_usage_main, fuel_usage_retro, fuel_usage_maneuvering, maneuvering_time_till_empty, intake_to_main_ratio, quantum_capacity, quantum_range, quantum_speed, quantum_spool_time, quantum_travel_time_po, quantum_fuel_usage_po, thrust_main, thrust_retro, thrust_maneuvering, power_generation, power_used_shields, power_used_quantum, cooling_generation, cooling_used_shields, cooling_used_quantum, shield_hp_total, shield_regen_total) VALUES ((SELECT id FROM ships WHERE reference = 'AEGS_Reclaimer_Showdown'), 1754000, 200, 3096.57, 795.28, 1828.75, 437.3, 0.06, 8600, 222567287785, 319000000, 7, 131, 1620, 195000000, 146500000, 585200000, 28, 43, 37, 69, 60, 58, 243000, 11761) ON CONFLICT (ship_id) DO NOTHING;
INSERT INTO ship_insurance (ship_id, expedited_cost, expedited_claim_time, standard_claim_time) VALUES ((SELECT id FROM ships WHERE reference = 'AEGS_Reclaimer_Showdown'), 12555, 10.23, 30.69) ON CONFLICT (ship_id) DO NOTHING;
INSERT INTO ship_flight_stats (ship_id, scm_speed, max_speed, boost_speed_forward, boost_speed_backward, pitch, yaw, roll, pitch_boosted, yaw_boosted, roll_boosted, accel_forward, accel_backward, accel_up, accel_down, accel_strafe, accel_forward_g, accel_backward_g, accel_up_g, accel_down_g, accel_strafe_g, boost_mult_forward, boost_mult_backward, boost_mult_up, boost_mult_strafe, boost_capacitor_max, boost_regen_per_sec, boost_regen_time, zero_to_scm, zero_to_max, scm_to_zero, mass_empty, mass_loadout, mass_total) VALUES ((SELECT id FROM ships WHERE reference = 'AEGS_Reclaimer_Teach'), 110, 870, 290, 115, 11, 11, 14, 13.2, 13.2, 16.8, 20.51, 15.41, 0, 0, 0, 2.09, 1.57, 0, 0, 0, 1.35, 1.4, 1.4, 1.3, 20, 0.75, 27.8, 5.36, 42.42, 7.14, 9509854, 288142, 9797996) ON CONFLICT (ship_id) DO NOTHING;
INSERT INTO ship_resistances (ship_id, armor_hp, dmg_mult_physical, dmg_mult_energy, dmg_mult_distortion, dmg_mult_thermal, dmg_mult_biochemical, dmg_mult_stun, sig_mult_cross_section, sig_mult_infrared, sig_mult_electromagnetic, pen_resist_base, pen_resist_physical, pen_resist_energy, pen_resist_distortion, base_em_signature, base_ir_signature, base_cs_signature, cross_section_x, cross_section_y, cross_section_z, em_total_shields, em_total_quantum, ir_total_shields, ir_total_quantum) VALUES ((SELECT id FROM ships WHERE reference = 'AEGS_Reclaimer_Teach'), 41140, 0.7, 0.5, 1, 1, 1, 1, 1, 1, 1, 1, 1, 1, 0, 32856, 12435, NULL, 24656, 18111, 36221, 32856, 74486, 12435, 12020) ON CONFLICT (ship_id) DO NOTHING;
INSERT INTO ship_fuel (ship_id, hydrogen_capacity, fuel_intake_rate, fuel_usage_main, fuel_usage_retro, fuel_usage_maneuvering, maneuvering_time_till_empty, intake_to_main_ratio, quantum_capacity, quantum_range, quantum_speed, quantum_spool_time, quantum_travel_time_po, quantum_fuel_usage_po, thrust_main, thrust_retro, thrust_maneuvering, power_generation, power_used_shields, power_used_quantum, cooling_generation, cooling_used_shields, cooling_used_quantum, shield_hp_total, shield_regen_total) VALUES ((SELECT id FROM ships WHERE reference = 'AEGS_Reclaimer_Teach'), 1754000, 200, 3096.57, 795.28, 1828.75, 437.3, 0.06, 8600, 222567287785, 319000000, 7, 131, 1620, 195000000, 146500000, 585200000, 28, 43, 37, 69, 60, 58, 243000, 11761) ON CONFLICT (ship_id) DO NOTHING;
INSERT INTO ship_insurance (ship_id, expedited_cost, expedited_claim_time, standard_claim_time) VALUES ((SELECT id FROM ships WHERE reference = 'AEGS_Reclaimer_Teach'), 12555, 10.23, 30.69) ON CONFLICT (ship_id) DO NOTHING;
INSERT INTO ship_flight_stats (ship_id, scm_speed, max_speed, boost_speed_forward, boost_speed_backward, pitch, yaw, roll, pitch_boosted, yaw_boosted, roll_boosted, accel_forward, accel_backward, accel_up, accel_down, accel_strafe, accel_forward_g, accel_backward_g, accel_up_g, accel_down_g, accel_strafe_g, boost_mult_forward, boost_mult_backward, boost_mult_up, boost_mult_strafe, boost_capacitor_max, boost_regen_per_sec, boost_regen_time, zero_to_scm, zero_to_max, scm_to_zero, mass_empty, mass_loadout, mass_total) VALUES ((SELECT id FROM ships WHERE reference = 'AEGS_Redeemer'), 203, 1050, 400, 215, 36, 30, 115, 43.2, 36, 138, 73.63, 37.97, 0, 0, 0, 7.51, 3.87, 0, 0, 0, 1.3, 1.25, 1.3, 1.35, 20, 0.75, 27.7, 2.76, 14.26, 5.35, 420870, 45435, 466305) ON CONFLICT (ship_id) DO NOTHING;
INSERT INTO ship_resistances (ship_id, armor_hp, dmg_mult_physical, dmg_mult_energy, dmg_mult_distortion, dmg_mult_thermal, dmg_mult_biochemical, dmg_mult_stun, sig_mult_cross_section, sig_mult_infrared, sig_mult_electromagnetic, pen_resist_base, pen_resist_physical, pen_resist_energy, pen_resist_distortion, base_em_signature, base_ir_signature, base_cs_signature, cross_section_x, cross_section_y, cross_section_z, em_total_shields, em_total_quantum, ir_total_shields, ir_total_quantum) VALUES ((SELECT id FROM ships WHERE reference = 'AEGS_Redeemer'), 19800, 0.75, 0.6, 1, 1, 1, 1, 1, 1, 1, 1, 1, 1, 0, 41119, 11599, NULL, 12976, 3742, 27317, 41119, 64119, 11599, 9906) ON CONFLICT (ship_id) DO NOTHING;
INSERT INTO ship_fuel (ship_id, hydrogen_capacity, fuel_intake_rate, fuel_usage_main, fuel_usage_retro, fuel_usage_maneuvering, maneuvering_time_till_empty, intake_to_main_ratio, quantum_capacity, quantum_range, quantum_speed, quantum_spool_time, quantum_travel_time_po, quantum_fuel_usage_po, thrust_main, thrust_retro, thrust_maneuvering, power_generation, power_used_shields, power_used_quantum, cooling_generation, cooling_used_shields, cooling_used_quantum, shield_hp_total, shield_regen_total) VALUES ((SELECT id FROM ships WHERE reference = 'AEGS_Redeemer'), 66000, 0, 313.7, 161.76, 141.81, 171.6, 0, 1800, 86914534042, 231000000, 6, 182, 868, 30986686, 15978560, 45380504, 30, 36.8, 28.8, 60, 54.8, 46.8, 79200, 4966) ON CONFLICT (ship_id) DO NOTHING;
INSERT INTO ship_insurance (ship_id, expedited_cost, expedited_claim_time, standard_claim_time) VALUES ((SELECT id FROM ships WHERE reference = 'AEGS_Redeemer'), 13199, 9.45, 28.35) ON CONFLICT (ship_id) DO NOTHING;
INSERT INTO ship_flight_stats (ship_id, scm_speed, max_speed, boost_speed_forward, boost_speed_backward, pitch, yaw, roll, pitch_boosted, yaw_boosted, roll_boosted, accel_forward, accel_backward, accel_up, accel_down, accel_strafe, accel_forward_g, accel_backward_g, accel_up_g, accel_down_g, accel_strafe_g, boost_mult_forward, boost_mult_backward, boost_mult_up, boost_mult_strafe, boost_capacitor_max, boost_regen_per_sec, boost_regen_time, zero_to_scm, zero_to_max, scm_to_zero, mass_empty, mass_loadout, mass_total) VALUES ((SELECT id FROM ships WHERE reference = 'AEGS_Retaliator'), 205, 1100, 400, 206, 25, 23, 55, 30, 27.6, 66, 39.14, 28.12, 17.24, 0, 0, 3.99, 2.87, 1.76, 0, 0, 1.5, 1.2, 1.3, 1.35, 20, 0.75, 27.6, 5.24, 28.1, 7.29, 317870, 35757, 353627) ON CONFLICT (ship_id) DO NOTHING;
INSERT INTO ship_resistances (ship_id, armor_hp, dmg_mult_physical, dmg_mult_energy, dmg_mult_distortion, dmg_mult_thermal, dmg_mult_biochemical, dmg_mult_stun, sig_mult_cross_section, sig_mult_infrared, sig_mult_electromagnetic, pen_resist_base, pen_resist_physical, pen_resist_energy, pen_resist_distortion, base_em_signature, base_ir_signature, base_cs_signature, cross_section_x, cross_section_y, cross_section_z, em_total_shields, em_total_quantum, ir_total_shields, ir_total_quantum) VALUES ((SELECT id FROM ships WHERE reference = 'AEGS_Retaliator'), 17325, 0.75, 0.6, 1, 1, 1, 1, 1, 1, 1, 1, 1, 1, 0, 41635, 11082, NULL, 15100, 4700, 36000, 41635, 64635, 11082, 9440) ON CONFLICT (ship_id) DO NOTHING;
INSERT INTO ship_fuel (ship_id, hydrogen_capacity, fuel_intake_rate, fuel_usage_main, fuel_usage_retro, fuel_usage_maneuvering, maneuvering_time_till_empty, intake_to_main_ratio, quantum_capacity, quantum_range, quantum_speed, quantum_spool_time, quantum_travel_time_po, quantum_fuel_usage_po, thrust_main, thrust_retro, thrust_maneuvering, power_generation, power_used_shields, power_used_quantum, cooling_generation, cooling_used_shields, cooling_used_quantum, shield_hp_total, shield_regen_total) VALUES ((SELECT id FROM ships WHERE reference = 'AEGS_Retaliator'), 51000, 0, 59.87, 54.76, 118.48, 428.18, 0, 2600, 125543215838, 231000000, 6, 182, 868, 12440000, 8940000, 37912000, 24, 38, 30, 92, 54, 46, 79200, 4966) ON CONFLICT (ship_id) DO NOTHING;
INSERT INTO ship_insurance (ship_id, expedited_cost, expedited_claim_time, standard_claim_time) VALUES ((SELECT id FROM ships WHERE reference = 'AEGS_Retaliator'), 32116, 8.58, 25.74) ON CONFLICT (ship_id) DO NOTHING;
INSERT INTO ship_flight_stats (ship_id, scm_speed, max_speed, boost_speed_forward, boost_speed_backward, pitch, yaw, roll, pitch_boosted, yaw_boosted, roll_boosted, accel_forward, accel_backward, accel_up, accel_down, accel_strafe, accel_forward_g, accel_backward_g, accel_up_g, accel_down_g, accel_strafe_g, boost_mult_forward, boost_mult_backward, boost_mult_up, boost_mult_strafe, boost_capacitor_max, boost_regen_per_sec, boost_regen_time, zero_to_scm, zero_to_max, scm_to_zero, mass_empty, mass_loadout, mass_total) VALUES ((SELECT id FROM ships WHERE reference = 'AEGS_Sabre'), 223, 1235, 480, 230, 62, 48, 160, 74.4, 57.6, 192, 105.91, 21.66, 0, 0, 0, 10.8, 2.21, 0, 0, 0, 1.55, 1.4, 1.3, 1.35, 20, 0.75, 27.2, 2.11, 11.66, 10.3, 83093, 7286, 90379) ON CONFLICT (ship_id) DO NOTHING;
INSERT INTO ship_resistances (ship_id, armor_hp, dmg_mult_physical, dmg_mult_energy, dmg_mult_distortion, dmg_mult_thermal, dmg_mult_biochemical, dmg_mult_stun, sig_mult_cross_section, sig_mult_infrared, sig_mult_electromagnetic, pen_resist_base, pen_resist_physical, pen_resist_energy, pen_resist_distortion, base_em_signature, base_ir_signature, base_cs_signature, cross_section_x, cross_section_y, cross_section_z, em_total_shields, em_total_quantum, ir_total_shields, ir_total_quantum) VALUES ((SELECT id FROM ships WHERE reference = 'AEGS_Sabre'), 3465, 0.75, 0.6, 1, 1, 1, 1, 0.6, 0.6, 0.6, 1, 1, 1, 0, 8719, 3844, NULL, 6467, 2357, 5551, 8719, 12919, 3844, 3844) ON CONFLICT (ship_id) DO NOTHING;
INSERT INTO ship_fuel (ship_id, hydrogen_capacity, fuel_intake_rate, fuel_usage_main, fuel_usage_retro, fuel_usage_maneuvering, maneuvering_time_till_empty, intake_to_main_ratio, quantum_capacity, quantum_range, quantum_speed, quantum_spool_time, quantum_travel_time_po, quantum_fuel_usage_po, thrust_main, thrust_retro, thrust_maneuvering, power_generation, power_used_shields, power_used_quantum, cooling_generation, cooling_used_shields, cooling_used_quantum, shield_hp_total, shield_regen_total) VALUES ((SELECT id FROM ships WHERE reference = 'AEGS_Sabre'), 13500, 0, 80.85, 6.62, 17.89, 150.34, 0, 1300, 78031212485, 140000000, 4, 299, 699, 8800000, 1800000, 5725176.399999999, 16, 22, 20, 68, 30, 30, 5610, 351) ON CONFLICT (ship_id) DO NOTHING;
INSERT INTO ship_insurance (ship_id, expedited_cost, expedited_claim_time, standard_claim_time) VALUES ((SELECT id FROM ships WHERE reference = 'AEGS_Sabre'), 4689, 3.15, 9.45) ON CONFLICT (ship_id) DO NOTHING;
INSERT INTO ship_flight_stats (ship_id, scm_speed, max_speed, boost_speed_forward, boost_speed_backward, pitch, yaw, roll, pitch_boosted, yaw_boosted, roll_boosted, accel_forward, accel_backward, accel_up, accel_down, accel_strafe, accel_forward_g, accel_backward_g, accel_up_g, accel_down_g, accel_strafe_g, boost_mult_forward, boost_mult_backward, boost_mult_up, boost_mult_strafe, boost_capacitor_max, boost_regen_per_sec, boost_regen_time, zero_to_scm, zero_to_max, scm_to_zero, mass_empty, mass_loadout, mass_total) VALUES ((SELECT id FROM ships WHERE reference = 'AEGS_Sabre_Comet'), 223, 1235, 480, 230, 62, 48, 160, 74.4, 57.6, 192, 105.91, 21.66, 0, 0, 0, 10.8, 2.21, 0, 0, 0, 1.55, 1.4, 1.3, 1.35, 20, 0.75, 27.2, 2.11, 11.66, 10.3, 83093, 9186, 92279) ON CONFLICT (ship_id) DO NOTHING;
INSERT INTO ship_resistances (ship_id, armor_hp, dmg_mult_physical, dmg_mult_energy, dmg_mult_distortion, dmg_mult_thermal, dmg_mult_biochemical, dmg_mult_stun, sig_mult_cross_section, sig_mult_infrared, sig_mult_electromagnetic, pen_resist_base, pen_resist_physical, pen_resist_energy, pen_resist_distortion, base_em_signature, base_ir_signature, base_cs_signature, cross_section_x, cross_section_y, cross_section_z, em_total_shields, em_total_quantum, ir_total_shields, ir_total_quantum) VALUES ((SELECT id FROM ships WHERE reference = 'AEGS_Sabre_Comet'), 3465, 0.75, 0.6, 1, 1, 1, 1, 0.6, 0.6, 0.6, 1, 1, 1, 0, 9864, 3844, NULL, 6467, 2357, 5551, 9864, 14064, 3844, 3844) ON CONFLICT (ship_id) DO NOTHING;
INSERT INTO ship_fuel (ship_id, hydrogen_capacity, fuel_intake_rate, fuel_usage_main, fuel_usage_retro, fuel_usage_maneuvering, maneuvering_time_till_empty, intake_to_main_ratio, quantum_capacity, quantum_range, quantum_speed, quantum_spool_time, quantum_travel_time_po, quantum_fuel_usage_po, thrust_main, thrust_retro, thrust_maneuvering, power_generation, power_used_shields, power_used_quantum, cooling_generation, cooling_used_shields, cooling_used_quantum, shield_hp_total, shield_regen_total) VALUES ((SELECT id FROM ships WHERE reference = 'AEGS_Sabre_Comet'), 13500, 0, 80.85, 6.62, 17.89, 150.34, 0, 1300, 78031212485, 140000000, 4, 299, 699, 8800000, 1800000, 5725176.399999999, 16, 22, 20, 68, 30, 30, 5610, 351) ON CONFLICT (ship_id) DO NOTHING;
INSERT INTO ship_insurance (ship_id, expedited_cost, expedited_claim_time, standard_claim_time) VALUES ((SELECT id FROM ships WHERE reference = 'AEGS_Sabre_Comet'), 4689, 3.15, 9.45) ON CONFLICT (ship_id) DO NOTHING;
INSERT INTO ship_flight_stats (ship_id, scm_speed, max_speed, boost_speed_forward, boost_speed_backward, pitch, yaw, roll, pitch_boosted, yaw_boosted, roll_boosted, accel_forward, accel_backward, accel_up, accel_down, accel_strafe, accel_forward_g, accel_backward_g, accel_up_g, accel_down_g, accel_strafe_g, boost_mult_forward, boost_mult_backward, boost_mult_up, boost_mult_strafe, boost_capacitor_max, boost_regen_per_sec, boost_regen_time, zero_to_scm, zero_to_max, scm_to_zero, mass_empty, mass_loadout, mass_total) VALUES ((SELECT id FROM ships WHERE reference = 'AEGS_Sabre_Firebird'), 240, 1400, 600, 260, 49, 41, 160, 58.8, 49.2, 192, 125.99, 3.81, 0, 0, 0, 12.85, 0.39, 0, 0, 0, 1.7, 1.3, 1.35, 1.35, 25, 0.75, 33.7, 1.9, 11.11, 62.99, 73493, 8057, 81550) ON CONFLICT (ship_id) DO NOTHING;
INSERT INTO ship_resistances (ship_id, armor_hp, dmg_mult_physical, dmg_mult_energy, dmg_mult_distortion, dmg_mult_thermal, dmg_mult_biochemical, dmg_mult_stun, sig_mult_cross_section, sig_mult_infrared, sig_mult_electromagnetic, pen_resist_base, pen_resist_physical, pen_resist_energy, pen_resist_distortion, base_em_signature, base_ir_signature, base_cs_signature, cross_section_x, cross_section_y, cross_section_z, em_total_shields, em_total_quantum, ir_total_shields, ir_total_quantum) VALUES ((SELECT id FROM ships WHERE reference = 'AEGS_Sabre_Firebird'), 5940, 0.75, 0.6, 1, 1, 1, 1, 0.6, 0.6, 0.6, 1, 1, 1, 0, 10574, 3357, NULL, 6467, 2357, 5551, 10574, 14774, 3357, 3357) ON CONFLICT (ship_id) DO NOTHING;
INSERT INTO ship_fuel (ship_id, hydrogen_capacity, fuel_intake_rate, fuel_usage_main, fuel_usage_retro, fuel_usage_maneuvering, maneuvering_time_till_empty, intake_to_main_ratio, quantum_capacity, quantum_range, quantum_speed, quantum_spool_time, quantum_travel_time_po, quantum_fuel_usage_po, thrust_main, thrust_retro, thrust_maneuvering, power_generation, power_used_shields, power_used_quantum, cooling_generation, cooling_used_shields, cooling_used_quantum, shield_hp_total, shield_regen_total) VALUES ((SELECT id FROM ships WHERE reference = 'AEGS_Sabre_Firebird'), 12000, 0, 34.03, 1.03, 27.79, 250.39, 0, 1300, 78031212485, 140000000, 4, 299, 699, 9259129, 280000, 8891940.8, 17, 18.2, 16.2, 68, 26.2, 26.2, 5610, 351) ON CONFLICT (ship_id) DO NOTHING;
INSERT INTO ship_insurance (ship_id, expedited_cost, expedited_claim_time, standard_claim_time) VALUES ((SELECT id FROM ships WHERE reference = 'AEGS_Sabre_Firebird'), 3934, 2.52, 7.56) ON CONFLICT (ship_id) DO NOTHING;
INSERT INTO ship_flight_stats (ship_id, scm_speed, max_speed, boost_speed_forward, boost_speed_backward, pitch, yaw, roll, pitch_boosted, yaw_boosted, roll_boosted, accel_forward, accel_backward, accel_up, accel_down, accel_strafe, accel_forward_g, accel_backward_g, accel_up_g, accel_down_g, accel_strafe_g, boost_mult_forward, boost_mult_backward, boost_mult_up, boost_mult_strafe, boost_capacitor_max, boost_regen_per_sec, boost_regen_time, zero_to_scm, zero_to_max, scm_to_zero, mass_empty, mass_loadout, mass_total) VALUES ((SELECT id FROM ships WHERE reference = 'AEGS_Sabre_Firebird_Collector_Milt'), 240, 1400, 600, 260, 49, 41, 160, 58.8, 49.2, 192, 125.99, 3.81, 0, 0, 0, 12.85, 0.39, 0, 0, 0, 1.7, 1.3, 1.35, 1.35, 25, 0.75, 33.7, 1.9, 11.11, 62.99, 73493, 8393, 81886) ON CONFLICT (ship_id) DO NOTHING;
INSERT INTO ship_resistances (ship_id, armor_hp, dmg_mult_physical, dmg_mult_energy, dmg_mult_distortion, dmg_mult_thermal, dmg_mult_biochemical, dmg_mult_stun, sig_mult_cross_section, sig_mult_infrared, sig_mult_electromagnetic, pen_resist_base, pen_resist_physical, pen_resist_energy, pen_resist_distortion, base_em_signature, base_ir_signature, base_cs_signature, cross_section_x, cross_section_y, cross_section_z, em_total_shields, em_total_quantum, ir_total_shields, ir_total_quantum) VALUES ((SELECT id FROM ships WHERE reference = 'AEGS_Sabre_Firebird_Collector_Milt'), 5940, 0.75, 0.6, 1, 1, 1, 1, 0.6, 0.6, 0.6, 1, 1, 1, 0, 15802, 4277, NULL, 6467, 2357, 5551, 15802, 25594, 4277, 3526) ON CONFLICT (ship_id) DO NOTHING;
INSERT INTO ship_fuel (ship_id, hydrogen_capacity, fuel_intake_rate, fuel_usage_main, fuel_usage_retro, fuel_usage_maneuvering, maneuvering_time_till_empty, intake_to_main_ratio, quantum_capacity, quantum_range, quantum_speed, quantum_spool_time, quantum_travel_time_po, quantum_fuel_usage_po, thrust_main, thrust_retro, thrust_maneuvering, power_generation, power_used_shields, power_used_quantum, cooling_generation, cooling_used_shields, cooling_used_quantum, shield_hp_total, shield_regen_total) VALUES ((SELECT id FROM ships WHERE reference = 'AEGS_Sabre_Firebird_Collector_Milt'), 12000, 0, 34.03, 1.03, 27.79, 250.39, 0, 1300, 60296846011, 266000000, 4, 158, 904, 9259129, 280000, 8891940.8, 20, 22.2, 16.2, 76, 34.2, 28.2, 7920, 576) ON CONFLICT (ship_id) DO NOTHING;
INSERT INTO ship_insurance (ship_id, expedited_cost, expedited_claim_time, standard_claim_time) VALUES ((SELECT id FROM ships WHERE reference = 'AEGS_Sabre_Firebird_Collector_Milt'), 3934, 2.52, 7.56) ON CONFLICT (ship_id) DO NOTHING;
INSERT INTO ship_flight_stats (ship_id, scm_speed, max_speed, boost_speed_forward, boost_speed_backward, pitch, yaw, roll, pitch_boosted, yaw_boosted, roll_boosted, accel_forward, accel_backward, accel_up, accel_down, accel_strafe, accel_forward_g, accel_backward_g, accel_up_g, accel_down_g, accel_strafe_g, boost_mult_forward, boost_mult_backward, boost_mult_up, boost_mult_strafe, boost_capacitor_max, boost_regen_per_sec, boost_regen_time, zero_to_scm, zero_to_max, scm_to_zero, mass_empty, mass_loadout, mass_total) VALUES ((SELECT id FROM ships WHERE reference = 'AEGS_Sabre_Peregrine'), 267, 1447, 655, 277, 61, 51, 187, 73.2, 61.2, 224.4, 144.16, 4.76, 0, 0, 0, 14.7, 0.49, 0, 0, 0, 1.79, 1.23, 1.35, 1.35, 25, 0.75, 33.7, 1.85, 10.04, 56.09, 73493, 4731, 78224) ON CONFLICT (ship_id) DO NOTHING;
INSERT INTO ship_resistances (ship_id, armor_hp, dmg_mult_physical, dmg_mult_energy, dmg_mult_distortion, dmg_mult_thermal, dmg_mult_biochemical, dmg_mult_stun, sig_mult_cross_section, sig_mult_infrared, sig_mult_electromagnetic, pen_resist_base, pen_resist_physical, pen_resist_energy, pen_resist_distortion, base_em_signature, base_ir_signature, base_cs_signature, cross_section_x, cross_section_y, cross_section_z, em_total_shields, em_total_quantum, ir_total_shields, ir_total_quantum) VALUES ((SELECT id FROM ships WHERE reference = 'AEGS_Sabre_Peregrine'), 1980, 0.75, 0.6, 1, 1, 1, 1, 1.2, 1.2, 1.2, 1, 1, 1, 0, 20904, 6662, NULL, 6467, 2357, 5551, 20904, 29304, 6662, 6662) ON CONFLICT (ship_id) DO NOTHING;
INSERT INTO ship_fuel (ship_id, hydrogen_capacity, fuel_intake_rate, fuel_usage_main, fuel_usage_retro, fuel_usage_maneuvering, maneuvering_time_till_empty, intake_to_main_ratio, quantum_capacity, quantum_range, quantum_speed, quantum_spool_time, quantum_travel_time_po, quantum_fuel_usage_po, thrust_main, thrust_retro, thrust_maneuvering, power_generation, power_used_shields, power_used_quantum, cooling_generation, cooling_used_shields, cooling_used_quantum, shield_hp_total, shield_regen_total) VALUES ((SELECT id FROM ships WHERE reference = 'AEGS_Sabre_Peregrine'), 12000, 0, 38.94, 1.29, 36.24, 210.3, 0, 1300, 78031212485, 140000000, 4, 299, 699, 10595000, 350000, 11596000, 17, 18, 16, 68, 26, 26, 5610, 351) ON CONFLICT (ship_id) DO NOTHING;
INSERT INTO ship_insurance (ship_id, expedited_cost, expedited_claim_time, standard_claim_time) VALUES ((SELECT id FROM ships WHERE reference = 'AEGS_Sabre_Peregrine'), 3934, 2.52, 7.56) ON CONFLICT (ship_id) DO NOTHING;
INSERT INTO ship_flight_stats (ship_id, scm_speed, max_speed, boost_speed_forward, boost_speed_backward, pitch, yaw, roll, pitch_boosted, yaw_boosted, roll_boosted, accel_forward, accel_backward, accel_up, accel_down, accel_strafe, accel_forward_g, accel_backward_g, accel_up_g, accel_down_g, accel_strafe_g, boost_mult_forward, boost_mult_backward, boost_mult_up, boost_mult_strafe, boost_capacitor_max, boost_regen_per_sec, boost_regen_time, zero_to_scm, zero_to_max, scm_to_zero, mass_empty, mass_loadout, mass_total) VALUES ((SELECT id FROM ships WHERE reference = 'AEGS_Sabre_Peregrine_Collector_Competition'), 267, 1447, 655, 277, 61, 51, 187, 73.2, 61.2, 224.4, 144.16, 4.76, 0, 0, 0, 14.7, 0.49, 0, 0, 0, 1.79, 1.23, 1.35, 1.35, 25, 0.75, 33.7, 1.85, 10.04, 56.09, 73493, 4261, 77754) ON CONFLICT (ship_id) DO NOTHING;
INSERT INTO ship_resistances (ship_id, armor_hp, dmg_mult_physical, dmg_mult_energy, dmg_mult_distortion, dmg_mult_thermal, dmg_mult_biochemical, dmg_mult_stun, sig_mult_cross_section, sig_mult_infrared, sig_mult_electromagnetic, pen_resist_base, pen_resist_physical, pen_resist_energy, pen_resist_distortion, base_em_signature, base_ir_signature, base_cs_signature, cross_section_x, cross_section_y, cross_section_z, em_total_shields, em_total_quantum, ir_total_shields, ir_total_quantum) VALUES ((SELECT id FROM ships WHERE reference = 'AEGS_Sabre_Peregrine_Collector_Competition'), 1980, 0.75, 0.6, 1, 1, 1, 1, 1.2, 1.2, 1.2, 1, 1, 1, 0, 22182, 5821, NULL, 6467, 2357, 5551, 22182, 46139, 5821, 4989) ON CONFLICT (ship_id) DO NOTHING;
INSERT INTO ship_fuel (ship_id, hydrogen_capacity, fuel_intake_rate, fuel_usage_main, fuel_usage_retro, fuel_usage_maneuvering, maneuvering_time_till_empty, intake_to_main_ratio, quantum_capacity, quantum_range, quantum_speed, quantum_spool_time, quantum_travel_time_po, quantum_fuel_usage_po, thrust_main, thrust_retro, thrust_maneuvering, power_generation, power_used_shields, power_used_quantum, cooling_generation, cooling_used_shields, cooling_used_quantum, shield_hp_total, shield_regen_total) VALUES ((SELECT id FROM ships WHERE reference = 'AEGS_Sabre_Peregrine_Collector_Competition'), 12000, 0, 38.94, 1.29, 36.24, 210.3, 0, 1300, 221088435374, 168000000, 4, 250, 247, 10595000, 350000, 11596000, 18, 18, 14, 68, 28, 24, 4800, 317) ON CONFLICT (ship_id) DO NOTHING;
INSERT INTO ship_insurance (ship_id, expedited_cost, expedited_claim_time, standard_claim_time) VALUES ((SELECT id FROM ships WHERE reference = 'AEGS_Sabre_Peregrine_Collector_Competition'), 3934, 2.52, 7.56) ON CONFLICT (ship_id) DO NOTHING;
INSERT INTO ship_flight_stats (ship_id, scm_speed, max_speed, boost_speed_forward, boost_speed_backward, pitch, yaw, roll, pitch_boosted, yaw_boosted, roll_boosted, accel_forward, accel_backward, accel_up, accel_down, accel_strafe, accel_forward_g, accel_backward_g, accel_up_g, accel_down_g, accel_strafe_g, boost_mult_forward, boost_mult_backward, boost_mult_up, boost_mult_strafe, boost_capacitor_max, boost_regen_per_sec, boost_regen_time, zero_to_scm, zero_to_max, scm_to_zero, mass_empty, mass_loadout, mass_total) VALUES ((SELECT id FROM ships WHERE reference = 'AEGS_Sabre_Raven'), 240, 1400, 600, 260, 52, 43, 160, 62.4, 51.6, 192, 133.14, 9.46, 0, 0, 0, 13.58, 0.96, 0, 0, 0, 1.7, 1.3, 1.35, 1.35, 25, 0.75, 33.7, 1.8, 10.52, 25.37, 68711, 6081, 74792) ON CONFLICT (ship_id) DO NOTHING;
INSERT INTO ship_resistances (ship_id, armor_hp, dmg_mult_physical, dmg_mult_energy, dmg_mult_distortion, dmg_mult_thermal, dmg_mult_biochemical, dmg_mult_stun, sig_mult_cross_section, sig_mult_infrared, sig_mult_electromagnetic, pen_resist_base, pen_resist_physical, pen_resist_energy, pen_resist_distortion, base_em_signature, base_ir_signature, base_cs_signature, cross_section_x, cross_section_y, cross_section_z, em_total_shields, em_total_quantum, ir_total_shields, ir_total_quantum) VALUES ((SELECT id FROM ships WHERE reference = 'AEGS_Sabre_Raven'), 2772, 0.75, 0.6, 1, 1, 1, 1, 0.6, 0.6, 0.6, 1, 1, 1, 0, 12595, 3774, NULL, 5495, 1882, 7528, 12595, 16795, 3774, 3774) ON CONFLICT (ship_id) DO NOTHING;
INSERT INTO ship_fuel (ship_id, hydrogen_capacity, fuel_intake_rate, fuel_usage_main, fuel_usage_retro, fuel_usage_maneuvering, maneuvering_time_till_empty, intake_to_main_ratio, quantum_capacity, quantum_range, quantum_speed, quantum_spool_time, quantum_travel_time_po, quantum_fuel_usage_po, thrust_main, thrust_retro, thrust_maneuvering, power_generation, power_used_shields, power_used_quantum, cooling_generation, cooling_used_shields, cooling_used_quantum, shield_hp_total, shield_regen_total) VALUES ((SELECT id FROM ships WHERE reference = 'AEGS_Sabre_Raven'), 12000, 0, 33.62, 2.39, 34.3, 236.36, 0, 1300, 78031212485, 140000000, 4, 299, 699, 9148070, 650000, 10975948, 17, 21.46, 19.46, 68, 29.46, 29.46, 5610, 351) ON CONFLICT (ship_id) DO NOTHING;
INSERT INTO ship_insurance (ship_id, expedited_cost, expedited_claim_time, standard_claim_time) VALUES ((SELECT id FROM ships WHERE reference = 'AEGS_Sabre_Raven'), 3934, 2.52, 7.56) ON CONFLICT (ship_id) DO NOTHING;
INSERT INTO ship_flight_stats (ship_id, scm_speed, max_speed, boost_speed_forward, boost_speed_backward, pitch, yaw, roll, pitch_boosted, yaw_boosted, roll_boosted, accel_forward, accel_backward, accel_up, accel_down, accel_strafe, accel_forward_g, accel_backward_g, accel_up_g, accel_down_g, accel_strafe_g, boost_mult_forward, boost_mult_backward, boost_mult_up, boost_mult_strafe, boost_capacitor_max, boost_regen_per_sec, boost_regen_time, zero_to_scm, zero_to_max, scm_to_zero, mass_empty, mass_loadout, mass_total) VALUES ((SELECT id FROM ships WHERE reference = 'AEGS_Vanguard'), 210, 1075, 458, 220, 44, 38, 124, 52.8, 45.6, 148.8, 96.83, 34.71, 0, 0, 0, 9.87, 3.54, 0, 0, 0, 1.5, 1.4, 1.3, 1.35, 20, 0.75, 27.4, 2.17, 11.1, 6.05, 238070, 17891, 255961) ON CONFLICT (ship_id) DO NOTHING;
INSERT INTO ship_resistances (ship_id, armor_hp, dmg_mult_physical, dmg_mult_energy, dmg_mult_distortion, dmg_mult_thermal, dmg_mult_biochemical, dmg_mult_stun, sig_mult_cross_section, sig_mult_infrared, sig_mult_electromagnetic, pen_resist_base, pen_resist_physical, pen_resist_energy, pen_resist_distortion, base_em_signature, base_ir_signature, base_cs_signature, cross_section_x, cross_section_y, cross_section_z, em_total_shields, em_total_quantum, ir_total_shields, ir_total_quantum) VALUES ((SELECT id FROM ships WHERE reference = 'AEGS_Vanguard'), 12375, 0.75, 0.6, 1, 1, 1, 1, 1.334, 1.334, 1.334, 1, 1, 1, 0, 40345, 13688, NULL, 17021, 3404, 16304, 40345, 71027, 13688, 11498) ON CONFLICT (ship_id) DO NOTHING;
INSERT INTO ship_fuel (ship_id, hydrogen_capacity, fuel_intake_rate, fuel_usage_main, fuel_usage_retro, fuel_usage_maneuvering, maneuvering_time_till_empty, intake_to_main_ratio, quantum_capacity, quantum_range, quantum_speed, quantum_spool_time, quantum_travel_time_po, quantum_fuel_usage_po, thrust_main, thrust_retro, thrust_maneuvering, power_generation, power_used_shields, power_used_quantum, cooling_generation, cooling_used_shields, cooling_used_quantum, shield_hp_total, shield_regen_total) VALUES ((SELECT id FROM ships WHERE reference = 'AEGS_Vanguard'), 40500, 50, 175.38, 50.62, 105.27, 177.62, 0.29, 2000, 96571704491, 231000000, 6, 182, 868, 23053430, 8263696, 33685530, 20, 35, 27, 92, 50, 42, 26400, 1655) ON CONFLICT (ship_id) DO NOTHING;
INSERT INTO ship_insurance (ship_id, expedited_cost, expedited_claim_time, standard_claim_time) VALUES ((SELECT id FROM ships WHERE reference = 'AEGS_Vanguard'), 9113, 6.07, 18.22) ON CONFLICT (ship_id) DO NOTHING;
INSERT INTO ship_flight_stats (ship_id, scm_speed, max_speed, boost_speed_forward, boost_speed_backward, pitch, yaw, roll, pitch_boosted, yaw_boosted, roll_boosted, accel_forward, accel_backward, accel_up, accel_down, accel_strafe, accel_forward_g, accel_backward_g, accel_up_g, accel_down_g, accel_strafe_g, boost_mult_forward, boost_mult_backward, boost_mult_up, boost_mult_strafe, boost_capacitor_max, boost_regen_per_sec, boost_regen_time, zero_to_scm, zero_to_max, scm_to_zero, mass_empty, mass_loadout, mass_total) VALUES ((SELECT id FROM ships WHERE reference = 'AEGS_Vanguard_Harbinger'), 212, 1085, 462, 224, 41, 35, 120, 49.2, 42, 144, 97.54, 34.96, 0, 0, 0, 9.95, 3.56, 0, 0, 0, 1.5, 1.4, 1.3, 1.35, 20, 0.75, 27.4, 2.17, 11.12, 6.06, 230404, 18890, 249294) ON CONFLICT (ship_id) DO NOTHING;
INSERT INTO ship_resistances (ship_id, armor_hp, dmg_mult_physical, dmg_mult_energy, dmg_mult_distortion, dmg_mult_thermal, dmg_mult_biochemical, dmg_mult_stun, sig_mult_cross_section, sig_mult_infrared, sig_mult_electromagnetic, pen_resist_base, pen_resist_physical, pen_resist_energy, pen_resist_distortion, base_em_signature, base_ir_signature, base_cs_signature, cross_section_x, cross_section_y, cross_section_z, em_total_shields, em_total_quantum, ir_total_shields, ir_total_quantum) VALUES ((SELECT id FROM ships WHERE reference = 'AEGS_Vanguard_Harbinger'), 12375, 0.75, 0.6, 1, 1, 1, 1, 1.268, 1.268, 1.268, 1, 1, 1, 0, 31464, 11580, NULL, 17768, 3554, 17019, 31464, 60628, 11580, 9498) ON CONFLICT (ship_id) DO NOTHING;
INSERT INTO ship_fuel (ship_id, hydrogen_capacity, fuel_intake_rate, fuel_usage_main, fuel_usage_retro, fuel_usage_maneuvering, maneuvering_time_till_empty, intake_to_main_ratio, quantum_capacity, quantum_range, quantum_speed, quantum_spool_time, quantum_travel_time_po, quantum_fuel_usage_po, thrust_main, thrust_retro, thrust_maneuvering, power_generation, power_used_shields, power_used_quantum, cooling_generation, cooling_used_shields, cooling_used_quantum, shield_hp_total, shield_regen_total) VALUES ((SELECT id FROM ships WHERE reference = 'AEGS_Vanguard_Harbinger'), 39000, 50, 172.06, 49.33, 102.77, 174.54, 0.29, 2000, 87374399301, 278000000, 6, 151, 960, 22472872, 8054436, 32885870, 20, 29.5, 21.5, 92, 44.5, 36.5, 26400, 1568) ON CONFLICT (ship_id) DO NOTHING;
INSERT INTO ship_insurance (ship_id, expedited_cost, expedited_claim_time, standard_claim_time) VALUES ((SELECT id FROM ships WHERE reference = 'AEGS_Vanguard_Harbinger'), 8383, 5.46, 16.39) ON CONFLICT (ship_id) DO NOTHING;
INSERT INTO ship_flight_stats (ship_id, scm_speed, max_speed, boost_speed_forward, boost_speed_backward, pitch, yaw, roll, pitch_boosted, yaw_boosted, roll_boosted, accel_forward, accel_backward, accel_up, accel_down, accel_strafe, accel_forward_g, accel_backward_g, accel_up_g, accel_down_g, accel_strafe_g, boost_mult_forward, boost_mult_backward, boost_mult_up, boost_mult_strafe, boost_capacitor_max, boost_regen_per_sec, boost_regen_time, zero_to_scm, zero_to_max, scm_to_zero, mass_empty, mass_loadout, mass_total) VALUES ((SELECT id FROM ships WHERE reference = 'AEGS_Vanguard_Hoplite'), 209, 1115, 435, 246, 35, 30, 105, 42, 36, 126, 117.91, 27.36, 0, 0, 0, 12.02, 2.79, 0, 0, 0, 1.5, 1.4, 1.3, 1.2, 20, 0.75, 27.6, 1.77, 9.46, 7.64, 217870, 26865, 244735) ON CONFLICT (ship_id) DO NOTHING;
INSERT INTO ship_resistances (ship_id, armor_hp, dmg_mult_physical, dmg_mult_energy, dmg_mult_distortion, dmg_mult_thermal, dmg_mult_biochemical, dmg_mult_stun, sig_mult_cross_section, sig_mult_infrared, sig_mult_electromagnetic, pen_resist_base, pen_resist_physical, pen_resist_energy, pen_resist_distortion, base_em_signature, base_ir_signature, base_cs_signature, cross_section_x, cross_section_y, cross_section_z, em_total_shields, em_total_quantum, ir_total_shields, ir_total_quantum) VALUES ((SELECT id FROM ships WHERE reference = 'AEGS_Vanguard_Hoplite'), 18563, 0.7, 0.5, 1, 1, 1, 1, 1.134, 1.134, 1.134, 1, 1, 1, 0, 28304, 10402, NULL, 16255, 3251, 15571, 28304, 54386, 10402, 8541) ON CONFLICT (ship_id) DO NOTHING;
INSERT INTO ship_fuel (ship_id, hydrogen_capacity, fuel_intake_rate, fuel_usage_main, fuel_usage_retro, fuel_usage_maneuvering, maneuvering_time_till_empty, intake_to_main_ratio, quantum_capacity, quantum_range, quantum_speed, quantum_spool_time, quantum_travel_time_po, quantum_fuel_usage_po, thrust_main, thrust_retro, thrust_maneuvering, power_generation, power_used_shields, power_used_quantum, cooling_generation, cooling_used_shields, cooling_used_quantum, shield_hp_total, shield_regen_total) VALUES ((SELECT id FROM ships WHERE reference = 'AEGS_Vanguard_Hoplite'), 39000, 50, 191.52, 36.51, 63.56, 174.65, 0.26, 2000, 96571704491, 231000000, 6, 182, 868, 25689346, 5960564, 20340350, 20, 29.7, 21.7, 92, 44.7, 36.7, 26400, 1655) ON CONFLICT (ship_id) DO NOTHING;
INSERT INTO ship_insurance (ship_id, expedited_cost, expedited_claim_time, standard_claim_time) VALUES ((SELECT id FROM ships WHERE reference = 'AEGS_Vanguard_Hoplite'), 6603, 4.42, 13.25) ON CONFLICT (ship_id) DO NOTHING;
INSERT INTO ship_flight_stats (ship_id, scm_speed, max_speed, boost_speed_forward, boost_speed_backward, pitch, yaw, roll, pitch_boosted, yaw_boosted, roll_boosted, accel_forward, accel_backward, accel_up, accel_down, accel_strafe, accel_forward_g, accel_backward_g, accel_up_g, accel_down_g, accel_strafe_g, boost_mult_forward, boost_mult_backward, boost_mult_up, boost_mult_strafe, boost_capacitor_max, boost_regen_per_sec, boost_regen_time, zero_to_scm, zero_to_max, scm_to_zero, mass_empty, mass_loadout, mass_total) VALUES ((SELECT id FROM ships WHERE reference = 'AEGS_Vanguard_Sentinel'), 217, 1075, 462, 224, 44, 39, 126, 52.8, 46.8, 151.2, 127.76, 45.93, 0, 0, 0, 13.03, 4.68, 0, 0, 0, 1.5, 1.4, 1.3, 1.35, 20, 0.75, 27.4, 1.7, 8.41, 4.72, 170685, 16319, 187004) ON CONFLICT (ship_id) DO NOTHING;
INSERT INTO ship_resistances (ship_id, armor_hp, dmg_mult_physical, dmg_mult_energy, dmg_mult_distortion, dmg_mult_thermal, dmg_mult_biochemical, dmg_mult_stun, sig_mult_cross_section, sig_mult_infrared, sig_mult_electromagnetic, pen_resist_base, pen_resist_physical, pen_resist_energy, pen_resist_distortion, base_em_signature, base_ir_signature, base_cs_signature, cross_section_x, cross_section_y, cross_section_z, em_total_shields, em_total_quantum, ir_total_shields, ir_total_quantum) VALUES ((SELECT id FROM ships WHERE reference = 'AEGS_Vanguard_Sentinel'), 12375, 0.75, 0.6, 1, 1, 1, 1, 1, 1, 1, 1, 1, 1, 0, 13878, 3939, NULL, 16444, 3289, 15751, 13878, 25378, 3939, 3731) ON CONFLICT (ship_id) DO NOTHING;
INSERT INTO ship_fuel (ship_id, hydrogen_capacity, fuel_intake_rate, fuel_usage_main, fuel_usage_retro, fuel_usage_maneuvering, maneuvering_time_till_empty, intake_to_main_ratio, quantum_capacity, quantum_range, quantum_speed, quantum_spool_time, quantum_travel_time_po, quantum_fuel_usage_po, thrust_main, thrust_retro, thrust_maneuvering, power_generation, power_used_shields, power_used_quantum, cooling_generation, cooling_used_shields, cooling_used_quantum, shield_hp_total, shield_regen_total) VALUES ((SELECT id FROM ships WHERE reference = 'AEGS_Vanguard_Sentinel'), 39000, 50, 166.96, 48.02, 99.33, 180.03, 0.3, 2000, 107933081489, 171000000, 6, 245, 777, 21807064, 7839928, 31786340, 17, 26.85, 22.85, 64, 37.85, 35.85, 18700, 1234) ON CONFLICT (ship_id) DO NOTHING;
INSERT INTO ship_insurance (ship_id, expedited_cost, expedited_claim_time, standard_claim_time) VALUES ((SELECT id FROM ships WHERE reference = 'AEGS_Vanguard_Sentinel'), 9113, 6.07, 18.22) ON CONFLICT (ship_id) DO NOTHING;
INSERT INTO ship_flight_stats (ship_id, scm_speed, max_speed, boost_speed_forward, boost_speed_backward, pitch, yaw, roll, pitch_boosted, yaw_boosted, roll_boosted, accel_forward, accel_backward, accel_up, accel_down, accel_strafe, accel_forward_g, accel_backward_g, accel_up_g, accel_down_g, accel_strafe_g, boost_mult_forward, boost_mult_backward, boost_mult_up, boost_mult_strafe, boost_capacitor_max, boost_regen_per_sec, boost_regen_time, zero_to_scm, zero_to_max, scm_to_zero, mass_empty, mass_loadout, mass_total) VALUES ((SELECT id FROM ships WHERE reference = 'ANVL_Arrow'), 229, 1215, 515, 265, 75, 57, 205, 90, 68.4, 246, 149.46, 49.82, 0, 0, 0, 15.24, 5.08, 0, 0, 0, 1.55, 1.4, 1.3, 1.3, 20, 0.75, 26.9, 1.53, 8.13, 4.6, 30510, 5019, 35529) ON CONFLICT (ship_id) DO NOTHING;
INSERT INTO ship_resistances (ship_id, armor_hp, dmg_mult_physical, dmg_mult_energy, dmg_mult_distortion, dmg_mult_thermal, dmg_mult_biochemical, dmg_mult_stun, sig_mult_cross_section, sig_mult_infrared, sig_mult_electromagnetic, pen_resist_base, pen_resist_physical, pen_resist_energy, pen_resist_distortion, base_em_signature, base_ir_signature, base_cs_signature, cross_section_x, cross_section_y, cross_section_z, em_total_shields, em_total_quantum, ir_total_shields, ir_total_quantum) VALUES ((SELECT id FROM ships WHERE reference = 'ANVL_Arrow'), 4125, 0.75, 0.6, 1, 1, 1, 1, 1, 1, 1, 1, 1, 1, 0, 16899, 6449, NULL, 5647, 1910, 7473, 16899, 34459, 6449, 6449) ON CONFLICT (ship_id) DO NOTHING;
INSERT INTO ship_fuel (ship_id, hydrogen_capacity, fuel_intake_rate, fuel_usage_main, fuel_usage_retro, fuel_usage_maneuvering, maneuvering_time_till_empty, intake_to_main_ratio, quantum_capacity, quantum_range, quantum_speed, quantum_spool_time, quantum_travel_time_po, quantum_fuel_usage_po, thrust_main, thrust_retro, thrust_maneuvering, power_generation, power_used_shields, power_used_quantum, cooling_generation, cooling_used_shields, cooling_used_quantum, shield_hp_total, shield_regen_total) VALUES ((SELECT id FROM ships WHERE reference = 'ANVL_Arrow'), 7500, 0, 29.89, 9.96, 11.09, 211.66, 0, 1100, 59076262084, 190000000, 4, 221, 781, 4560000, 1520000, 3548000, 16, 21.2, 18.2, 68, 30.2, 30.2, 3960, 248) ON CONFLICT (ship_id) DO NOTHING;
INSERT INTO ship_insurance (ship_id, expedited_cost, expedited_claim_time, standard_claim_time) VALUES ((SELECT id FROM ships WHERE reference = 'ANVL_Arrow'), 3121, 1.76, 5.27) ON CONFLICT (ship_id) DO NOTHING;
INSERT INTO ship_flight_stats (ship_id, scm_speed, max_speed, boost_speed_forward, boost_speed_backward, pitch, yaw, roll, pitch_boosted, yaw_boosted, roll_boosted, accel_forward, accel_backward, accel_up, accel_down, accel_strafe, accel_forward_g, accel_backward_g, accel_up_g, accel_down_g, accel_strafe_g, boost_mult_forward, boost_mult_backward, boost_mult_up, boost_mult_strafe, boost_capacitor_max, boost_regen_per_sec, boost_regen_time, zero_to_scm, zero_to_max, scm_to_zero, mass_empty, mass_loadout, mass_total) VALUES ((SELECT id FROM ships WHERE reference = 'ANVL_Asgard'), 203, 1075, 425, 240, 32.5, 27.5, 95, 39, 33, 114, 48.18, 26.87, 0, 0, 0, 4.91, 2.74, 0, 0, 0, 1.5, 1.4, 1.3, 1.2, 20, 0.75, 27.6, 4.21, 22.31, 7.55, 610246, 39122, 649368) ON CONFLICT (ship_id) DO NOTHING;
INSERT INTO ship_resistances (ship_id, armor_hp, dmg_mult_physical, dmg_mult_energy, dmg_mult_distortion, dmg_mult_thermal, dmg_mult_biochemical, dmg_mult_stun, sig_mult_cross_section, sig_mult_infrared, sig_mult_electromagnetic, pen_resist_base, pen_resist_physical, pen_resist_energy, pen_resist_distortion, base_em_signature, base_ir_signature, base_cs_signature, cross_section_x, cross_section_y, cross_section_z, em_total_shields, em_total_quantum, ir_total_shields, ir_total_quantum) VALUES ((SELECT id FROM ships WHERE reference = 'ANVL_Asgard'), 22275, 0.7, 0.5, 1, 1, 1, 1, 1.09, 1.09, 1.09, 1, 1, 1, 0, 47339, 11632, NULL, 20139, 7624, 27912, 47339, 68267, 11632, 9395) ON CONFLICT (ship_id) DO NOTHING;
INSERT INTO ship_fuel (ship_id, hydrogen_capacity, fuel_intake_rate, fuel_usage_main, fuel_usage_retro, fuel_usage_maneuvering, maneuvering_time_till_empty, intake_to_main_ratio, quantum_capacity, quantum_range, quantum_speed, quantum_spool_time, quantum_travel_time_po, quantum_fuel_usage_po, thrust_main, thrust_retro, thrust_maneuvering, power_generation, power_used_shields, power_used_quantum, cooling_generation, cooling_used_shields, cooling_used_quantum, shield_hp_total, shield_regen_total) VALUES ((SELECT id FROM ships WHERE reference = 'ANVL_Asgard'), 97500, 0, 393.23, 153.55, 296.88, 180, 0, 1850, 169724770642, 201000000, 6, 209, 457, 29400000, 16400000, 95000000, 24, 37, 29, 138, 52, 42, 52800, 3311) ON CONFLICT (ship_id) DO NOTHING;
INSERT INTO ship_insurance (ship_id, expedited_cost, expedited_claim_time, standard_claim_time) VALUES ((SELECT id FROM ships WHERE reference = 'ANVL_Asgard'), 9430, 4.25, 17) ON CONFLICT (ship_id) DO NOTHING;
INSERT INTO ship_flight_stats (ship_id, scm_speed, max_speed, boost_speed_forward, boost_speed_backward, pitch, yaw, roll, pitch_boosted, yaw_boosted, roll_boosted, accel_forward, accel_backward, accel_up, accel_down, accel_strafe, accel_forward_g, accel_backward_g, accel_up_g, accel_down_g, accel_strafe_g, boost_mult_forward, boost_mult_backward, boost_mult_up, boost_mult_strafe, boost_capacitor_max, boost_regen_per_sec, boost_regen_time, zero_to_scm, zero_to_max, scm_to_zero, mass_empty, mass_loadout, mass_total) VALUES ((SELECT id FROM ships WHERE reference = 'ANVL_Asgard_Collector_Military'), 203, 1075, 425, 240, 32.5, 27.5, 95, 39, 33, 114, 48.18, 26.87, 0, 0, 0, 4.91, 2.74, 0, 0, 0, 1.5, 1.4, 1.3, 1.2, 20, 0.75, 27.6, 4.21, 22.31, 7.55, 610246, 38912, 649158) ON CONFLICT (ship_id) DO NOTHING;
INSERT INTO ship_resistances (ship_id, armor_hp, dmg_mult_physical, dmg_mult_energy, dmg_mult_distortion, dmg_mult_thermal, dmg_mult_biochemical, dmg_mult_stun, sig_mult_cross_section, sig_mult_infrared, sig_mult_electromagnetic, pen_resist_base, pen_resist_physical, pen_resist_energy, pen_resist_distortion, base_em_signature, base_ir_signature, base_cs_signature, cross_section_x, cross_section_y, cross_section_z, em_total_shields, em_total_quantum, ir_total_shields, ir_total_quantum) VALUES ((SELECT id FROM ships WHERE reference = 'ANVL_Asgard_Collector_Military'), 22275, 0.7, 0.5, 1, 1, 1, 1, 1.09, 1.09, 1.09, 1, 1, 1, 0, 48084, 11632, NULL, 20139, 7624, 27912, 48084, 73154, 11632, 9842) ON CONFLICT (ship_id) DO NOTHING;
INSERT INTO ship_fuel (ship_id, hydrogen_capacity, fuel_intake_rate, fuel_usage_main, fuel_usage_retro, fuel_usage_maneuvering, maneuvering_time_till_empty, intake_to_main_ratio, quantum_capacity, quantum_range, quantum_speed, quantum_spool_time, quantum_travel_time_po, quantum_fuel_usage_po, thrust_main, thrust_retro, thrust_maneuvering, power_generation, power_used_shields, power_used_quantum, cooling_generation, cooling_used_shields, cooling_used_quantum, shield_hp_total, shield_regen_total) VALUES ((SELECT id FROM ships WHERE reference = 'ANVL_Asgard_Collector_Military'), 97500, 0, 393.23, 153.55, 296.88, 180, 0, 1850, 80821319353, 278000000, 6, 151, 960, 29400000, 16400000, 95000000, 24, 37, 29, 138, 52, 44, 52800, 3485) ON CONFLICT (ship_id) DO NOTHING;
INSERT INTO ship_insurance (ship_id, expedited_cost, expedited_claim_time, standard_claim_time) VALUES ((SELECT id FROM ships WHERE reference = 'ANVL_Asgard_Collector_Military'), 9430, 4.25, 17) ON CONFLICT (ship_id) DO NOTHING;
INSERT INTO ship_flight_stats (ship_id, scm_speed, max_speed, boost_speed_forward, boost_speed_backward, pitch, yaw, roll, pitch_boosted, yaw_boosted, roll_boosted, accel_forward, accel_backward, accel_up, accel_down, accel_strafe, accel_forward_g, accel_backward_g, accel_up_g, accel_down_g, accel_strafe_g, boost_mult_forward, boost_mult_backward, boost_mult_up, boost_mult_strafe, boost_capacitor_max, boost_regen_per_sec, boost_regen_time, zero_to_scm, zero_to_max, scm_to_zero, mass_empty, mass_loadout, mass_total) VALUES ((SELECT id FROM ships WHERE reference = 'ANVL_Ballista'), NULL, NULL, NULL, NULL, NULL, NULL, NULL, NULL, NULL, NULL, NULL, NULL, NULL, NULL, NULL, NULL, NULL, NULL, NULL, NULL, NULL, NULL, NULL, NULL, NULL, NULL, NULL, NULL, NULL, NULL, 121816, 4004, 125820) ON CONFLICT (ship_id) DO NOTHING;
INSERT INTO ship_resistances (ship_id, armor_hp, dmg_mult_physical, dmg_mult_energy, dmg_mult_distortion, dmg_mult_thermal, dmg_mult_biochemical, dmg_mult_stun, sig_mult_cross_section, sig_mult_infrared, sig_mult_electromagnetic, pen_resist_base, pen_resist_physical, pen_resist_energy, pen_resist_distortion, base_em_signature, base_ir_signature, base_cs_signature, cross_section_x, cross_section_y, cross_section_z, em_total_shields, em_total_quantum, ir_total_shields, ir_total_quantum) VALUES ((SELECT id FROM ships WHERE reference = 'ANVL_Ballista'), 2681, 0.6, 0.4, 1, 1, 1, 1, 1, 1, 1, 1, 1, 1, 0, 3672, 1750, NULL, 1885, 1377, 3338, 3672, 3672, 1750, 1750) ON CONFLICT (ship_id) DO NOTHING;
INSERT INTO ship_fuel (ship_id, hydrogen_capacity, fuel_intake_rate, fuel_usage_main, fuel_usage_retro, fuel_usage_maneuvering, maneuvering_time_till_empty, intake_to_main_ratio, quantum_capacity, quantum_range, quantum_speed, quantum_spool_time, quantum_travel_time_po, quantum_fuel_usage_po, thrust_main, thrust_retro, thrust_maneuvering, power_generation, power_used_shields, power_used_quantum, cooling_generation, cooling_used_shields, cooling_used_quantum, shield_hp_total, shield_regen_total) VALUES ((SELECT id FROM ships WHERE reference = 'ANVL_Ballista'), 0, 0, 0, 0, 0, NULL, NULL, NULL, NULL, NULL, NULL, NULL, NULL, 0, 0, 0, 10, 6.2, 6.2, 16, 11.2, 11.2, 1800, 67) ON CONFLICT (ship_id) DO NOTHING;
INSERT INTO ship_insurance (ship_id, expedited_cost, expedited_claim_time, standard_claim_time) VALUES ((SELECT id FROM ships WHERE reference = 'ANVL_Ballista'), 8073, 2.06, 6.19) ON CONFLICT (ship_id) DO NOTHING;
INSERT INTO ship_flight_stats (ship_id, scm_speed, max_speed, boost_speed_forward, boost_speed_backward, pitch, yaw, roll, pitch_boosted, yaw_boosted, roll_boosted, accel_forward, accel_backward, accel_up, accel_down, accel_strafe, accel_forward_g, accel_backward_g, accel_up_g, accel_down_g, accel_strafe_g, boost_mult_forward, boost_mult_backward, boost_mult_up, boost_mult_strafe, boost_capacitor_max, boost_regen_per_sec, boost_regen_time, zero_to_scm, zero_to_max, scm_to_zero, mass_empty, mass_loadout, mass_total) VALUES ((SELECT id FROM ships WHERE reference = 'ANVL_Ballista_Dunestalker'), NULL, NULL, NULL, NULL, NULL, NULL, NULL, NULL, NULL, NULL, NULL, NULL, NULL, NULL, NULL, NULL, NULL, NULL, NULL, NULL, NULL, NULL, NULL, NULL, NULL, NULL, NULL, NULL, NULL, NULL, 121816, 4004, 125820) ON CONFLICT (ship_id) DO NOTHING;
INSERT INTO ship_resistances (ship_id, armor_hp, dmg_mult_physical, dmg_mult_energy, dmg_mult_distortion, dmg_mult_thermal, dmg_mult_biochemical, dmg_mult_stun, sig_mult_cross_section, sig_mult_infrared, sig_mult_electromagnetic, pen_resist_base, pen_resist_physical, pen_resist_energy, pen_resist_distortion, base_em_signature, base_ir_signature, base_cs_signature, cross_section_x, cross_section_y, cross_section_z, em_total_shields, em_total_quantum, ir_total_shields, ir_total_quantum) VALUES ((SELECT id FROM ships WHERE reference = 'ANVL_Ballista_Dunestalker'), 2681, 0.6, 0.4, 1, 1, 1, 1, 1, 1, 1, 1, 1, 1, 0, 3672, 1750, NULL, 1885, 1377, 3338, 3672, 3672, 1750, 1750) ON CONFLICT (ship_id) DO NOTHING;
INSERT INTO ship_fuel (ship_id, hydrogen_capacity, fuel_intake_rate, fuel_usage_main, fuel_usage_retro, fuel_usage_maneuvering, maneuvering_time_till_empty, intake_to_main_ratio, quantum_capacity, quantum_range, quantum_speed, quantum_spool_time, quantum_travel_time_po, quantum_fuel_usage_po, thrust_main, thrust_retro, thrust_maneuvering, power_generation, power_used_shields, power_used_quantum, cooling_generation, cooling_used_shields, cooling_used_quantum, shield_hp_total, shield_regen_total) VALUES ((SELECT id FROM ships WHERE reference = 'ANVL_Ballista_Dunestalker'), 0, 0, 0, 0, 0, NULL, NULL, NULL, NULL, NULL, NULL, NULL, NULL, 0, 0, 0, 10, 6.2, 6.2, 16, 11.2, 11.2, 1800, 67) ON CONFLICT (ship_id) DO NOTHING;
INSERT INTO ship_insurance (ship_id, expedited_cost, expedited_claim_time, standard_claim_time) VALUES ((SELECT id FROM ships WHERE reference = 'ANVL_Ballista_Dunestalker'), 8073, 2.06, 6.19) ON CONFLICT (ship_id) DO NOTHING;
INSERT INTO ship_flight_stats (ship_id, scm_speed, max_speed, boost_speed_forward, boost_speed_backward, pitch, yaw, roll, pitch_boosted, yaw_boosted, roll_boosted, accel_forward, accel_backward, accel_up, accel_down, accel_strafe, accel_forward_g, accel_backward_g, accel_up_g, accel_down_g, accel_strafe_g, boost_mult_forward, boost_mult_backward, boost_mult_up, boost_mult_strafe, boost_capacitor_max, boost_regen_per_sec, boost_regen_time, zero_to_scm, zero_to_max, scm_to_zero, mass_empty, mass_loadout, mass_total) VALUES ((SELECT id FROM ships WHERE reference = 'ANVL_Ballista_Snowblind'), NULL, NULL, NULL, NULL, NULL, NULL, NULL, NULL, NULL, NULL, NULL, NULL, NULL, NULL, NULL, NULL, NULL, NULL, NULL, NULL, NULL, NULL, NULL, NULL, NULL, NULL, NULL, NULL, NULL, NULL, 121816, 4004, 125820) ON CONFLICT (ship_id) DO NOTHING;
INSERT INTO ship_resistances (ship_id, armor_hp, dmg_mult_physical, dmg_mult_energy, dmg_mult_distortion, dmg_mult_thermal, dmg_mult_biochemical, dmg_mult_stun, sig_mult_cross_section, sig_mult_infrared, sig_mult_electromagnetic, pen_resist_base, pen_resist_physical, pen_resist_energy, pen_resist_distortion, base_em_signature, base_ir_signature, base_cs_signature, cross_section_x, cross_section_y, cross_section_z, em_total_shields, em_total_quantum, ir_total_shields, ir_total_quantum) VALUES ((SELECT id FROM ships WHERE reference = 'ANVL_Ballista_Snowblind'), 2681, 0.6, 0.4, 1, 1, 1, 1, 1, 1, 1, 1, 1, 1, 0, 3672, 1750, NULL, 1885, 1377, 3338, 3672, 3672, 1750, 1750) ON CONFLICT (ship_id) DO NOTHING;
INSERT INTO ship_fuel (ship_id, hydrogen_capacity, fuel_intake_rate, fuel_usage_main, fuel_usage_retro, fuel_usage_maneuvering, maneuvering_time_till_empty, intake_to_main_ratio, quantum_capacity, quantum_range, quantum_speed, quantum_spool_time, quantum_travel_time_po, quantum_fuel_usage_po, thrust_main, thrust_retro, thrust_maneuvering, power_generation, power_used_shields, power_used_quantum, cooling_generation, cooling_used_shields, cooling_used_quantum, shield_hp_total, shield_regen_total) VALUES ((SELECT id FROM ships WHERE reference = 'ANVL_Ballista_Snowblind'), 0, 0, 0, 0, 0, NULL, NULL, NULL, NULL, NULL, NULL, NULL, NULL, 0, 0, 0, 10, 6.2, 6.2, 16, 11.2, 11.2, 1800, 67) ON CONFLICT (ship_id) DO NOTHING;
INSERT INTO ship_insurance (ship_id, expedited_cost, expedited_claim_time, standard_claim_time) VALUES ((SELECT id FROM ships WHERE reference = 'ANVL_Ballista_Snowblind'), 8073, 2.06, 6.19) ON CONFLICT (ship_id) DO NOTHING;
INSERT INTO ship_flight_stats (ship_id, scm_speed, max_speed, boost_speed_forward, boost_speed_backward, pitch, yaw, roll, pitch_boosted, yaw_boosted, roll_boosted, accel_forward, accel_backward, accel_up, accel_down, accel_strafe, accel_forward_g, accel_backward_g, accel_up_g, accel_down_g, accel_strafe_g, boost_mult_forward, boost_mult_backward, boost_mult_up, boost_mult_strafe, boost_capacitor_max, boost_regen_per_sec, boost_regen_time, zero_to_scm, zero_to_max, scm_to_zero, mass_empty, mass_loadout, mass_total) VALUES ((SELECT id FROM ships WHERE reference = 'ANVL_C8_Pisces'), 220, 1150, 460, 300, 60, 60, 150, 72, 72, 180, 83.99, 26.52, 0, 0, 0, 8.56, 2.7, 0, 0, 0, 1.55, 1.4, 1.3, 1.3, 20, 0.75, 27.8, 2.62, 13.69, 8.3, 45243, 4530, 49773) ON CONFLICT (ship_id) DO NOTHING;
INSERT INTO ship_resistances (ship_id, armor_hp, dmg_mult_physical, dmg_mult_energy, dmg_mult_distortion, dmg_mult_thermal, dmg_mult_biochemical, dmg_mult_stun, sig_mult_cross_section, sig_mult_infrared, sig_mult_electromagnetic, pen_resist_base, pen_resist_physical, pen_resist_energy, pen_resist_distortion, base_em_signature, base_ir_signature, base_cs_signature, cross_section_x, cross_section_y, cross_section_z, em_total_shields, em_total_quantum, ir_total_shields, ir_total_quantum) VALUES ((SELECT id FROM ships WHERE reference = 'ANVL_C8_Pisces'), 3025, 0.7, 0.5, 1, 1, 1, 1, 1, 1, 1, 1, 1, 1, 0, 11533, 4676, NULL, 5664, 1835, 7180, 11533, 26283, 4676, 5103) ON CONFLICT (ship_id) DO NOTHING;
INSERT INTO ship_fuel (ship_id, hydrogen_capacity, fuel_intake_rate, fuel_usage_main, fuel_usage_retro, fuel_usage_maneuvering, maneuvering_time_till_empty, intake_to_main_ratio, quantum_capacity, quantum_range, quantum_speed, quantum_spool_time, quantum_travel_time_po, quantum_fuel_usage_po, thrust_main, thrust_retro, thrust_maneuvering, power_generation, power_used_shields, power_used_quantum, cooling_generation, cooling_used_shields, cooling_used_quantum, shield_hp_total, shield_regen_total) VALUES ((SELECT id FROM ships WHERE reference = 'ANVL_C8_Pisces'), 3200, 12, 1.78, 0.56, 31.25, 183.86, 6.74, 1800, 183673469388, 165000000, 4, 254, 411, 3800000, 1200000, 10000000, 16, 14.9, 13.9, 34, 21.9, 23.9, 2805, 176) ON CONFLICT (ship_id) DO NOTHING;
INSERT INTO ship_insurance (ship_id, expedited_cost, expedited_claim_time, standard_claim_time) VALUES ((SELECT id FROM ships WHERE reference = 'ANVL_C8_Pisces'), 1806, 1.12, 3.36) ON CONFLICT (ship_id) DO NOTHING;
INSERT INTO ship_flight_stats (ship_id, scm_speed, max_speed, boost_speed_forward, boost_speed_backward, pitch, yaw, roll, pitch_boosted, yaw_boosted, roll_boosted, accel_forward, accel_backward, accel_up, accel_down, accel_strafe, accel_forward_g, accel_backward_g, accel_up_g, accel_down_g, accel_strafe_g, boost_mult_forward, boost_mult_backward, boost_mult_up, boost_mult_strafe, boost_capacitor_max, boost_regen_per_sec, boost_regen_time, zero_to_scm, zero_to_max, scm_to_zero, mass_empty, mass_loadout, mass_total) VALUES ((SELECT id FROM ships WHERE reference = 'ANVL_C8R_Pisces'), 220, 1150, 460, 300, 56, 56, 142, 67.2, 67.2, 170.4, 83.99, 26.52, 0, 0, 0, 8.56, 2.7, 0, 0, 0, 1.55, 1.4, 1.3, 1.3, 20, 0.75, 27.8, 2.62, 13.69, 8.3, 45243, 4546, 49789) ON CONFLICT (ship_id) DO NOTHING;
INSERT INTO ship_resistances (ship_id, armor_hp, dmg_mult_physical, dmg_mult_energy, dmg_mult_distortion, dmg_mult_thermal, dmg_mult_biochemical, dmg_mult_stun, sig_mult_cross_section, sig_mult_infrared, sig_mult_electromagnetic, pen_resist_base, pen_resist_physical, pen_resist_energy, pen_resist_distortion, base_em_signature, base_ir_signature, base_cs_signature, cross_section_x, cross_section_y, cross_section_z, em_total_shields, em_total_quantum, ir_total_shields, ir_total_quantum) VALUES ((SELECT id FROM ships WHERE reference = 'ANVL_C8R_Pisces'), 3025, 0.7, 0.5, 1, 1, 1, 1, 1, 1, 1, 1, 1, 1, 0, 11533, 4676, NULL, 5489, 1778, 6958, 11533, 26283, 4676, 5103) ON CONFLICT (ship_id) DO NOTHING;
INSERT INTO ship_fuel (ship_id, hydrogen_capacity, fuel_intake_rate, fuel_usage_main, fuel_usage_retro, fuel_usage_maneuvering, maneuvering_time_till_empty, intake_to_main_ratio, quantum_capacity, quantum_range, quantum_speed, quantum_spool_time, quantum_travel_time_po, quantum_fuel_usage_po, thrust_main, thrust_retro, thrust_maneuvering, power_generation, power_used_shields, power_used_quantum, cooling_generation, cooling_used_shields, cooling_used_quantum, shield_hp_total, shield_regen_total) VALUES ((SELECT id FROM ships WHERE reference = 'ANVL_C8R_Pisces'), 3200, 12, 1.78, 0.56, 31.25, 183.86, 6.74, 1800, 183673469388, 165000000, 4, 254, 411, 3800000, 1200000, 10000000, 16, 14.9, 13.9, 34, 21.9, 23.9, 2805, 176) ON CONFLICT (ship_id) DO NOTHING;
INSERT INTO ship_insurance (ship_id, expedited_cost, expedited_claim_time, standard_claim_time) VALUES ((SELECT id FROM ships WHERE reference = 'ANVL_C8R_Pisces'), 2301, 1.53, 4.59) ON CONFLICT (ship_id) DO NOTHING;
INSERT INTO ship_flight_stats (ship_id, scm_speed, max_speed, boost_speed_forward, boost_speed_backward, pitch, yaw, roll, pitch_boosted, yaw_boosted, roll_boosted, accel_forward, accel_backward, accel_up, accel_down, accel_strafe, accel_forward_g, accel_backward_g, accel_up_g, accel_down_g, accel_strafe_g, boost_mult_forward, boost_mult_backward, boost_mult_up, boost_mult_strafe, boost_capacitor_max, boost_regen_per_sec, boost_regen_time, zero_to_scm, zero_to_max, scm_to_zero, mass_empty, mass_loadout, mass_total) VALUES ((SELECT id FROM ships WHERE reference = 'ANVL_C8X_Pisces_Expedition'), 220, 1150, 460, 300, 60, 60, 150, 72, 72, 180, 83.99, 26.52, 0, 0, 0, 8.56, 2.7, 0, 0, 0, 1.55, 1.4, 1.3, 1.3, 20, 0.75, 27.8, 2.62, 13.69, 8.3, 45243, 4870, 50113) ON CONFLICT (ship_id) DO NOTHING;
INSERT INTO ship_resistances (ship_id, armor_hp, dmg_mult_physical, dmg_mult_energy, dmg_mult_distortion, dmg_mult_thermal, dmg_mult_biochemical, dmg_mult_stun, sig_mult_cross_section, sig_mult_infrared, sig_mult_electromagnetic, pen_resist_base, pen_resist_physical, pen_resist_energy, pen_resist_distortion, base_em_signature, base_ir_signature, base_cs_signature, cross_section_x, cross_section_y, cross_section_z, em_total_shields, em_total_quantum, ir_total_shields, ir_total_quantum) VALUES ((SELECT id FROM ships WHERE reference = 'ANVL_C8X_Pisces_Expedition'), 3025, 0.7, 0.5, 1, 1, 1, 1, 1, 1, 1, 1, 1, 1, 0, 13240, 5061, NULL, 5893, 1909, 7470, 13240, 27990, 5061, 5488) ON CONFLICT (ship_id) DO NOTHING;
INSERT INTO ship_fuel (ship_id, hydrogen_capacity, fuel_intake_rate, fuel_usage_main, fuel_usage_retro, fuel_usage_maneuvering, maneuvering_time_till_empty, intake_to_main_ratio, quantum_capacity, quantum_range, quantum_speed, quantum_spool_time, quantum_travel_time_po, quantum_fuel_usage_po, thrust_main, thrust_retro, thrust_maneuvering, power_generation, power_used_shields, power_used_quantum, cooling_generation, cooling_used_shields, cooling_used_quantum, shield_hp_total, shield_regen_total) VALUES ((SELECT id FROM ships WHERE reference = 'ANVL_C8X_Pisces_Expedition'), 3200, 12, 1.78, 0.56, 31.25, 183.86, 6.74, 1800, 183673469388, 165000000, 4, 254, 411, 3800000, 1200000, 10000000, 16, 16.7, 15.7, 34, 23.7, 25.7, 2805, 176) ON CONFLICT (ship_id) DO NOTHING;
INSERT INTO ship_insurance (ship_id, expedited_cost, expedited_claim_time, standard_claim_time) VALUES ((SELECT id FROM ships WHERE reference = 'ANVL_C8X_Pisces_Expedition'), 1806, 1.12, 3.36) ON CONFLICT (ship_id) DO NOTHING;
INSERT INTO ship_flight_stats (ship_id, scm_speed, max_speed, boost_speed_forward, boost_speed_backward, pitch, yaw, roll, pitch_boosted, yaw_boosted, roll_boosted, accel_forward, accel_backward, accel_up, accel_down, accel_strafe, accel_forward_g, accel_backward_g, accel_up_g, accel_down_g, accel_strafe_g, boost_mult_forward, boost_mult_backward, boost_mult_up, boost_mult_strafe, boost_capacitor_max, boost_regen_per_sec, boost_regen_time, zero_to_scm, zero_to_max, scm_to_zero, mass_empty, mass_loadout, mass_total) VALUES ((SELECT id FROM ships WHERE reference = 'ANVL_Carrack'), 140, 1050, 315, 160, 16, 16, 30, 19.2, 19.2, 36, 50.86, 20.3, 11.36, 0, 0, 5.19, 2.07, 1.16, 0, 0, 1.5, 1.2, 1.3, 1.35, 20, 0.75, 28, 2.75, 20.64, 6.9, 3275858, 1144137, 4419995) ON CONFLICT (ship_id) DO NOTHING;
INSERT INTO ship_resistances (ship_id, armor_hp, dmg_mult_physical, dmg_mult_energy, dmg_mult_distortion, dmg_mult_thermal, dmg_mult_biochemical, dmg_mult_stun, sig_mult_cross_section, sig_mult_infrared, sig_mult_electromagnetic, pen_resist_base, pen_resist_physical, pen_resist_energy, pen_resist_distortion, base_em_signature, base_ir_signature, base_cs_signature, cross_section_x, cross_section_y, cross_section_z, em_total_shields, em_total_quantum, ir_total_shields, ir_total_quantum) VALUES ((SELECT id FROM ships WHERE reference = 'ANVL_Carrack'), 23375, 0.75, 0.6, 1, 1, 1, 1, 1, 1, 1, 1, 1, 1, 0, 48822, 12828, NULL, 26620, 10428, 44000, 48822, 88462, 12828, 10732) ON CONFLICT (ship_id) DO NOTHING;
INSERT INTO ship_fuel (ship_id, hydrogen_capacity, fuel_intake_rate, fuel_usage_main, fuel_usage_retro, fuel_usage_maneuvering, maneuvering_time_till_empty, intake_to_main_ratio, quantum_capacity, quantum_range, quantum_speed, quantum_spool_time, quantum_travel_time_po, quantum_fuel_usage_po, thrust_main, thrust_retro, thrust_maneuvering, power_generation, power_used_shields, power_used_quantum, cooling_generation, cooling_used_shields, cooling_used_quantum, shield_hp_total, shield_regen_total) VALUES ((SELECT id FROM ships WHERE reference = 'ANVL_Carrack'), 360000, 800, 464.81, 185.54, 551.25, 486.2, 1.72, 10600, 274327122153, 319000000, 7, 131, 1620, 166600000, 66500000, 176400000, 30, 43.2, 33.2, 104, 61.2, 51.2, 180000, 11880) ON CONFLICT (ship_id) DO NOTHING;
INSERT INTO ship_insurance (ship_id, expedited_cost, expedited_claim_time, standard_claim_time) VALUES ((SELECT id FROM ships WHERE reference = 'ANVL_Carrack'), 19595, 16.1, 48.3) ON CONFLICT (ship_id) DO NOTHING;
INSERT INTO ship_flight_stats (ship_id, scm_speed, max_speed, boost_speed_forward, boost_speed_backward, pitch, yaw, roll, pitch_boosted, yaw_boosted, roll_boosted, accel_forward, accel_backward, accel_up, accel_down, accel_strafe, accel_forward_g, accel_backward_g, accel_up_g, accel_down_g, accel_strafe_g, boost_mult_forward, boost_mult_backward, boost_mult_up, boost_mult_strafe, boost_capacitor_max, boost_regen_per_sec, boost_regen_time, zero_to_scm, zero_to_max, scm_to_zero, mass_empty, mass_loadout, mass_total) VALUES ((SELECT id FROM ships WHERE reference = 'ANVL_Carrack_BIS2950'), 140, 1050, 315, 160, 16, 16, 30, 19.2, 19.2, 36, 50.86, 20.3, 11.36, 0, 0, 5.19, 2.07, 1.16, 0, 0, 1.5, 1.2, 1.3, 1.35, 20, 0.75, 28, 2.75, 20.64, 6.9, 3275858, 1144137, 4419995) ON CONFLICT (ship_id) DO NOTHING;
INSERT INTO ship_resistances (ship_id, armor_hp, dmg_mult_physical, dmg_mult_energy, dmg_mult_distortion, dmg_mult_thermal, dmg_mult_biochemical, dmg_mult_stun, sig_mult_cross_section, sig_mult_infrared, sig_mult_electromagnetic, pen_resist_base, pen_resist_physical, pen_resist_energy, pen_resist_distortion, base_em_signature, base_ir_signature, base_cs_signature, cross_section_x, cross_section_y, cross_section_z, em_total_shields, em_total_quantum, ir_total_shields, ir_total_quantum) VALUES ((SELECT id FROM ships WHERE reference = 'ANVL_Carrack_BIS2950'), 23375, 0.75, 0.6, 1, 1, 1, 1, 1, 1, 1, 1, 1, 1, 0, 48822, 12828, NULL, 26620, 10428, 44000, 48822, 88462, 12828, 10732) ON CONFLICT (ship_id) DO NOTHING;
INSERT INTO ship_fuel (ship_id, hydrogen_capacity, fuel_intake_rate, fuel_usage_main, fuel_usage_retro, fuel_usage_maneuvering, maneuvering_time_till_empty, intake_to_main_ratio, quantum_capacity, quantum_range, quantum_speed, quantum_spool_time, quantum_travel_time_po, quantum_fuel_usage_po, thrust_main, thrust_retro, thrust_maneuvering, power_generation, power_used_shields, power_used_quantum, cooling_generation, cooling_used_shields, cooling_used_quantum, shield_hp_total, shield_regen_total) VALUES ((SELECT id FROM ships WHERE reference = 'ANVL_Carrack_BIS2950'), 360000, 800, 464.81, 185.54, 551.25, 486.2, 1.72, 10600, 274327122153, 319000000, 7, 131, 1620, 166600000, 66500000, 176400000, 30, 43.2, 33.2, 104, 61.2, 51.2, 180000, 11880) ON CONFLICT (ship_id) DO NOTHING;
INSERT INTO ship_insurance (ship_id, expedited_cost, expedited_claim_time, standard_claim_time) VALUES ((SELECT id FROM ships WHERE reference = 'ANVL_Carrack_BIS2950'), 19595, 16.1, 48.3) ON CONFLICT (ship_id) DO NOTHING;
INSERT INTO ship_flight_stats (ship_id, scm_speed, max_speed, boost_speed_forward, boost_speed_backward, pitch, yaw, roll, pitch_boosted, yaw_boosted, roll_boosted, accel_forward, accel_backward, accel_up, accel_down, accel_strafe, accel_forward_g, accel_backward_g, accel_up_g, accel_down_g, accel_strafe_g, boost_mult_forward, boost_mult_backward, boost_mult_up, boost_mult_strafe, boost_capacitor_max, boost_regen_per_sec, boost_regen_time, zero_to_scm, zero_to_max, scm_to_zero, mass_empty, mass_loadout, mass_total) VALUES ((SELECT id FROM ships WHERE reference = 'ANVL_Carrack_Expedition'), 140, 1050, 315, 160, 16, 16, 30, 19.2, 19.2, 36, 50.86, 20.3, 11.36, 0, 0, 5.19, 2.07, 1.16, 0, 0, 1.5, 1.2, 1.3, 1.35, 20, 0.75, 28, 2.75, 20.64, 6.9, 3275858, 1144137, 4419995) ON CONFLICT (ship_id) DO NOTHING;
INSERT INTO ship_resistances (ship_id, armor_hp, dmg_mult_physical, dmg_mult_energy, dmg_mult_distortion, dmg_mult_thermal, dmg_mult_biochemical, dmg_mult_stun, sig_mult_cross_section, sig_mult_infrared, sig_mult_electromagnetic, pen_resist_base, pen_resist_physical, pen_resist_energy, pen_resist_distortion, base_em_signature, base_ir_signature, base_cs_signature, cross_section_x, cross_section_y, cross_section_z, em_total_shields, em_total_quantum, ir_total_shields, ir_total_quantum) VALUES ((SELECT id FROM ships WHERE reference = 'ANVL_Carrack_Expedition'), 23375, 0.75, 0.6, 1, 1, 1, 1, 1, 1, 1, 1, 1, 1, 0, 48822, 12828, NULL, 26620, 10428, 44000, 48822, 88462, 12828, 10732) ON CONFLICT (ship_id) DO NOTHING;
INSERT INTO ship_fuel (ship_id, hydrogen_capacity, fuel_intake_rate, fuel_usage_main, fuel_usage_retro, fuel_usage_maneuvering, maneuvering_time_till_empty, intake_to_main_ratio, quantum_capacity, quantum_range, quantum_speed, quantum_spool_time, quantum_travel_time_po, quantum_fuel_usage_po, thrust_main, thrust_retro, thrust_maneuvering, power_generation, power_used_shields, power_used_quantum, cooling_generation, cooling_used_shields, cooling_used_quantum, shield_hp_total, shield_regen_total) VALUES ((SELECT id FROM ships WHERE reference = 'ANVL_Carrack_Expedition'), 360000, 800, 464.81, 185.54, 551.25, 486.2, 1.72, 10600, 274327122153, 319000000, 7, 131, 1620, 166600000, 66500000, 176400000, 30, 43.2, 33.2, 104, 61.2, 51.2, 180000, 11880) ON CONFLICT (ship_id) DO NOTHING;
INSERT INTO ship_insurance (ship_id, expedited_cost, expedited_claim_time, standard_claim_time) VALUES ((SELECT id FROM ships WHERE reference = 'ANVL_Carrack_Expedition'), 19595, 16.1, 48.3) ON CONFLICT (ship_id) DO NOTHING;
INSERT INTO ship_flight_stats (ship_id, scm_speed, max_speed, boost_speed_forward, boost_speed_backward, pitch, yaw, roll, pitch_boosted, yaw_boosted, roll_boosted, accel_forward, accel_backward, accel_up, accel_down, accel_strafe, accel_forward_g, accel_backward_g, accel_up_g, accel_down_g, accel_strafe_g, boost_mult_forward, boost_mult_backward, boost_mult_up, boost_mult_strafe, boost_capacitor_max, boost_regen_per_sec, boost_regen_time, zero_to_scm, zero_to_max, scm_to_zero, mass_empty, mass_loadout, mass_total) VALUES ((SELECT id FROM ships WHERE reference = 'ANVL_Centurion'), NULL, NULL, NULL, NULL, NULL, NULL, NULL, NULL, NULL, NULL, NULL, NULL, NULL, NULL, NULL, NULL, NULL, NULL, NULL, NULL, NULL, NULL, NULL, NULL, NULL, NULL, NULL, NULL, NULL, NULL, 134016, 3257, 137273) ON CONFLICT (ship_id) DO NOTHING;
INSERT INTO ship_resistances (ship_id, armor_hp, dmg_mult_physical, dmg_mult_energy, dmg_mult_distortion, dmg_mult_thermal, dmg_mult_biochemical, dmg_mult_stun, sig_mult_cross_section, sig_mult_infrared, sig_mult_electromagnetic, pen_resist_base, pen_resist_physical, pen_resist_energy, pen_resist_distortion, base_em_signature, base_ir_signature, base_cs_signature, cross_section_x, cross_section_y, cross_section_z, em_total_shields, em_total_quantum, ir_total_shields, ir_total_quantum) VALUES ((SELECT id FROM ships WHERE reference = 'ANVL_Centurion'), 2681, 0.6, 0.4, 1, 1, 1, 1, 1, 0.4, 0.3, 1, 1, 1, 0, 5480, 1319, NULL, 1903, 2193, 2053, 5480, 5480, 1319, 1319) ON CONFLICT (ship_id) DO NOTHING;
INSERT INTO ship_fuel (ship_id, hydrogen_capacity, fuel_intake_rate, fuel_usage_main, fuel_usage_retro, fuel_usage_maneuvering, maneuvering_time_till_empty, intake_to_main_ratio, quantum_capacity, quantum_range, quantum_speed, quantum_spool_time, quantum_travel_time_po, quantum_fuel_usage_po, thrust_main, thrust_retro, thrust_maneuvering, power_generation, power_used_shields, power_used_quantum, cooling_generation, cooling_used_shields, cooling_used_quantum, shield_hp_total, shield_regen_total) VALUES ((SELECT id FROM ships WHERE reference = 'ANVL_Centurion'), 0, 0, 0, 0, 0, NULL, NULL, NULL, NULL, NULL, NULL, NULL, NULL, 0, 0, 0, 15, 15.35, 15.35, 68, 21.35, 21.35, 1800, 67) ON CONFLICT (ship_id) DO NOTHING;
INSERT INTO ship_insurance (ship_id, expedited_cost, expedited_claim_time, standard_claim_time) VALUES ((SELECT id FROM ships WHERE reference = 'ANVL_Centurion'), 5920, 2.52, 7.56) ON CONFLICT (ship_id) DO NOTHING;
INSERT INTO ship_flight_stats (ship_id, scm_speed, max_speed, boost_speed_forward, boost_speed_backward, pitch, yaw, roll, pitch_boosted, yaw_boosted, roll_boosted, accel_forward, accel_backward, accel_up, accel_down, accel_strafe, accel_forward_g, accel_backward_g, accel_up_g, accel_down_g, accel_strafe_g, boost_mult_forward, boost_mult_backward, boost_mult_up, boost_mult_strafe, boost_capacitor_max, boost_regen_per_sec, boost_regen_time, zero_to_scm, zero_to_max, scm_to_zero, mass_empty, mass_loadout, mass_total) VALUES ((SELECT id FROM ships WHERE reference = 'ANVL_Gladiator'), 210, 1125, 480, 250, 40, 40, 130, 48, 48, 156, 49.01, 8.48, 0, 0, 0, 5, 0.86, 0, 0, 0, 1.55, 1.4, 1.3, 1.35, 20, 0.75, 27.2, 4.28, 22.95, 24.76, 86108, 10156, 96264) ON CONFLICT (ship_id) DO NOTHING;
INSERT INTO ship_resistances (ship_id, armor_hp, dmg_mult_physical, dmg_mult_energy, dmg_mult_distortion, dmg_mult_thermal, dmg_mult_biochemical, dmg_mult_stun, sig_mult_cross_section, sig_mult_infrared, sig_mult_electromagnetic, pen_resist_base, pen_resist_physical, pen_resist_energy, pen_resist_distortion, base_em_signature, base_ir_signature, base_cs_signature, cross_section_x, cross_section_y, cross_section_z, em_total_shields, em_total_quantum, ir_total_shields, ir_total_quantum) VALUES ((SELECT id FROM ships WHERE reference = 'ANVL_Gladiator'), 13200, 0.75, 0.6, 1, 1, 1, 1, 1, 1, 1, 1, 1, 1, 0, 19132, 7217, NULL, 8715, 2615, 8715, 19132, 36282, 7217, 6790) ON CONFLICT (ship_id) DO NOTHING;
INSERT INTO ship_fuel (ship_id, hydrogen_capacity, fuel_intake_rate, fuel_usage_main, fuel_usage_retro, fuel_usage_maneuvering, maneuvering_time_till_empty, intake_to_main_ratio, quantum_capacity, quantum_range, quantum_speed, quantum_spool_time, quantum_travel_time_po, quantum_fuel_usage_po, thrust_main, thrust_retro, thrust_maneuvering, power_generation, power_used_shields, power_used_quantum, cooling_generation, cooling_used_shields, cooling_used_quantum, shield_hp_total, shield_regen_total) VALUES ((SELECT id FROM ships WHERE reference = 'ANVL_Gladiator'), 15000, 0, 27.66, 4.78, 14.38, 430.42, 0, 1300, 69817400644, 190000000, 4, 221, 781, 4220000, 730000, 4600000, 20, 23.8, 19.8, 68, 33.8, 31.8, 13200, 828) ON CONFLICT (ship_id) DO NOTHING;
INSERT INTO ship_insurance (ship_id, expedited_cost, expedited_claim_time, standard_claim_time) VALUES ((SELECT id FROM ships WHERE reference = 'ANVL_Gladiator'), 3800, 2.53125, 7.59375) ON CONFLICT (ship_id) DO NOTHING;
INSERT INTO ship_flight_stats (ship_id, scm_speed, max_speed, boost_speed_forward, boost_speed_backward, pitch, yaw, roll, pitch_boosted, yaw_boosted, roll_boosted, accel_forward, accel_backward, accel_up, accel_down, accel_strafe, accel_forward_g, accel_backward_g, accel_up_g, accel_down_g, accel_strafe_g, boost_mult_forward, boost_mult_backward, boost_mult_up, boost_mult_strafe, boost_capacitor_max, boost_regen_per_sec, boost_regen_time, zero_to_scm, zero_to_max, scm_to_zero, mass_empty, mass_loadout, mass_total) VALUES ((SELECT id FROM ships WHERE reference = 'ANVL_Hawk'), 225, 1217, 490, 250, 63, 52, 190, 75.6, 62.4, 228, 134.56, 43.11, 0, 0, 0, 13.72, 4.4, 0, 0, 0, 1.55, 1.4, 1.3, 1.3, 20, 0.75, 26.9, 1.67, 9.04, 5.22, 64166, 5595, 69761) ON CONFLICT (ship_id) DO NOTHING;
INSERT INTO ship_resistances (ship_id, armor_hp, dmg_mult_physical, dmg_mult_energy, dmg_mult_distortion, dmg_mult_thermal, dmg_mult_biochemical, dmg_mult_stun, sig_mult_cross_section, sig_mult_infrared, sig_mult_electromagnetic, pen_resist_base, pen_resist_physical, pen_resist_energy, pen_resist_distortion, base_em_signature, base_ir_signature, base_cs_signature, cross_section_x, cross_section_y, cross_section_z, em_total_shields, em_total_quantum, ir_total_shields, ir_total_quantum) VALUES ((SELECT id FROM ships WHERE reference = 'ANVL_Hawk'), 4125, 0.75, 0.6, 1, 1, 1, 1, 1, 1, 1, 1, 1, 1, 0, 21298, 7687, NULL, 11201, 3024, 8064, 21298, 36818, 7687, 5979) ON CONFLICT (ship_id) DO NOTHING;
INSERT INTO ship_fuel (ship_id, hydrogen_capacity, fuel_intake_rate, fuel_usage_main, fuel_usage_retro, fuel_usage_maneuvering, maneuvering_time_till_empty, intake_to_main_ratio, quantum_capacity, quantum_range, quantum_speed, quantum_spool_time, quantum_travel_time_po, quantum_fuel_usage_po, thrust_main, thrust_retro, thrust_maneuvering, power_generation, power_used_shields, power_used_quantum, cooling_generation, cooling_used_shields, cooling_used_quantum, shield_hp_total, shield_regen_total) VALUES ((SELECT id FROM ships WHERE reference = 'ANVL_Hawk'), 10500, 0, 56.59, 18.13, 50.97, 127.93, 0, 1100, 102976970605, 165000000, 4, 254, 448, 8634000, 2766000, 16310000, 16, 25, 19, 68, 36, 28, 7920, 496) ON CONFLICT (ship_id) DO NOTHING;
INSERT INTO ship_insurance (ship_id, expedited_cost, expedited_claim_time, standard_claim_time) VALUES ((SELECT id FROM ships WHERE reference = 'ANVL_Hawk'), 3040, 2.27, 6.8) ON CONFLICT (ship_id) DO NOTHING;
INSERT INTO ship_flight_stats (ship_id, scm_speed, max_speed, boost_speed_forward, boost_speed_backward, pitch, yaw, roll, pitch_boosted, yaw_boosted, roll_boosted, accel_forward, accel_backward, accel_up, accel_down, accel_strafe, accel_forward_g, accel_backward_g, accel_up_g, accel_down_g, accel_strafe_g, boost_mult_forward, boost_mult_backward, boost_mult_up, boost_mult_strafe, boost_capacitor_max, boost_regen_per_sec, boost_regen_time, zero_to_scm, zero_to_max, scm_to_zero, mass_empty, mass_loadout, mass_total) VALUES ((SELECT id FROM ships WHERE reference = 'ANVL_Hornet_F7_Mk2_Collector_Mod'), 215, 1125, 465, 240, 50, 40, 140, 60, 48, 168, 117.1, 38.05, 0, 0, 0, 11.94, 3.88, 0, 0, 0, 1.55, 1.4, 1.35, 1.35, 20, 0.75, 27.2, 1.84, 9.61, 5.65, 68317, 12932, 81249) ON CONFLICT (ship_id) DO NOTHING;
INSERT INTO ship_resistances (ship_id, armor_hp, dmg_mult_physical, dmg_mult_energy, dmg_mult_distortion, dmg_mult_thermal, dmg_mult_biochemical, dmg_mult_stun, sig_mult_cross_section, sig_mult_infrared, sig_mult_electromagnetic, pen_resist_base, pen_resist_physical, pen_resist_energy, pen_resist_distortion, base_em_signature, base_ir_signature, base_cs_signature, cross_section_x, cross_section_y, cross_section_z, em_total_shields, em_total_quantum, ir_total_shields, ir_total_quantum) VALUES ((SELECT id FROM ships WHERE reference = 'ANVL_Hornet_F7_Mk2_Collector_Mod'), 8250, 0.75, 0.6, 1, 1, 1, 1, 1.13, 1.13, 1.13, 1, 1, 1, 0, 23178, 8950, NULL, 7437, 2077, 8040, 23178, 41620, 8950, 7537) ON CONFLICT (ship_id) DO NOTHING;
INSERT INTO ship_fuel (ship_id, hydrogen_capacity, fuel_intake_rate, fuel_usage_main, fuel_usage_retro, fuel_usage_maneuvering, maneuvering_time_till_empty, intake_to_main_ratio, quantum_capacity, quantum_range, quantum_speed, quantum_spool_time, quantum_travel_time_po, quantum_fuel_usage_po, thrust_main, thrust_retro, thrust_maneuvering, power_generation, power_used_shields, power_used_quantum, cooling_generation, cooling_used_shields, cooling_used_quantum, shield_hp_total, shield_regen_total) VALUES ((SELECT id FROM ships WHERE reference = 'ANVL_Hornet_F7_Mk2_Collector_Mod'), 16000, 36, 36.43, 11.84, 57.2, 246.04, 0.99, 1300, 60296846011, 266000000, 4, 158, 904, 8000000, 2599374, 10600000, 21, 26, 20, 76, 38, 32, 11880, 824) ON CONFLICT (ship_id) DO NOTHING;
INSERT INTO ship_insurance (ship_id, expedited_cost, expedited_claim_time, standard_claim_time) VALUES ((SELECT id FROM ships WHERE reference = 'ANVL_Hornet_F7_Mk2_Collector_Mod'), 5050, 2.55, 10.17) ON CONFLICT (ship_id) DO NOTHING;
INSERT INTO ship_flight_stats (ship_id, scm_speed, max_speed, boost_speed_forward, boost_speed_backward, pitch, yaw, roll, pitch_boosted, yaw_boosted, roll_boosted, accel_forward, accel_backward, accel_up, accel_down, accel_strafe, accel_forward_g, accel_backward_g, accel_up_g, accel_down_g, accel_strafe_g, boost_mult_forward, boost_mult_backward, boost_mult_up, boost_mult_strafe, boost_capacitor_max, boost_regen_per_sec, boost_regen_time, zero_to_scm, zero_to_max, scm_to_zero, mass_empty, mass_loadout, mass_total) VALUES ((SELECT id FROM ships WHERE reference = 'ANVL_Hornet_F7A_Mk1'), 220, 1146, 479, 249, 53, 42, 147, 63.6, 50.4, 176.4, 39.07, 34.46, 0, 0, 0, 3.98, 3.51, 0, 0, 0, 1.55, 1.4, 1.35, 1.35, 20, 0.75, 27.2, 5.63, 29.33, 6.38, 72032, 9276, 81308) ON CONFLICT (ship_id) DO NOTHING;
INSERT INTO ship_resistances (ship_id, armor_hp, dmg_mult_physical, dmg_mult_energy, dmg_mult_distortion, dmg_mult_thermal, dmg_mult_biochemical, dmg_mult_stun, sig_mult_cross_section, sig_mult_infrared, sig_mult_electromagnetic, pen_resist_base, pen_resist_physical, pen_resist_energy, pen_resist_distortion, base_em_signature, base_ir_signature, base_cs_signature, cross_section_x, cross_section_y, cross_section_z, em_total_shields, em_total_quantum, ir_total_shields, ir_total_quantum) VALUES ((SELECT id FROM ships WHERE reference = 'ANVL_Hornet_F7A_Mk1'), 8250, 0.75, 0.6, 1, 1, 1, 1, 1.13, 1.13, 1.13, 1, 1, 1, 0, 18288, 5459, NULL, 5998, 1675, 6485, 18288, 36933, 5459, 4763) ON CONFLICT (ship_id) DO NOTHING;
INSERT INTO ship_fuel (ship_id, hydrogen_capacity, fuel_intake_rate, fuel_usage_main, fuel_usage_retro, fuel_usage_maneuvering, maneuvering_time_till_empty, intake_to_main_ratio, quantum_capacity, quantum_range, quantum_speed, quantum_spool_time, quantum_travel_time_po, quantum_fuel_usage_po, thrust_main, thrust_retro, thrust_maneuvering, power_generation, power_used_shields, power_used_quantum, cooling_generation, cooling_used_shields, cooling_used_quantum, shield_hp_total, shield_regen_total) VALUES ((SELECT id FROM ships WHERE reference = 'ANVL_Hornet_F7A_Mk1'), 14000, 36, 12.81, 11.3, 49.71, 371.7, 2.81, 1300, 142637700241, 165000000, 4, 254, 382, 2814000, 2482000, 9212000, 20, 21.4, 17.4, 52, 31.4, 27.4, 5400, 339) ON CONFLICT (ship_id) DO NOTHING;
INSERT INTO ship_insurance (ship_id, expedited_cost, expedited_claim_time, standard_claim_time) VALUES ((SELECT id FROM ships WHERE reference = 'ANVL_Hornet_F7A_Mk1'), 3375, 2.25, 6.75) ON CONFLICT (ship_id) DO NOTHING;
INSERT INTO ship_flight_stats (ship_id, scm_speed, max_speed, boost_speed_forward, boost_speed_backward, pitch, yaw, roll, pitch_boosted, yaw_boosted, roll_boosted, accel_forward, accel_backward, accel_up, accel_down, accel_strafe, accel_forward_g, accel_backward_g, accel_up_g, accel_down_g, accel_strafe_g, boost_mult_forward, boost_mult_backward, boost_mult_up, boost_mult_strafe, boost_capacitor_max, boost_regen_per_sec, boost_regen_time, zero_to_scm, zero_to_max, scm_to_zero, mass_empty, mass_loadout, mass_total) VALUES ((SELECT id FROM ships WHERE reference = 'ANVL_Hornet_F7A_Mk2'), 220, 1146, 479, 249, 50, 40, 143, 60, 48, 171.6, 130.77, 47.31, 0, 0, 0, 13.33, 4.82, 0, 0, 0, 1.55, 1.4, 1.35, 1.35, 20, 0.75, 27.2, 1.68, 8.76, 4.65, 66117, 14985, 81102) ON CONFLICT (ship_id) DO NOTHING;
INSERT INTO ship_resistances (ship_id, armor_hp, dmg_mult_physical, dmg_mult_energy, dmg_mult_distortion, dmg_mult_thermal, dmg_mult_biochemical, dmg_mult_stun, sig_mult_cross_section, sig_mult_infrared, sig_mult_electromagnetic, pen_resist_base, pen_resist_physical, pen_resist_energy, pen_resist_distortion, base_em_signature, base_ir_signature, base_cs_signature, cross_section_x, cross_section_y, cross_section_z, em_total_shields, em_total_quantum, ir_total_shields, ir_total_quantum) VALUES ((SELECT id FROM ships WHERE reference = 'ANVL_Hornet_F7A_Mk2'), 8250, 0.75, 0.6, 1, 1, 1, 1, 1.13, 1.13, 1.13, 1, 1, 1, 0, 27541, 9652, NULL, 7437, 2077, 8040, 27541, 45079, 9652, 7721) ON CONFLICT (ship_id) DO NOTHING;
INSERT INTO ship_fuel (ship_id, hydrogen_capacity, fuel_intake_rate, fuel_usage_main, fuel_usage_retro, fuel_usage_maneuvering, maneuvering_time_till_empty, intake_to_main_ratio, quantum_capacity, quantum_range, quantum_speed, quantum_spool_time, quantum_travel_time_po, quantum_fuel_usage_po, thrust_main, thrust_retro, thrust_maneuvering, power_generation, power_used_shields, power_used_quantum, cooling_generation, cooling_used_shields, cooling_used_quantum, shield_hp_total, shield_regen_total) VALUES ((SELECT id FROM ships WHERE reference = 'ANVL_Hornet_F7A_Mk2'), 16000, 36, 39.37, 14.24, 62.38, 226.76, 0.91, 1300, 142637700241, 165000000, 4, 254, 382, 8646000, 3128000, 11560000, 20, 28, 22, 68, 40, 32, 7920, 496) ON CONFLICT (ship_id) DO NOTHING;
INSERT INTO ship_insurance (ship_id, expedited_cost, expedited_claim_time, standard_claim_time) VALUES ((SELECT id FROM ships WHERE reference = 'ANVL_Hornet_F7A_Mk2'), 5104, 3.56, 11.34) ON CONFLICT (ship_id) DO NOTHING;
INSERT INTO ship_flight_stats (ship_id, scm_speed, max_speed, boost_speed_forward, boost_speed_backward, pitch, yaw, roll, pitch_boosted, yaw_boosted, roll_boosted, accel_forward, accel_backward, accel_up, accel_down, accel_strafe, accel_forward_g, accel_backward_g, accel_up_g, accel_down_g, accel_strafe_g, boost_mult_forward, boost_mult_backward, boost_mult_up, boost_mult_strafe, boost_capacitor_max, boost_regen_per_sec, boost_regen_time, zero_to_scm, zero_to_max, scm_to_zero, mass_empty, mass_loadout, mass_total) VALUES ((SELECT id FROM ships WHERE reference = 'ANVL_Hornet_F7A_Mk2_Exec_Military'), 220, 1146, 479, 249, 50, 40, 143, 60, 48, 171.6, 130.77, 47.31, 0, 0, 0, 13.33, 4.82, 0, 0, 0, 1.55, 1.4, 1.35, 1.35, 20, 0.75, 27.2, 1.68, 8.76, 4.65, 66117, 11325, 77442) ON CONFLICT (ship_id) DO NOTHING;
INSERT INTO ship_resistances (ship_id, armor_hp, dmg_mult_physical, dmg_mult_energy, dmg_mult_distortion, dmg_mult_thermal, dmg_mult_biochemical, dmg_mult_stun, sig_mult_cross_section, sig_mult_infrared, sig_mult_electromagnetic, pen_resist_base, pen_resist_physical, pen_resist_energy, pen_resist_distortion, base_em_signature, base_ir_signature, base_cs_signature, cross_section_x, cross_section_y, cross_section_z, em_total_shields, em_total_quantum, ir_total_shields, ir_total_quantum) VALUES ((SELECT id FROM ships WHERE reference = 'ANVL_Hornet_F7A_Mk2_Exec_Military'), 8250, 0.75, 0.6, 1, 1, 1, 1, 1.13, 1.13, 1.13, 1, 1, 1, 0, 21318, 8761, NULL, 7437, 2077, 8040, 21318, 46540, 8761, 7348) ON CONFLICT (ship_id) DO NOTHING;
INSERT INTO ship_fuel (ship_id, hydrogen_capacity, fuel_intake_rate, fuel_usage_main, fuel_usage_retro, fuel_usage_maneuvering, maneuvering_time_till_empty, intake_to_main_ratio, quantum_capacity, quantum_range, quantum_speed, quantum_spool_time, quantum_travel_time_po, quantum_fuel_usage_po, thrust_main, thrust_retro, thrust_maneuvering, power_generation, power_used_shields, power_used_quantum, cooling_generation, cooling_used_shields, cooling_used_quantum, shield_hp_total, shield_regen_total) VALUES ((SELECT id FROM ships WHERE reference = 'ANVL_Hornet_F7A_Mk2_Exec_Military'), 16000, 36, 39.37, 14.24, 62.38, 226.76, 0.91, 1300, 236880466472, 257000000, 4, 163, 230, 8646000, 3128000, 11560000, 20, 25.2, 19.2, 76, 37.2, 31.2, 7920, 576) ON CONFLICT (ship_id) DO NOTHING;
INSERT INTO ship_insurance (ship_id, expedited_cost, expedited_claim_time, standard_claim_time) VALUES ((SELECT id FROM ships WHERE reference = 'ANVL_Hornet_F7A_Mk2_Exec_Military'), 5104, 3.56, 11.34) ON CONFLICT (ship_id) DO NOTHING;
INSERT INTO ship_flight_stats (ship_id, scm_speed, max_speed, boost_speed_forward, boost_speed_backward, pitch, yaw, roll, pitch_boosted, yaw_boosted, roll_boosted, accel_forward, accel_backward, accel_up, accel_down, accel_strafe, accel_forward_g, accel_backward_g, accel_up_g, accel_down_g, accel_strafe_g, boost_mult_forward, boost_mult_backward, boost_mult_up, boost_mult_strafe, boost_capacitor_max, boost_regen_per_sec, boost_regen_time, zero_to_scm, zero_to_max, scm_to_zero, mass_empty, mass_loadout, mass_total) VALUES ((SELECT id FROM ships WHERE reference = 'ANVL_Hornet_F7A_Mk2_Exec_Stealth'), 220, 1146, 479, 249, 50, 40, 143, 60, 48, 171.6, 130.77, 47.31, 0, 0, 0, 13.33, 4.82, 0, 0, 0, 1.55, 1.4, 1.35, 1.35, 20, 0.75, 27.2, 1.68, 8.76, 4.65, 66117, 11003, 77120) ON CONFLICT (ship_id) DO NOTHING;
INSERT INTO ship_resistances (ship_id, armor_hp, dmg_mult_physical, dmg_mult_energy, dmg_mult_distortion, dmg_mult_thermal, dmg_mult_biochemical, dmg_mult_stun, sig_mult_cross_section, sig_mult_infrared, sig_mult_electromagnetic, pen_resist_base, pen_resist_physical, pen_resist_energy, pen_resist_distortion, base_em_signature, base_ir_signature, base_cs_signature, cross_section_x, cross_section_y, cross_section_z, em_total_shields, em_total_quantum, ir_total_shields, ir_total_quantum) VALUES ((SELECT id FROM ships WHERE reference = 'ANVL_Hornet_F7A_Mk2_Exec_Stealth'), 8250, 0.75, 0.6, 1, 1, 1, 1, 1.13, 1.13, 1.13, 1, 1, 1, 0, 9491, 3049, NULL, 7437, 2077, 8040, 9491, 36950, 3049, 3291) ON CONFLICT (ship_id) DO NOTHING;
INSERT INTO ship_fuel (ship_id, hydrogen_capacity, fuel_intake_rate, fuel_usage_main, fuel_usage_retro, fuel_usage_maneuvering, maneuvering_time_till_empty, intake_to_main_ratio, quantum_capacity, quantum_range, quantum_speed, quantum_spool_time, quantum_travel_time_po, quantum_fuel_usage_po, thrust_main, thrust_retro, thrust_maneuvering, power_generation, power_used_shields, power_used_quantum, cooling_generation, cooling_used_shields, cooling_used_quantum, shield_hp_total, shield_regen_total) VALUES ((SELECT id FROM ships WHERE reference = 'ANVL_Hornet_F7A_Mk2_Exec_Stealth'), 16000, 36, 39.37, 14.24, 62.38, 226.76, 0.91, 1300, 236880466472, 257000000, 4, 163, 230, 8646000, 3128000, 11560000, 18, 17.2, 15.2, 48, 25.2, 27.2, 5610, 408) ON CONFLICT (ship_id) DO NOTHING;
INSERT INTO ship_insurance (ship_id, expedited_cost, expedited_claim_time, standard_claim_time) VALUES ((SELECT id FROM ships WHERE reference = 'ANVL_Hornet_F7A_Mk2_Exec_Stealth'), 5104, 3.56, 11.34) ON CONFLICT (ship_id) DO NOTHING;
INSERT INTO ship_flight_stats (ship_id, scm_speed, max_speed, boost_speed_forward, boost_speed_backward, pitch, yaw, roll, pitch_boosted, yaw_boosted, roll_boosted, accel_forward, accel_backward, accel_up, accel_down, accel_strafe, accel_forward_g, accel_backward_g, accel_up_g, accel_down_g, accel_strafe_g, boost_mult_forward, boost_mult_backward, boost_mult_up, boost_mult_strafe, boost_capacitor_max, boost_regen_per_sec, boost_regen_time, zero_to_scm, zero_to_max, scm_to_zero, mass_empty, mass_loadout, mass_total) VALUES ((SELECT id FROM ships WHERE reference = 'ANVL_Hornet_F7C'), 220, 1150, 480, 250, 55, 44, 149, 66, 52.8, 178.8, 77.48, 34.46, 0, 0, 0, 7.9, 3.51, 0, 0, 0, 1.55, 1.4, 1.35, 1.35, 20, 0.75, 27.2, 2.84, 14.84, 6.38, 72032, 4793, 76825) ON CONFLICT (ship_id) DO NOTHING;
INSERT INTO ship_resistances (ship_id, armor_hp, dmg_mult_physical, dmg_mult_energy, dmg_mult_distortion, dmg_mult_thermal, dmg_mult_biochemical, dmg_mult_stun, sig_mult_cross_section, sig_mult_infrared, sig_mult_electromagnetic, pen_resist_base, pen_resist_physical, pen_resist_energy, pen_resist_distortion, base_em_signature, base_ir_signature, base_cs_signature, cross_section_x, cross_section_y, cross_section_z, em_total_shields, em_total_quantum, ir_total_shields, ir_total_quantum) VALUES ((SELECT id FROM ships WHERE reference = 'ANVL_Hornet_F7C'), 8250, 0.75, 0.6, 1, 1, 1, 1, 1.13, 1.13, 1.13, 1, 1, 1, 0, 14253, 5215, NULL, 5998, 1675, 6485, 14253, 32898, 5215, 4520) ON CONFLICT (ship_id) DO NOTHING;
INSERT INTO ship_fuel (ship_id, hydrogen_capacity, fuel_intake_rate, fuel_usage_main, fuel_usage_retro, fuel_usage_maneuvering, maneuvering_time_till_empty, intake_to_main_ratio, quantum_capacity, quantum_range, quantum_speed, quantum_spool_time, quantum_travel_time_po, quantum_fuel_usage_po, thrust_main, thrust_retro, thrust_maneuvering, power_generation, power_used_shields, power_used_quantum, cooling_generation, cooling_used_shields, cooling_used_quantum, shield_hp_total, shield_regen_total) VALUES ((SELECT id FROM ships WHERE reference = 'ANVL_Hornet_F7C'), 12000, 36, 25.41, 11.3, 49.71, 238.73, 1.42, 1300, 142637700241, 165000000, 4, 254, 382, 5581000, 2482000, 9212000, 14, 20, 16, 52, 30, 26, 5400, 339) ON CONFLICT (ship_id) DO NOTHING;
INSERT INTO ship_insurance (ship_id, expedited_cost, expedited_claim_time, standard_claim_time) VALUES ((SELECT id FROM ships WHERE reference = 'ANVL_Hornet_F7C'), 3375, 2.25, 6.75) ON CONFLICT (ship_id) DO NOTHING;
INSERT INTO ship_flight_stats (ship_id, scm_speed, max_speed, boost_speed_forward, boost_speed_backward, pitch, yaw, roll, pitch_boosted, yaw_boosted, roll_boosted, accel_forward, accel_backward, accel_up, accel_down, accel_strafe, accel_forward_g, accel_backward_g, accel_up_g, accel_down_g, accel_strafe_g, boost_mult_forward, boost_mult_backward, boost_mult_up, boost_mult_strafe, boost_capacitor_max, boost_regen_per_sec, boost_regen_time, zero_to_scm, zero_to_max, scm_to_zero, mass_empty, mass_loadout, mass_total) VALUES ((SELECT id FROM ships WHERE reference = 'ANVL_Hornet_F7C_Mk2'), 220, 1150, 480, 250, 52, 43, 148, 62.4, 51.6, 177.6, 139.19, 50.36, 0, 0, 0, 14.19, 5.14, 0, 0, 0, 1.55, 1.4, 1.35, 1.35, 20, 0.75, 27.2, 1.58, 8.26, 4.37, 62117, 10689, 72806) ON CONFLICT (ship_id) DO NOTHING;
INSERT INTO ship_resistances (ship_id, armor_hp, dmg_mult_physical, dmg_mult_energy, dmg_mult_distortion, dmg_mult_thermal, dmg_mult_biochemical, dmg_mult_stun, sig_mult_cross_section, sig_mult_infrared, sig_mult_electromagnetic, pen_resist_base, pen_resist_physical, pen_resist_energy, pen_resist_distortion, base_em_signature, base_ir_signature, base_cs_signature, cross_section_x, cross_section_y, cross_section_z, em_total_shields, em_total_quantum, ir_total_shields, ir_total_quantum) VALUES ((SELECT id FROM ships WHERE reference = 'ANVL_Hornet_F7C_Mk2'), 8250, 0.75, 0.6, 1, 1, 1, 1, 1.13, 1.13, 1.13, 1, 1, 1, 0, 30708, 8252, NULL, 7437, 2077, 8040, 30708, 48246, 8252, 6322) ON CONFLICT (ship_id) DO NOTHING;
INSERT INTO ship_fuel (ship_id, hydrogen_capacity, fuel_intake_rate, fuel_usage_main, fuel_usage_retro, fuel_usage_maneuvering, maneuvering_time_till_empty, intake_to_main_ratio, quantum_capacity, quantum_range, quantum_speed, quantum_spool_time, quantum_travel_time_po, quantum_fuel_usage_po, thrust_main, thrust_retro, thrust_maneuvering, power_generation, power_used_shields, power_used_quantum, cooling_generation, cooling_used_shields, cooling_used_quantum, shield_hp_total, shield_regen_total) VALUES ((SELECT id FROM ships WHERE reference = 'ANVL_Hornet_F7C_Mk2'), 16000, 36, 39.37, 14.24, 62.38, 226.76, 0.91, 1300, 142637700241, 165000000, 4, 254, 382, 8646000, 3128000, 11560000, 18, 22.2, 16.2, 68, 34.2, 26.2, 7920, 496) ON CONFLICT (ship_id) DO NOTHING;
INSERT INTO ship_insurance (ship_id, expedited_cost, expedited_claim_time, standard_claim_time) VALUES ((SELECT id FROM ships WHERE reference = 'ANVL_Hornet_F7C_Mk2'), 5104, 3.56, 11.34) ON CONFLICT (ship_id) DO NOTHING;
INSERT INTO ship_flight_stats (ship_id, scm_speed, max_speed, boost_speed_forward, boost_speed_backward, pitch, yaw, roll, pitch_boosted, yaw_boosted, roll_boosted, accel_forward, accel_backward, accel_up, accel_down, accel_strafe, accel_forward_g, accel_backward_g, accel_up_g, accel_down_g, accel_strafe_g, boost_mult_forward, boost_mult_backward, boost_mult_up, boost_mult_strafe, boost_capacitor_max, boost_regen_per_sec, boost_regen_time, zero_to_scm, zero_to_max, scm_to_zero, mass_empty, mass_loadout, mass_total) VALUES ((SELECT id FROM ships WHERE reference = 'ANVL_Hornet_F7C_Wildfire'), 220, 1150, 480, 250, 55, 44, 149, 66, 52.8, 178.8, 77.48, 34.46, 0, 0, 0, 7.9, 3.51, 0, 0, 0, 1.55, 1.4, 1.35, 1.35, 20, 0.75, 27.2, 2.84, 14.84, 6.38, 72032, 6835, 78867) ON CONFLICT (ship_id) DO NOTHING;
INSERT INTO ship_resistances (ship_id, armor_hp, dmg_mult_physical, dmg_mult_energy, dmg_mult_distortion, dmg_mult_thermal, dmg_mult_biochemical, dmg_mult_stun, sig_mult_cross_section, sig_mult_infrared, sig_mult_electromagnetic, pen_resist_base, pen_resist_physical, pen_resist_energy, pen_resist_distortion, base_em_signature, base_ir_signature, base_cs_signature, cross_section_x, cross_section_y, cross_section_z, em_total_shields, em_total_quantum, ir_total_shields, ir_total_quantum) VALUES ((SELECT id FROM ships WHERE reference = 'ANVL_Hornet_F7C_Wildfire'), 8250, 0.75, 0.6, 1, 1, 1, 1, 1.13, 1.13, 1.13, 1, 1, 1, 0, 16170, 4920, NULL, 5998, 1675, 6485, 16170, 34815, 4920, 4224) ON CONFLICT (ship_id) DO NOTHING;
INSERT INTO ship_fuel (ship_id, hydrogen_capacity, fuel_intake_rate, fuel_usage_main, fuel_usage_retro, fuel_usage_maneuvering, maneuvering_time_till_empty, intake_to_main_ratio, quantum_capacity, quantum_range, quantum_speed, quantum_spool_time, quantum_travel_time_po, quantum_fuel_usage_po, thrust_main, thrust_retro, thrust_maneuvering, power_generation, power_used_shields, power_used_quantum, cooling_generation, cooling_used_shields, cooling_used_quantum, shield_hp_total, shield_regen_total) VALUES ((SELECT id FROM ships WHERE reference = 'ANVL_Hornet_F7C_Wildfire'), 12000, 36, 25.41, 11.3, 49.71, 238.73, 1.42, 1300, 142637700241, 165000000, 4, 254, 382, 5581000, 2482000, 9212000, 15, 18.3, 14.3, 52, 28.3, 24.3, 5400, 339) ON CONFLICT (ship_id) DO NOTHING;
INSERT INTO ship_insurance (ship_id, expedited_cost, expedited_claim_time, standard_claim_time) VALUES ((SELECT id FROM ships WHERE reference = 'ANVL_Hornet_F7C_Wildfire'), 3375, 2.25, 6.75) ON CONFLICT (ship_id) DO NOTHING;
INSERT INTO ship_flight_stats (ship_id, scm_speed, max_speed, boost_speed_forward, boost_speed_backward, pitch, yaw, roll, pitch_boosted, yaw_boosted, roll_boosted, accel_forward, accel_backward, accel_up, accel_down, accel_strafe, accel_forward_g, accel_backward_g, accel_up_g, accel_down_g, accel_strafe_g, boost_mult_forward, boost_mult_backward, boost_mult_up, boost_mult_strafe, boost_capacitor_max, boost_regen_per_sec, boost_regen_time, zero_to_scm, zero_to_max, scm_to_zero, mass_empty, mass_loadout, mass_total) VALUES ((SELECT id FROM ships WHERE reference = 'ANVL_Hornet_F7CM'), 219, 1142, 477, 249, 53, 42, 145, 63.6, 50.4, 174, 112.62, 28.86, 0, 0, 0, 11.48, 2.94, 0, 0, 0, 1.55, 1.4, 1.35, 1.35, 20, 0.75, 27.2, 1.94, 10.14, 7.59, 76786, 7194, 83980) ON CONFLICT (ship_id) DO NOTHING;
INSERT INTO ship_resistances (ship_id, armor_hp, dmg_mult_physical, dmg_mult_energy, dmg_mult_distortion, dmg_mult_thermal, dmg_mult_biochemical, dmg_mult_stun, sig_mult_cross_section, sig_mult_infrared, sig_mult_electromagnetic, pen_resist_base, pen_resist_physical, pen_resist_energy, pen_resist_distortion, base_em_signature, base_ir_signature, base_cs_signature, cross_section_x, cross_section_y, cross_section_z, em_total_shields, em_total_quantum, ir_total_shields, ir_total_quantum) VALUES ((SELECT id FROM ships WHERE reference = 'ANVL_Hornet_F7CM'), 8250, 0.75, 0.6, 1, 1, 1, 1, 1.13, 1.13, 1.13, 1, 1, 1, 0, 23033, 8759, NULL, 7249, 2025, 7837, 23033, 40571, 8759, 6828) ON CONFLICT (ship_id) DO NOTHING;
INSERT INTO ship_fuel (ship_id, hydrogen_capacity, fuel_intake_rate, fuel_usage_main, fuel_usage_retro, fuel_usage_maneuvering, maneuvering_time_till_empty, intake_to_main_ratio, quantum_capacity, quantum_range, quantum_speed, quantum_spool_time, quantum_travel_time_po, quantum_fuel_usage_po, thrust_main, thrust_retro, thrust_maneuvering, power_generation, power_used_shields, power_used_quantum, cooling_generation, cooling_used_shields, cooling_used_quantum, shield_hp_total, shield_regen_total) VALUES ((SELECT id FROM ships WHERE reference = 'ANVL_Hornet_F7CM'), 13500, 36, 39.38, 10.09, 95.79, 154.68, 0.91, 1300, 142637700241, 165000000, 4, 254, 382, 8648000, 2216000, 17752000, 16, 24.3, 18.3, 68, 36.3, 28.3, 7920, 496) ON CONFLICT (ship_id) DO NOTHING;
INSERT INTO ship_insurance (ship_id, expedited_cost, expedited_claim_time, standard_claim_time) VALUES ((SELECT id FROM ships WHERE reference = 'ANVL_Hornet_F7CM'), 4789, 3.24, 9.72) ON CONFLICT (ship_id) DO NOTHING;
INSERT INTO ship_flight_stats (ship_id, scm_speed, max_speed, boost_speed_forward, boost_speed_backward, pitch, yaw, roll, pitch_boosted, yaw_boosted, roll_boosted, accel_forward, accel_backward, accel_up, accel_down, accel_strafe, accel_forward_g, accel_backward_g, accel_up_g, accel_down_g, accel_strafe_g, boost_mult_forward, boost_mult_backward, boost_mult_up, boost_mult_strafe, boost_capacitor_max, boost_regen_per_sec, boost_regen_time, zero_to_scm, zero_to_max, scm_to_zero, mass_empty, mass_loadout, mass_total) VALUES ((SELECT id FROM ships WHERE reference = 'ANVL_Hornet_F7CM_Heartseeker'), 219, 1142, 477, 249, 53, 42, 145, 63.6, 50.4, 174, 112.62, 28.86, 0, 0, 0, 11.48, 2.94, 0, 0, 0, 1.55, 1.4, 1.35, 1.35, 20, 0.75, 27.2, 1.94, 10.14, 7.59, 76786, 11700, 88486) ON CONFLICT (ship_id) DO NOTHING;
INSERT INTO ship_resistances (ship_id, armor_hp, dmg_mult_physical, dmg_mult_energy, dmg_mult_distortion, dmg_mult_thermal, dmg_mult_biochemical, dmg_mult_stun, sig_mult_cross_section, sig_mult_infrared, sig_mult_electromagnetic, pen_resist_base, pen_resist_physical, pen_resist_energy, pen_resist_distortion, base_em_signature, base_ir_signature, base_cs_signature, cross_section_x, cross_section_y, cross_section_z, em_total_shields, em_total_quantum, ir_total_shields, ir_total_quantum) VALUES ((SELECT id FROM ships WHERE reference = 'ANVL_Hornet_F7CM_Heartseeker'), 8250, 0.75, 0.6, 1, 1, 1, 1, 1.13, 1.13, 1.13, 1, 1, 1, 0, 23693, 8855, NULL, 7249, 2025, 7837, 23693, 41231, 8855, 6925) ON CONFLICT (ship_id) DO NOTHING;
INSERT INTO ship_fuel (ship_id, hydrogen_capacity, fuel_intake_rate, fuel_usage_main, fuel_usage_retro, fuel_usage_maneuvering, maneuvering_time_till_empty, intake_to_main_ratio, quantum_capacity, quantum_range, quantum_speed, quantum_spool_time, quantum_travel_time_po, quantum_fuel_usage_po, thrust_main, thrust_retro, thrust_maneuvering, power_generation, power_used_shields, power_used_quantum, cooling_generation, cooling_used_shields, cooling_used_quantum, shield_hp_total, shield_regen_total) VALUES ((SELECT id FROM ships WHERE reference = 'ANVL_Hornet_F7CM_Heartseeker'), 13500, 36, 39.38, 10.09, 95.79, 154.68, 0.91, 1300, 142637700241, 165000000, 4, 254, 382, 8648000, 2216000, 17752000, 16, 24.7, 18.7, 68, 36.7, 28.7, 7920, 523) ON CONFLICT (ship_id) DO NOTHING;
INSERT INTO ship_insurance (ship_id, expedited_cost, expedited_claim_time, standard_claim_time) VALUES ((SELECT id FROM ships WHERE reference = 'ANVL_Hornet_F7CM_Heartseeker'), 4789, 3.24, 9.72) ON CONFLICT (ship_id) DO NOTHING;
INSERT INTO ship_flight_stats (ship_id, scm_speed, max_speed, boost_speed_forward, boost_speed_backward, pitch, yaw, roll, pitch_boosted, yaw_boosted, roll_boosted, accel_forward, accel_backward, accel_up, accel_down, accel_strafe, accel_forward_g, accel_backward_g, accel_up_g, accel_down_g, accel_strafe_g, boost_mult_forward, boost_mult_backward, boost_mult_up, boost_mult_strafe, boost_capacitor_max, boost_regen_per_sec, boost_regen_time, zero_to_scm, zero_to_max, scm_to_zero, mass_empty, mass_loadout, mass_total) VALUES ((SELECT id FROM ships WHERE reference = 'ANVL_Hornet_F7CM_Mk2'), 215, 1125, 465, 240, 50, 40, 140, 60, 48, 168, 117.1, 38.05, 0, 0, 0, 11.94, 3.88, 0, 0, 0, 1.55, 1.4, 1.35, 1.35, 20, 0.75, 27.2, 1.84, 9.61, 5.65, 68317, 12992, 81309) ON CONFLICT (ship_id) DO NOTHING;
INSERT INTO ship_resistances (ship_id, armor_hp, dmg_mult_physical, dmg_mult_energy, dmg_mult_distortion, dmg_mult_thermal, dmg_mult_biochemical, dmg_mult_stun, sig_mult_cross_section, sig_mult_infrared, sig_mult_electromagnetic, pen_resist_base, pen_resist_physical, pen_resist_energy, pen_resist_distortion, base_em_signature, base_ir_signature, base_cs_signature, cross_section_x, cross_section_y, cross_section_z, em_total_shields, em_total_quantum, ir_total_shields, ir_total_quantum) VALUES ((SELECT id FROM ships WHERE reference = 'ANVL_Hornet_F7CM_Mk2'), 8250, 0.75, 0.6, 1, 1, 1, 1, 1.13, 1.13, 1.13, 1, 1, 1, 0, 23171, 9169, NULL, 7437, 2077, 8040, 23171, 40709, 9169, 7239) ON CONFLICT (ship_id) DO NOTHING;
INSERT INTO ship_fuel (ship_id, hydrogen_capacity, fuel_intake_rate, fuel_usage_main, fuel_usage_retro, fuel_usage_maneuvering, maneuvering_time_till_empty, intake_to_main_ratio, quantum_capacity, quantum_range, quantum_speed, quantum_spool_time, quantum_travel_time_po, quantum_fuel_usage_po, thrust_main, thrust_retro, thrust_maneuvering, power_generation, power_used_shields, power_used_quantum, cooling_generation, cooling_used_shields, cooling_used_quantum, shield_hp_total, shield_regen_total) VALUES ((SELECT id FROM ships WHERE reference = 'ANVL_Hornet_F7CM_Mk2'), 16000, 36, 36.43, 11.84, 57.2, 246.04, 0.99, 1300, 142637700241, 165000000, 4, 254, 382, 8000000, 2599374, 10600000, 20, 26, 20, 68, 38, 30, 11880, 744) ON CONFLICT (ship_id) DO NOTHING;
INSERT INTO ship_insurance (ship_id, expedited_cost, expedited_claim_time, standard_claim_time) VALUES ((SELECT id FROM ships WHERE reference = 'ANVL_Hornet_F7CM_Mk2'), 5050, 2.55, 10.17) ON CONFLICT (ship_id) DO NOTHING;
INSERT INTO ship_flight_stats (ship_id, scm_speed, max_speed, boost_speed_forward, boost_speed_backward, pitch, yaw, roll, pitch_boosted, yaw_boosted, roll_boosted, accel_forward, accel_backward, accel_up, accel_down, accel_strafe, accel_forward_g, accel_backward_g, accel_up_g, accel_down_g, accel_strafe_g, boost_mult_forward, boost_mult_backward, boost_mult_up, boost_mult_strafe, boost_capacitor_max, boost_regen_per_sec, boost_regen_time, zero_to_scm, zero_to_max, scm_to_zero, mass_empty, mass_loadout, mass_total) VALUES ((SELECT id FROM ships WHERE reference = 'ANVL_Hornet_F7CM_Mk2_Heartseeker'), 215, 1125, 465, 240, 50, 40, 140, 60, 48, 168, 117.1, 38.05, 0, 0, 0, 11.94, 3.88, 0, 0, 0, 1.55, 1.4, 1.35, 1.35, 20, 0.75, 27.2, 1.84, 9.61, 5.65, 68317, 12468, 80785) ON CONFLICT (ship_id) DO NOTHING;
INSERT INTO ship_resistances (ship_id, armor_hp, dmg_mult_physical, dmg_mult_energy, dmg_mult_distortion, dmg_mult_thermal, dmg_mult_biochemical, dmg_mult_stun, sig_mult_cross_section, sig_mult_infrared, sig_mult_electromagnetic, pen_resist_base, pen_resist_physical, pen_resist_energy, pen_resist_distortion, base_em_signature, base_ir_signature, base_cs_signature, cross_section_x, cross_section_y, cross_section_z, em_total_shields, em_total_quantum, ir_total_shields, ir_total_quantum) VALUES ((SELECT id FROM ships WHERE reference = 'ANVL_Hornet_F7CM_Mk2_Heartseeker'), 8250, 0.75, 0.6, 1, 1, 1, 1, 1.13, 1.13, 1.13, 1, 1, 1, 0, 22280, 8783, NULL, 7437, 2077, 8040, 22280, 39818, 8783, 6853) ON CONFLICT (ship_id) DO NOTHING;
INSERT INTO ship_fuel (ship_id, hydrogen_capacity, fuel_intake_rate, fuel_usage_main, fuel_usage_retro, fuel_usage_maneuvering, maneuvering_time_till_empty, intake_to_main_ratio, quantum_capacity, quantum_range, quantum_speed, quantum_spool_time, quantum_travel_time_po, quantum_fuel_usage_po, thrust_main, thrust_retro, thrust_maneuvering, power_generation, power_used_shields, power_used_quantum, cooling_generation, cooling_used_shields, cooling_used_quantum, shield_hp_total, shield_regen_total) VALUES ((SELECT id FROM ships WHERE reference = 'ANVL_Hornet_F7CM_Mk2_Heartseeker'), 16000, 36, 36.43, 11.84, 57.2, 246.04, 0.99, 1300, 142637700241, 165000000, 4, 254, 382, 8000000, 2599374, 10600000, 20, 24.4, 18.4, 68, 36.4, 28.4, 11880, 744) ON CONFLICT (ship_id) DO NOTHING;
INSERT INTO ship_insurance (ship_id, expedited_cost, expedited_claim_time, standard_claim_time) VALUES ((SELECT id FROM ships WHERE reference = 'ANVL_Hornet_F7CM_Mk2_Heartseeker'), 5640, 2.8, 11.17) ON CONFLICT (ship_id) DO NOTHING;
INSERT INTO ship_flight_stats (ship_id, scm_speed, max_speed, boost_speed_forward, boost_speed_backward, pitch, yaw, roll, pitch_boosted, yaw_boosted, roll_boosted, accel_forward, accel_backward, accel_up, accel_down, accel_strafe, accel_forward_g, accel_backward_g, accel_up_g, accel_down_g, accel_strafe_g, boost_mult_forward, boost_mult_backward, boost_mult_up, boost_mult_strafe, boost_capacitor_max, boost_regen_per_sec, boost_regen_time, zero_to_scm, zero_to_max, scm_to_zero, mass_empty, mass_loadout, mass_total) VALUES ((SELECT id FROM ships WHERE reference = 'ANVL_Hornet_F7CR'), 219, 1142, 477, 249, 56, 45, 150, 67.2, 54, 180, 77.41, 34.43, 0, 0, 0, 7.89, 3.51, 0, 0, 0, 1.55, 1.4, 1.35, 1.35, 20, 0.75, 27.2, 2.83, 14.75, 6.36, 72097, 4557, 76654) ON CONFLICT (ship_id) DO NOTHING;
INSERT INTO ship_resistances (ship_id, armor_hp, dmg_mult_physical, dmg_mult_energy, dmg_mult_distortion, dmg_mult_thermal, dmg_mult_biochemical, dmg_mult_stun, sig_mult_cross_section, sig_mult_infrared, sig_mult_electromagnetic, pen_resist_base, pen_resist_physical, pen_resist_energy, pen_resist_distortion, base_em_signature, base_ir_signature, base_cs_signature, cross_section_x, cross_section_y, cross_section_z, em_total_shields, em_total_quantum, ir_total_shields, ir_total_quantum) VALUES ((SELECT id FROM ships WHERE reference = 'ANVL_Hornet_F7CR'), 8250, 0.75, 0.6, 1, 1, 1, 1, 1.13, 1.13, 1.13, 1, 1, 1, 0, 15338, 5873, NULL, 5998, 1675, 6485, 15338, 33829, 5873, 5090) ON CONFLICT (ship_id) DO NOTHING;
INSERT INTO ship_fuel (ship_id, hydrogen_capacity, fuel_intake_rate, fuel_usage_main, fuel_usage_retro, fuel_usage_maneuvering, maneuvering_time_till_empty, intake_to_main_ratio, quantum_capacity, quantum_range, quantum_speed, quantum_spool_time, quantum_travel_time_po, quantum_fuel_usage_po, thrust_main, thrust_retro, thrust_maneuvering, power_generation, power_used_shields, power_used_quantum, cooling_generation, cooling_used_shields, cooling_used_quantum, shield_hp_total, shield_regen_total) VALUES ((SELECT id FROM ships WHERE reference = 'ANVL_Hornet_F7CR'), 12000, 36, 25.41, 11.3, 49.71, 238.73, 1.42, 1800, 197498354180, 165000000, 4, 254, 382, 5581000, 2482000, 9212000, 16, 20, 16, 68, 30, 26, 4800, 301) ON CONFLICT (ship_id) DO NOTHING;
INSERT INTO ship_insurance (ship_id, expedited_cost, expedited_claim_time, standard_claim_time) VALUES ((SELECT id FROM ships WHERE reference = 'ANVL_Hornet_F7CR'), 4367, 2.7, 8.1) ON CONFLICT (ship_id) DO NOTHING;
INSERT INTO ship_flight_stats (ship_id, scm_speed, max_speed, boost_speed_forward, boost_speed_backward, pitch, yaw, roll, pitch_boosted, yaw_boosted, roll_boosted, accel_forward, accel_backward, accel_up, accel_down, accel_strafe, accel_forward_g, accel_backward_g, accel_up_g, accel_down_g, accel_strafe_g, boost_mult_forward, boost_mult_backward, boost_mult_up, boost_mult_strafe, boost_capacitor_max, boost_regen_per_sec, boost_regen_time, zero_to_scm, zero_to_max, scm_to_zero, mass_empty, mass_loadout, mass_total) VALUES ((SELECT id FROM ships WHERE reference = 'ANVL_Hornet_F7CR_Mk2'), 220, 1150, 480, 250, 52, 43, 148, 62.4, 51.6, 177.6, 122.07, 44.21, 0, 0, 0, 12.45, 4.51, 0, 0, 0, 1.55, 1.4, 1.35, 1.35, 20, 0.75, 27.2, 1.8, 9.42, 4.98, 66117, 5791, 71908) ON CONFLICT (ship_id) DO NOTHING;
INSERT INTO ship_resistances (ship_id, armor_hp, dmg_mult_physical, dmg_mult_energy, dmg_mult_distortion, dmg_mult_thermal, dmg_mult_biochemical, dmg_mult_stun, sig_mult_cross_section, sig_mult_infrared, sig_mult_electromagnetic, pen_resist_base, pen_resist_physical, pen_resist_energy, pen_resist_distortion, base_em_signature, base_ir_signature, base_cs_signature, cross_section_x, cross_section_y, cross_section_z, em_total_shields, em_total_quantum, ir_total_shields, ir_total_quantum) VALUES ((SELECT id FROM ships WHERE reference = 'ANVL_Hornet_F7CR_Mk2'), 3850, 0.75, 0.6, 1, 1, 1, 1, 1.13, 1.13, 1.13, 1, 1, 1, 0, 30708, 8252, NULL, 7437, 2077, 8040, 30708, 48246, 8252, 6322) ON CONFLICT (ship_id) DO NOTHING;
INSERT INTO ship_fuel (ship_id, hydrogen_capacity, fuel_intake_rate, fuel_usage_main, fuel_usage_retro, fuel_usage_maneuvering, maneuvering_time_till_empty, intake_to_main_ratio, quantum_capacity, quantum_range, quantum_speed, quantum_spool_time, quantum_travel_time_po, quantum_fuel_usage_po, thrust_main, thrust_retro, thrust_maneuvering, power_generation, power_used_shields, power_used_quantum, cooling_generation, cooling_used_shields, cooling_used_quantum, shield_hp_total, shield_regen_total) VALUES ((SELECT id FROM ships WHERE reference = 'ANVL_Hornet_F7CR_Mk2'), 14400, 36, 36.75, 13.31, 60.4, 215.09, 0.98, 1800, 197498354180, 165000000, 4, 254, 382, 8070928, 2922927, 11194608, 18, 22.2, 16.2, 68, 34.2, 26.2, 7920, 496) ON CONFLICT (ship_id) DO NOTHING;
INSERT INTO ship_insurance (ship_id, expedited_cost, expedited_claim_time, standard_claim_time) VALUES ((SELECT id FROM ships WHERE reference = 'ANVL_Hornet_F7CR_Mk2'), 4070, 2.33, 9.33) ON CONFLICT (ship_id) DO NOTHING;
INSERT INTO ship_flight_stats (ship_id, scm_speed, max_speed, boost_speed_forward, boost_speed_backward, pitch, yaw, roll, pitch_boosted, yaw_boosted, roll_boosted, accel_forward, accel_backward, accel_up, accel_down, accel_strafe, accel_forward_g, accel_backward_g, accel_up_g, accel_down_g, accel_strafe_g, boost_mult_forward, boost_mult_backward, boost_mult_up, boost_mult_strafe, boost_capacitor_max, boost_regen_per_sec, boost_regen_time, zero_to_scm, zero_to_max, scm_to_zero, mass_empty, mass_loadout, mass_total) VALUES ((SELECT id FROM ships WHERE reference = 'ANVL_Hornet_F7CS'), 219, 1142, 477, 249, 55, 44, 149, 66, 52.8, 178.8, 77.92, 34.65, 0, 0, 0, 7.95, 3.53, 0, 0, 0, 1.55, 1.4, 1.35, 1.35, 20, 0.75, 27.2, 2.81, 14.66, 6.32, 71624, 5880, 77504) ON CONFLICT (ship_id) DO NOTHING;
INSERT INTO ship_resistances (ship_id, armor_hp, dmg_mult_physical, dmg_mult_energy, dmg_mult_distortion, dmg_mult_thermal, dmg_mult_biochemical, dmg_mult_stun, sig_mult_cross_section, sig_mult_infrared, sig_mult_electromagnetic, pen_resist_base, pen_resist_physical, pen_resist_energy, pen_resist_distortion, base_em_signature, base_ir_signature, base_cs_signature, cross_section_x, cross_section_y, cross_section_z, em_total_shields, em_total_quantum, ir_total_shields, ir_total_quantum) VALUES ((SELECT id FROM ships WHERE reference = 'ANVL_Hornet_F7CS'), 8250, 0.75, 0.6, 1, 1, 1, 1, 0.85, 0.85, 0.85, 1, 1, 1, 0, 7097, 2251, NULL, 5718, 1597, 6181, 7097, 21972, 2251, 2251) ON CONFLICT (ship_id) DO NOTHING;
INSERT INTO ship_fuel (ship_id, hydrogen_capacity, fuel_intake_rate, fuel_usage_main, fuel_usage_retro, fuel_usage_maneuvering, maneuvering_time_till_empty, intake_to_main_ratio, quantum_capacity, quantum_range, quantum_speed, quantum_spool_time, quantum_travel_time_po, quantum_fuel_usage_po, thrust_main, thrust_retro, thrust_maneuvering, power_generation, power_used_shields, power_used_quantum, cooling_generation, cooling_used_shields, cooling_used_quantum, shield_hp_total, shield_regen_total) VALUES ((SELECT id FROM ships WHERE reference = 'ANVL_Hornet_F7CS'), 12000, 36, 25.41, 11.3, 49.71, 238.73, 1.42, 1300, 142637700241, 165000000, 4, 254, 382, 5581000, 2482000, 9212000, 14, 17, 15, 44, 25, 25, 5610, 351) ON CONFLICT (ship_id) DO NOTHING;
INSERT INTO ship_insurance (ship_id, expedited_cost, expedited_claim_time, standard_claim_time) VALUES ((SELECT id FROM ships WHERE reference = 'ANVL_Hornet_F7CS'), 4905, 3.24, 9.72) ON CONFLICT (ship_id) DO NOTHING;
INSERT INTO ship_flight_stats (ship_id, scm_speed, max_speed, boost_speed_forward, boost_speed_backward, pitch, yaw, roll, pitch_boosted, yaw_boosted, roll_boosted, accel_forward, accel_backward, accel_up, accel_down, accel_strafe, accel_forward_g, accel_backward_g, accel_up_g, accel_down_g, accel_strafe_g, boost_mult_forward, boost_mult_backward, boost_mult_up, boost_mult_strafe, boost_capacitor_max, boost_regen_per_sec, boost_regen_time, zero_to_scm, zero_to_max, scm_to_zero, mass_empty, mass_loadout, mass_total) VALUES ((SELECT id FROM ships WHERE reference = 'ANVL_Hornet_F7CS_Mk2'), 220, 1150, 480, 250, 51, 42, 147, 61.2, 50.4, 176.4, 122.06, 44.22, 0, 0, 0, 12.45, 4.51, 0, 0, 0, 1.55, 1.4, 1.35, 1.35, 20, 0.75, 27.2, 1.8, 9.42, 4.98, 66117, 4907, 71024) ON CONFLICT (ship_id) DO NOTHING;
INSERT INTO ship_resistances (ship_id, armor_hp, dmg_mult_physical, dmg_mult_energy, dmg_mult_distortion, dmg_mult_thermal, dmg_mult_biochemical, dmg_mult_stun, sig_mult_cross_section, sig_mult_infrared, sig_mult_electromagnetic, pen_resist_base, pen_resist_physical, pen_resist_energy, pen_resist_distortion, base_em_signature, base_ir_signature, base_cs_signature, cross_section_x, cross_section_y, cross_section_z, em_total_shields, em_total_quantum, ir_total_shields, ir_total_quantum) VALUES ((SELECT id FROM ships WHERE reference = 'ANVL_Hornet_F7CS_Mk2'), 8250, 0.75, 0.6, 1, 1, 1, 1, 0.72, 0.72, 0.72, 1, 1, 1, 0, 6083, 1693, NULL, 7437, 2077, 8040, 6083, 11123, 1693, 1693) ON CONFLICT (ship_id) DO NOTHING;
INSERT INTO ship_fuel (ship_id, hydrogen_capacity, fuel_intake_rate, fuel_usage_main, fuel_usage_retro, fuel_usage_maneuvering, maneuvering_time_till_empty, intake_to_main_ratio, quantum_capacity, quantum_range, quantum_speed, quantum_spool_time, quantum_travel_time_po, quantum_fuel_usage_po, thrust_main, thrust_retro, thrust_maneuvering, power_generation, power_used_shields, power_used_quantum, cooling_generation, cooling_used_shields, cooling_used_quantum, shield_hp_total, shield_regen_total) VALUES ((SELECT id FROM ships WHERE reference = 'ANVL_Hornet_F7CS_Mk2'), 14400, 36, 36.75, 13.31, 60.37, 215.13, 0.98, 1300, 78031212485, 140000000, 4, 299, 699, 8069988, 2923778, 11189216, 16, 14.2, 12.2, 44, 22.2, 22.2, 5610, 351) ON CONFLICT (ship_id) DO NOTHING;
INSERT INTO ship_insurance (ship_id, expedited_cost, expedited_claim_time, standard_claim_time) VALUES ((SELECT id FROM ships WHERE reference = 'ANVL_Hornet_F7CS_Mk2'), 4190, 2.375, 9.5) ON CONFLICT (ship_id) DO NOTHING;
INSERT INTO ship_flight_stats (ship_id, scm_speed, max_speed, boost_speed_forward, boost_speed_backward, pitch, yaw, roll, pitch_boosted, yaw_boosted, roll_boosted, accel_forward, accel_backward, accel_up, accel_down, accel_strafe, accel_forward_g, accel_backward_g, accel_up_g, accel_down_g, accel_strafe_g, boost_mult_forward, boost_mult_backward, boost_mult_up, boost_mult_strafe, boost_capacitor_max, boost_regen_per_sec, boost_regen_time, zero_to_scm, zero_to_max, scm_to_zero, mass_empty, mass_loadout, mass_total) VALUES ((SELECT id FROM ships WHERE reference = 'ANVL_Hurricane'), 214, 1125, 480, 225, 46, 37, 130, 55.2, 44.4, 156, 106.06, 38.5, 0, 0, 0, 10.82, 3.93, 0, 0, 0, 1.55, 1.4, 1.3, 1.33, 20, 0.75, 27.4, 2.02, 10.61, 5.56, 86745, 8237, 94982) ON CONFLICT (ship_id) DO NOTHING;
INSERT INTO ship_resistances (ship_id, armor_hp, dmg_mult_physical, dmg_mult_energy, dmg_mult_distortion, dmg_mult_thermal, dmg_mult_biochemical, dmg_mult_stun, sig_mult_cross_section, sig_mult_infrared, sig_mult_electromagnetic, pen_resist_base, pen_resist_physical, pen_resist_energy, pen_resist_distortion, base_em_signature, base_ir_signature, base_cs_signature, cross_section_x, cross_section_y, cross_section_z, em_total_shields, em_total_quantum, ir_total_shields, ir_total_quantum) VALUES ((SELECT id FROM ships WHERE reference = 'ANVL_Hurricane'), 12375, 0.75, 0.6, 1, 1, 1, 1, 1, 1, 1, 1, 1, 1, 0, 30055, 7644, NULL, 8361, 3420, 12668, 30055, 43405, 7644, 6790) ON CONFLICT (ship_id) DO NOTHING;
INSERT INTO ship_fuel (ship_id, hydrogen_capacity, fuel_intake_rate, fuel_usage_main, fuel_usage_retro, fuel_usage_maneuvering, maneuvering_time_till_empty, intake_to_main_ratio, quantum_capacity, quantum_range, quantum_speed, quantum_spool_time, quantum_travel_time_po, quantum_fuel_usage_po, thrust_main, thrust_retro, thrust_maneuvering, power_generation, power_used_shields, power_used_quantum, cooling_generation, cooling_used_shields, cooling_used_quantum, shield_hp_total, shield_regen_total) VALUES ((SELECT id FROM ships WHERE reference = 'ANVL_Hurricane'), 13500, 0, 60.29, 21.89, 34.31, 174.32, 0, 1300, 132653061224, 165000000, 4, 254, 411, 9200000, 3340000, 10980000, 18, 25.8, 21.8, 68, 35.8, 31.8, 13200, 828) ON CONFLICT (ship_id) DO NOTHING;
INSERT INTO ship_insurance (ship_id, expedited_cost, expedited_claim_time, standard_claim_time) VALUES ((SELECT id FROM ships WHERE reference = 'ANVL_Hurricane'), 4148, 2.85, 8.55) ON CONFLICT (ship_id) DO NOTHING;
INSERT INTO ship_flight_stats (ship_id, scm_speed, max_speed, boost_speed_forward, boost_speed_backward, pitch, yaw, roll, pitch_boosted, yaw_boosted, roll_boosted, accel_forward, accel_backward, accel_up, accel_down, accel_strafe, accel_forward_g, accel_backward_g, accel_up_g, accel_down_g, accel_strafe_g, boost_mult_forward, boost_mult_backward, boost_mult_up, boost_mult_strafe, boost_capacitor_max, boost_regen_per_sec, boost_regen_time, zero_to_scm, zero_to_max, scm_to_zero, mass_empty, mass_loadout, mass_total) VALUES ((SELECT id FROM ships WHERE reference = 'ANVL_Lightning_F8'), 210, 1075, 445, 218, 38, 35, 140, 45.6, 42, 168, 103.5, 36.26, 0, 0, 0, 10.55, 3.7, 0, 0, 0, 1.5, 1.4, 1.3, 1.35, 20, 0.75, 27.4, 2.03, 10.39, 5.79, 153775, 17541, 171316) ON CONFLICT (ship_id) DO NOTHING;
INSERT INTO ship_resistances (ship_id, armor_hp, dmg_mult_physical, dmg_mult_energy, dmg_mult_distortion, dmg_mult_thermal, dmg_mult_biochemical, dmg_mult_stun, sig_mult_cross_section, sig_mult_infrared, sig_mult_electromagnetic, pen_resist_base, pen_resist_physical, pen_resist_energy, pen_resist_distortion, base_em_signature, base_ir_signature, base_cs_signature, cross_section_x, cross_section_y, cross_section_z, em_total_shields, em_total_quantum, ir_total_shields, ir_total_quantum) VALUES ((SELECT id FROM ships WHERE reference = 'ANVL_Lightning_F8'), 13613, 0.75, 0.6, 1, 1, 1, 1, 1, 1, 1, 1, 1, 1, 0, 22353, 8114, NULL, 10173, 2654, 11058, 22353, 36353, 8114, 7260) ON CONFLICT (ship_id) DO NOTHING;
INSERT INTO ship_fuel (ship_id, hydrogen_capacity, fuel_intake_rate, fuel_usage_main, fuel_usage_retro, fuel_usage_maneuvering, maneuvering_time_till_empty, intake_to_main_ratio, quantum_capacity, quantum_range, quantum_speed, quantum_spool_time, quantum_travel_time_po, quantum_fuel_usage_po, thrust_main, thrust_retro, thrust_maneuvering, power_generation, power_used_shields, power_used_quantum, cooling_generation, cooling_used_shields, cooling_used_quantum, shield_hp_total, shield_regen_total) VALUES ((SELECT id FROM ships WHERE reference = 'ANVL_Lightning_F8'), 37200, 36, 79.58, 27.88, 71.3, 322.83, 0.45, 100000, 10204081632653, 165000000, 4, 254, 411, 15916320, 5575208, 22816392, 20, 28, 24, 68, 38, 34, 18700, 1234) ON CONFLICT (ship_id) DO NOTHING;
INSERT INTO ship_insurance (ship_id, expedited_cost, expedited_claim_time, standard_claim_time) VALUES ((SELECT id FROM ships WHERE reference = 'ANVL_Lightning_F8'), 8020, 5.34375, 16.03125) ON CONFLICT (ship_id) DO NOTHING;
INSERT INTO ship_flight_stats (ship_id, scm_speed, max_speed, boost_speed_forward, boost_speed_backward, pitch, yaw, roll, pitch_boosted, yaw_boosted, roll_boosted, accel_forward, accel_backward, accel_up, accel_down, accel_strafe, accel_forward_g, accel_backward_g, accel_up_g, accel_down_g, accel_strafe_g, boost_mult_forward, boost_mult_backward, boost_mult_up, boost_mult_strafe, boost_capacitor_max, boost_regen_per_sec, boost_regen_time, zero_to_scm, zero_to_max, scm_to_zero, mass_empty, mass_loadout, mass_total) VALUES ((SELECT id FROM ships WHERE reference = 'ANVL_Lightning_F8C'), 210, 1075, 445, 218, 38, 35, 140, 45.6, 42, 168, 103.5, 36.26, 0, 0, 0, 10.55, 3.7, 0, 0, 0, 1.5, 1.4, 1.3, 1.35, 20, 0.75, 27.4, 2.03, 10.39, 5.79, 153775, 11931, 165706) ON CONFLICT (ship_id) DO NOTHING;
INSERT INTO ship_resistances (ship_id, armor_hp, dmg_mult_physical, dmg_mult_energy, dmg_mult_distortion, dmg_mult_thermal, dmg_mult_biochemical, dmg_mult_stun, sig_mult_cross_section, sig_mult_infrared, sig_mult_electromagnetic, pen_resist_base, pen_resist_physical, pen_resist_energy, pen_resist_distortion, base_em_signature, base_ir_signature, base_cs_signature, cross_section_x, cross_section_y, cross_section_z, em_total_shields, em_total_quantum, ir_total_shields, ir_total_quantum) VALUES ((SELECT id FROM ships WHERE reference = 'ANVL_Lightning_F8C'), 13613, 0.75, 0.6, 1, 1, 1, 1, 1, 1, 1, 1, 1, 1, 0, 19369, 7602, NULL, 10173, 2654, 11058, 19369, 33369, 7602, 6748) ON CONFLICT (ship_id) DO NOTHING;
INSERT INTO ship_fuel (ship_id, hydrogen_capacity, fuel_intake_rate, fuel_usage_main, fuel_usage_retro, fuel_usage_maneuvering, maneuvering_time_till_empty, intake_to_main_ratio, quantum_capacity, quantum_range, quantum_speed, quantum_spool_time, quantum_travel_time_po, quantum_fuel_usage_po, thrust_main, thrust_retro, thrust_maneuvering, power_generation, power_used_shields, power_used_quantum, cooling_generation, cooling_used_shields, cooling_used_quantum, shield_hp_total, shield_regen_total) VALUES ((SELECT id FROM ships WHERE reference = 'ANVL_Lightning_F8C'), 37200, 36, 79.58, 27.88, 71.3, 322.83, 0.45, 1300, 132653061224, 165000000, 4, 254, 411, 15916320, 5575208, 22816392, 20, 25.6, 21.6, 68, 35.6, 31.6, 18700, 1234) ON CONFLICT (ship_id) DO NOTHING;
INSERT INTO ship_insurance (ship_id, expedited_cost, expedited_claim_time, standard_claim_time) VALUES ((SELECT id FROM ships WHERE reference = 'ANVL_Lightning_F8C'), 8020, 5.34375, 16.03125) ON CONFLICT (ship_id) DO NOTHING;
INSERT INTO ship_flight_stats (ship_id, scm_speed, max_speed, boost_speed_forward, boost_speed_backward, pitch, yaw, roll, pitch_boosted, yaw_boosted, roll_boosted, accel_forward, accel_backward, accel_up, accel_down, accel_strafe, accel_forward_g, accel_backward_g, accel_up_g, accel_down_g, accel_strafe_g, boost_mult_forward, boost_mult_backward, boost_mult_up, boost_mult_strafe, boost_capacitor_max, boost_regen_per_sec, boost_regen_time, zero_to_scm, zero_to_max, scm_to_zero, mass_empty, mass_loadout, mass_total) VALUES ((SELECT id FROM ships WHERE reference = 'ANVL_Lightning_F8C_Collector_Military'), 210, 1075, 445, 218, 38, 35, 140, 45.6, 42, 168, 103.5, 36.26, 0, 0, 0, 10.55, 3.7, 0, 0, 0, 1.5, 1.4, 1.3, 1.35, 20, 0.75, 27.4, 2.03, 10.39, 5.79, 153775, 11891, 165666) ON CONFLICT (ship_id) DO NOTHING;
INSERT INTO ship_resistances (ship_id, armor_hp, dmg_mult_physical, dmg_mult_energy, dmg_mult_distortion, dmg_mult_thermal, dmg_mult_biochemical, dmg_mult_stun, sig_mult_cross_section, sig_mult_infrared, sig_mult_electromagnetic, pen_resist_base, pen_resist_physical, pen_resist_energy, pen_resist_distortion, base_em_signature, base_ir_signature, base_cs_signature, cross_section_x, cross_section_y, cross_section_z, em_total_shields, em_total_quantum, ir_total_shields, ir_total_quantum) VALUES ((SELECT id FROM ships WHERE reference = 'ANVL_Lightning_F8C_Collector_Military'), 13613, 0.75, 0.6, 1, 1, 1, 1, 1, 1, 1, 1, 1, 1, 0, 21103, 9087, NULL, 10173, 2654, 11058, 21103, 42603, 9087, 7003) ON CONFLICT (ship_id) DO NOTHING;
INSERT INTO ship_fuel (ship_id, hydrogen_capacity, fuel_intake_rate, fuel_usage_main, fuel_usage_retro, fuel_usage_maneuvering, maneuvering_time_till_empty, intake_to_main_ratio, quantum_capacity, quantum_range, quantum_speed, quantum_spool_time, quantum_travel_time_po, quantum_fuel_usage_po, thrust_main, thrust_retro, thrust_maneuvering, power_generation, power_used_shields, power_used_quantum, cooling_generation, cooling_used_shields, cooling_used_quantum, shield_hp_total, shield_regen_total) VALUES ((SELECT id FROM ships WHERE reference = 'ANVL_Lightning_F8C_Collector_Military'), 37200, 36, 79.58, 27.88, 71.3, 322.83, 0.45, 1300, 236880466472, 257000000, 4, 163, 230, 15916320, 5575208, 22816392, 20, 29.6, 21.6, 76, 43.6, 33.6, 26400, 1917) ON CONFLICT (ship_id) DO NOTHING;
INSERT INTO ship_insurance (ship_id, expedited_cost, expedited_claim_time, standard_claim_time) VALUES ((SELECT id FROM ships WHERE reference = 'ANVL_Lightning_F8C_Collector_Military'), 8020, 5.34375, 16.03125) ON CONFLICT (ship_id) DO NOTHING;
INSERT INTO ship_flight_stats (ship_id, scm_speed, max_speed, boost_speed_forward, boost_speed_backward, pitch, yaw, roll, pitch_boosted, yaw_boosted, roll_boosted, accel_forward, accel_backward, accel_up, accel_down, accel_strafe, accel_forward_g, accel_backward_g, accel_up_g, accel_down_g, accel_strafe_g, boost_mult_forward, boost_mult_backward, boost_mult_up, boost_mult_strafe, boost_capacitor_max, boost_regen_per_sec, boost_regen_time, zero_to_scm, zero_to_max, scm_to_zero, mass_empty, mass_loadout, mass_total) VALUES ((SELECT id FROM ships WHERE reference = 'ANVL_Lightning_F8C_Collector_Stealth'), 210, 1075, 445, 218, 38, 35, 140, 45.6, 42, 168, 103.5, 36.26, 0, 0, 0, 10.55, 3.7, 0, 0, 0, 1.5, 1.4, 1.3, 1.35, 20, 0.75, 27.4, 2.03, 10.39, 5.79, 153775, 11323, 165098) ON CONFLICT (ship_id) DO NOTHING;
INSERT INTO ship_resistances (ship_id, armor_hp, dmg_mult_physical, dmg_mult_energy, dmg_mult_distortion, dmg_mult_thermal, dmg_mult_biochemical, dmg_mult_stun, sig_mult_cross_section, sig_mult_infrared, sig_mult_electromagnetic, pen_resist_base, pen_resist_physical, pen_resist_energy, pen_resist_distortion, base_em_signature, base_ir_signature, base_cs_signature, cross_section_x, cross_section_y, cross_section_z, em_total_shields, em_total_quantum, ir_total_shields, ir_total_quantum) VALUES ((SELECT id FROM ships WHERE reference = 'ANVL_Lightning_F8C_Collector_Stealth'), 13613, 0.75, 0.6, 1, 1, 1, 1, 1, 1, 1, 1, 1, 1, 0, 9617, 3384, NULL, 10173, 2654, 11058, 9617, 33417, 3384, 3170) ON CONFLICT (ship_id) DO NOTHING;
INSERT INTO ship_fuel (ship_id, hydrogen_capacity, fuel_intake_rate, fuel_usage_main, fuel_usage_retro, fuel_usage_maneuvering, maneuvering_time_till_empty, intake_to_main_ratio, quantum_capacity, quantum_range, quantum_speed, quantum_spool_time, quantum_travel_time_po, quantum_fuel_usage_po, thrust_main, thrust_retro, thrust_maneuvering, power_generation, power_used_shields, power_used_quantum, cooling_generation, cooling_used_shields, cooling_used_quantum, shield_hp_total, shield_regen_total) VALUES ((SELECT id FROM ships WHERE reference = 'ANVL_Lightning_F8C_Collector_Stealth'), 37200, 36, 79.58, 27.88, 71.3, 322.83, 0.45, 1300, 236880466472, 257000000, 4, 163, 230, 15916320, 5575208, 22816392, 18, 21.6, 17.6, 48, 31.6, 29.6, 18700, 1358) ON CONFLICT (ship_id) DO NOTHING;
INSERT INTO ship_insurance (ship_id, expedited_cost, expedited_claim_time, standard_claim_time) VALUES ((SELECT id FROM ships WHERE reference = 'ANVL_Lightning_F8C_Collector_Stealth'), 8020, 5.34375, 16.03125) ON CONFLICT (ship_id) DO NOTHING;
INSERT INTO ship_flight_stats (ship_id, scm_speed, max_speed, boost_speed_forward, boost_speed_backward, pitch, yaw, roll, pitch_boosted, yaw_boosted, roll_boosted, accel_forward, accel_backward, accel_up, accel_down, accel_strafe, accel_forward_g, accel_backward_g, accel_up_g, accel_down_g, accel_strafe_g, boost_mult_forward, boost_mult_backward, boost_mult_up, boost_mult_strafe, boost_capacitor_max, boost_regen_per_sec, boost_regen_time, zero_to_scm, zero_to_max, scm_to_zero, mass_empty, mass_loadout, mass_total) VALUES ((SELECT id FROM ships WHERE reference = 'ANVL_Lightning_F8C_Exec'), 210, 1075, 445, 218, 38, 35, 140, 45.6, 42, 168, 103.5, 36.26, 0, 0, 0, 10.55, 3.7, 0, 0, 0, 1.5, 1.4, 1.3, 1.35, 20, 0.75, 27.4, 2.03, 10.39, 5.79, 153775, 11931, 165706) ON CONFLICT (ship_id) DO NOTHING;
INSERT INTO ship_resistances (ship_id, armor_hp, dmg_mult_physical, dmg_mult_energy, dmg_mult_distortion, dmg_mult_thermal, dmg_mult_biochemical, dmg_mult_stun, sig_mult_cross_section, sig_mult_infrared, sig_mult_electromagnetic, pen_resist_base, pen_resist_physical, pen_resist_energy, pen_resist_distortion, base_em_signature, base_ir_signature, base_cs_signature, cross_section_x, cross_section_y, cross_section_z, em_total_shields, em_total_quantum, ir_total_shields, ir_total_quantum) VALUES ((SELECT id FROM ships WHERE reference = 'ANVL_Lightning_F8C_Exec'), 13613, 0.75, 0.6, 1, 1, 1, 1, 1, 1, 1, 1, 1, 1, 0, 19369, 7602, NULL, 10173, 2654, 11058, 19369, 33369, 7602, 6748) ON CONFLICT (ship_id) DO NOTHING;
INSERT INTO ship_fuel (ship_id, hydrogen_capacity, fuel_intake_rate, fuel_usage_main, fuel_usage_retro, fuel_usage_maneuvering, maneuvering_time_till_empty, intake_to_main_ratio, quantum_capacity, quantum_range, quantum_speed, quantum_spool_time, quantum_travel_time_po, quantum_fuel_usage_po, thrust_main, thrust_retro, thrust_maneuvering, power_generation, power_used_shields, power_used_quantum, cooling_generation, cooling_used_shields, cooling_used_quantum, shield_hp_total, shield_regen_total) VALUES ((SELECT id FROM ships WHERE reference = 'ANVL_Lightning_F8C_Exec'), 37200, 36, 79.58, 27.88, 71.3, 322.83, 0.45, 1300, 132653061224, 165000000, 4, 254, 411, 15916320, 5575208, 22816392, 20, 25.6, 21.6, 68, 35.6, 31.6, 18700, 1234) ON CONFLICT (ship_id) DO NOTHING;
INSERT INTO ship_insurance (ship_id, expedited_cost, expedited_claim_time, standard_claim_time) VALUES ((SELECT id FROM ships WHERE reference = 'ANVL_Lightning_F8C_Exec'), 8020, 5.34375, 16.03125) ON CONFLICT (ship_id) DO NOTHING;
INSERT INTO ship_flight_stats (ship_id, scm_speed, max_speed, boost_speed_forward, boost_speed_backward, pitch, yaw, roll, pitch_boosted, yaw_boosted, roll_boosted, accel_forward, accel_backward, accel_up, accel_down, accel_strafe, accel_forward_g, accel_backward_g, accel_up_g, accel_down_g, accel_strafe_g, boost_mult_forward, boost_mult_backward, boost_mult_up, boost_mult_strafe, boost_capacitor_max, boost_regen_per_sec, boost_regen_time, zero_to_scm, zero_to_max, scm_to_zero, mass_empty, mass_loadout, mass_total) VALUES ((SELECT id FROM ships WHERE reference = 'ANVL_Lightning_F8C_Exec_Military'), 210, 1075, 445, 218, 38, 35, 140, 45.6, 42, 168, 103.5, 36.26, 0, 0, 0, 10.55, 3.7, 0, 0, 0, 1.5, 1.4, 1.3, 1.35, 20, 0.75, 27.4, 2.03, 10.39, 5.79, 153775, 9941, 163716) ON CONFLICT (ship_id) DO NOTHING;
INSERT INTO ship_resistances (ship_id, armor_hp, dmg_mult_physical, dmg_mult_energy, dmg_mult_distortion, dmg_mult_thermal, dmg_mult_biochemical, dmg_mult_stun, sig_mult_cross_section, sig_mult_infrared, sig_mult_electromagnetic, pen_resist_base, pen_resist_physical, pen_resist_energy, pen_resist_distortion, base_em_signature, base_ir_signature, base_cs_signature, cross_section_x, cross_section_y, cross_section_z, em_total_shields, em_total_quantum, ir_total_shields, ir_total_quantum) VALUES ((SELECT id FROM ships WHERE reference = 'ANVL_Lightning_F8C_Exec_Military'), 13613, 0.75, 0.6, 1, 1, 1, 1, 1, 1, 1, 1, 1, 1, 0, 25592, 9462, NULL, 10173, 2654, 11058, 25592, 47092, 9462, 7378) ON CONFLICT (ship_id) DO NOTHING;
INSERT INTO ship_fuel (ship_id, hydrogen_capacity, fuel_intake_rate, fuel_usage_main, fuel_usage_retro, fuel_usage_maneuvering, maneuvering_time_till_empty, intake_to_main_ratio, quantum_capacity, quantum_range, quantum_speed, quantum_spool_time, quantum_travel_time_po, quantum_fuel_usage_po, thrust_main, thrust_retro, thrust_maneuvering, power_generation, power_used_shields, power_used_quantum, cooling_generation, cooling_used_shields, cooling_used_quantum, shield_hp_total, shield_regen_total) VALUES ((SELECT id FROM ships WHERE reference = 'ANVL_Lightning_F8C_Exec_Military'), 37200, 36, 79.58, 27.88, 71.3, 322.83, 0.45, 1300, 236880466472, 257000000, 4, 163, 230, 15916320, 5575208, 22816392, 20, 31.4, 23.4, 76, 45.4, 35.4, 26400, 1917) ON CONFLICT (ship_id) DO NOTHING;
INSERT INTO ship_insurance (ship_id, expedited_cost, expedited_claim_time, standard_claim_time) VALUES ((SELECT id FROM ships WHERE reference = 'ANVL_Lightning_F8C_Exec_Military'), 8020, 5.34375, 16.03125) ON CONFLICT (ship_id) DO NOTHING;
INSERT INTO ship_flight_stats (ship_id, scm_speed, max_speed, boost_speed_forward, boost_speed_backward, pitch, yaw, roll, pitch_boosted, yaw_boosted, roll_boosted, accel_forward, accel_backward, accel_up, accel_down, accel_strafe, accel_forward_g, accel_backward_g, accel_up_g, accel_down_g, accel_strafe_g, boost_mult_forward, boost_mult_backward, boost_mult_up, boost_mult_strafe, boost_capacitor_max, boost_regen_per_sec, boost_regen_time, zero_to_scm, zero_to_max, scm_to_zero, mass_empty, mass_loadout, mass_total) VALUES ((SELECT id FROM ships WHERE reference = 'ANVL_Lightning_F8C_Exec_Stealth'), 210, 1075, 445, 218, 38, 35, 140, 45.6, 42, 168, 103.5, 36.26, 0, 0, 0, 10.55, 3.7, 0, 0, 0, 1.5, 1.4, 1.3, 1.35, 20, 0.75, 27.4, 2.03, 10.39, 5.79, 153775, 8843, 162618) ON CONFLICT (ship_id) DO NOTHING;
INSERT INTO ship_resistances (ship_id, armor_hp, dmg_mult_physical, dmg_mult_energy, dmg_mult_distortion, dmg_mult_thermal, dmg_mult_biochemical, dmg_mult_stun, sig_mult_cross_section, sig_mult_infrared, sig_mult_electromagnetic, pen_resist_base, pen_resist_physical, pen_resist_energy, pen_resist_distortion, base_em_signature, base_ir_signature, base_cs_signature, cross_section_x, cross_section_y, cross_section_z, em_total_shields, em_total_quantum, ir_total_shields, ir_total_quantum) VALUES ((SELECT id FROM ships WHERE reference = 'ANVL_Lightning_F8C_Exec_Stealth'), 13613, 0.75, 0.6, 1, 1, 1, 1, 1, 1, 1, 1, 1, 1, 0, 11119, 3577, NULL, 10173, 2654, 11058, 11119, 34919, 3577, 3362) ON CONFLICT (ship_id) DO NOTHING;
INSERT INTO ship_fuel (ship_id, hydrogen_capacity, fuel_intake_rate, fuel_usage_main, fuel_usage_retro, fuel_usage_maneuvering, maneuvering_time_till_empty, intake_to_main_ratio, quantum_capacity, quantum_range, quantum_speed, quantum_spool_time, quantum_travel_time_po, quantum_fuel_usage_po, thrust_main, thrust_retro, thrust_maneuvering, power_generation, power_used_shields, power_used_quantum, cooling_generation, cooling_used_shields, cooling_used_quantum, shield_hp_total, shield_regen_total) VALUES ((SELECT id FROM ships WHERE reference = 'ANVL_Lightning_F8C_Exec_Stealth'), 37200, 36, 79.58, 27.88, 71.3, 322.83, 0.45, 1300, 236880466472, 257000000, 4, 163, 230, 15916320, 5575208, 22816392, 18, 23.4, 19.4, 48, 33.4, 31.4, 18700, 1358) ON CONFLICT (ship_id) DO NOTHING;
INSERT INTO ship_insurance (ship_id, expedited_cost, expedited_claim_time, standard_claim_time) VALUES ((SELECT id FROM ships WHERE reference = 'ANVL_Lightning_F8C_Exec_Stealth'), 8020, 5.34375, 16.03125) ON CONFLICT (ship_id) DO NOTHING;
INSERT INTO ship_flight_stats (ship_id, scm_speed, max_speed, boost_speed_forward, boost_speed_backward, pitch, yaw, roll, pitch_boosted, yaw_boosted, roll_boosted, accel_forward, accel_backward, accel_up, accel_down, accel_strafe, accel_forward_g, accel_backward_g, accel_up_g, accel_down_g, accel_strafe_g, boost_mult_forward, boost_mult_backward, boost_mult_up, boost_mult_strafe, boost_capacitor_max, boost_regen_per_sec, boost_regen_time, zero_to_scm, zero_to_max, scm_to_zero, mass_empty, mass_loadout, mass_total) VALUES ((SELECT id FROM ships WHERE reference = 'ANVL_Lightning_F8C_Plat'), 210, 1075, 445, 218, 38, 35, 140, 45.6, 42, 168, 103.5, 36.26, 0, 0, 0, 10.55, 3.7, 0, 0, 0, 1.5, 1.4, 1.3, 1.35, 20, 0.75, 27.4, 2.03, 10.39, 5.79, 153775, 11931, 165706) ON CONFLICT (ship_id) DO NOTHING;
INSERT INTO ship_resistances (ship_id, armor_hp, dmg_mult_physical, dmg_mult_energy, dmg_mult_distortion, dmg_mult_thermal, dmg_mult_biochemical, dmg_mult_stun, sig_mult_cross_section, sig_mult_infrared, sig_mult_electromagnetic, pen_resist_base, pen_resist_physical, pen_resist_energy, pen_resist_distortion, base_em_signature, base_ir_signature, base_cs_signature, cross_section_x, cross_section_y, cross_section_z, em_total_shields, em_total_quantum, ir_total_shields, ir_total_quantum) VALUES ((SELECT id FROM ships WHERE reference = 'ANVL_Lightning_F8C_Plat'), 13613, 0.75, 0.6, 1, 1, 1, 1, 1, 1, 1, 1, 1, 1, 0, 19369, 7602, NULL, 10173, 2654, 11058, 19369, 33369, 7602, 6748) ON CONFLICT (ship_id) DO NOTHING;
INSERT INTO ship_fuel (ship_id, hydrogen_capacity, fuel_intake_rate, fuel_usage_main, fuel_usage_retro, fuel_usage_maneuvering, maneuvering_time_till_empty, intake_to_main_ratio, quantum_capacity, quantum_range, quantum_speed, quantum_spool_time, quantum_travel_time_po, quantum_fuel_usage_po, thrust_main, thrust_retro, thrust_maneuvering, power_generation, power_used_shields, power_used_quantum, cooling_generation, cooling_used_shields, cooling_used_quantum, shield_hp_total, shield_regen_total) VALUES ((SELECT id FROM ships WHERE reference = 'ANVL_Lightning_F8C_Plat'), 37200, 36, 79.58, 27.88, 71.3, 322.83, 0.45, 1300, 132653061224, 165000000, 4, 254, 411, 15916320, 5575208, 22816392, 20, 25.6, 21.6, 68, 35.6, 31.6, 18700, 1234) ON CONFLICT (ship_id) DO NOTHING;
INSERT INTO ship_insurance (ship_id, expedited_cost, expedited_claim_time, standard_claim_time) VALUES ((SELECT id FROM ships WHERE reference = 'ANVL_Lightning_F8C_Plat'), 8020, 5.34375, 16.03125) ON CONFLICT (ship_id) DO NOTHING;
INSERT INTO ship_flight_stats (ship_id, scm_speed, max_speed, boost_speed_forward, boost_speed_backward, pitch, yaw, roll, pitch_boosted, yaw_boosted, roll_boosted, accel_forward, accel_backward, accel_up, accel_down, accel_strafe, accel_forward_g, accel_backward_g, accel_up_g, accel_down_g, accel_strafe_g, boost_mult_forward, boost_mult_backward, boost_mult_up, boost_mult_strafe, boost_capacitor_max, boost_regen_per_sec, boost_regen_time, zero_to_scm, zero_to_max, scm_to_zero, mass_empty, mass_loadout, mass_total) VALUES ((SELECT id FROM ships WHERE reference = 'ANVL_Paladin'), 175, 950, 340, 200, 23, 19, 45, 27.6, 22.8, 54, 38.58, 24.75, 18.69, 0, 0, 3.93, 2.52, 1.91, 0, 0, 1.5, 1.2, 1.3, 1.35, 20, 0.75, 27.6, 4.54, 24.62, 7.07, 500000, 49869, 549869) ON CONFLICT (ship_id) DO NOTHING;
INSERT INTO ship_resistances (ship_id, armor_hp, dmg_mult_physical, dmg_mult_energy, dmg_mult_distortion, dmg_mult_thermal, dmg_mult_biochemical, dmg_mult_stun, sig_mult_cross_section, sig_mult_infrared, sig_mult_electromagnetic, pen_resist_base, pen_resist_physical, pen_resist_energy, pen_resist_distortion, base_em_signature, base_ir_signature, base_cs_signature, cross_section_x, cross_section_y, cross_section_z, em_total_shields, em_total_quantum, ir_total_shields, ir_total_quantum) VALUES ((SELECT id FROM ships WHERE reference = 'ANVL_Paladin'), 17325, 0.75, 0.6, 1, 1, 1, 1, 1.07, 1.07, 1.07, 1, 1, 1, 0, 48703, 11374, NULL, 12540, 5357, 26710, 48703, 80717, 11374, 10496) ON CONFLICT (ship_id) DO NOTHING;
INSERT INTO ship_fuel (ship_id, hydrogen_capacity, fuel_intake_rate, fuel_usage_main, fuel_usage_retro, fuel_usage_maneuvering, maneuvering_time_till_empty, intake_to_main_ratio, quantum_capacity, quantum_range, quantum_speed, quantum_spool_time, quantum_travel_time_po, quantum_fuel_usage_po, thrust_main, thrust_retro, thrust_maneuvering, power_generation, power_used_shields, power_used_quantum, cooling_generation, cooling_used_shields, cooling_used_quantum, shield_hp_total, shield_regen_total) VALUES ((SELECT id FROM ships WHERE reference = 'ANVL_Paladin'), 61000, 0, 241.15, 154.68, 601.49, 112.57, 0, 3850, 706422018349, 171000000, 6, 245, 229, 19291712, 12374684, 48119328, 33, 36.8, 31.8, 92, 51.8, 47.8, 90000, 5643) ON CONFLICT (ship_id) DO NOTHING;
INSERT INTO ship_insurance (ship_id, expedited_cost, expedited_claim_time, standard_claim_time) VALUES ((SELECT id FROM ships WHERE reference = 'ANVL_Paladin'), 12940, 6, 24) ON CONFLICT (ship_id) DO NOTHING;
INSERT INTO ship_flight_stats (ship_id, scm_speed, max_speed, boost_speed_forward, boost_speed_backward, pitch, yaw, roll, pitch_boosted, yaw_boosted, roll_boosted, accel_forward, accel_backward, accel_up, accel_down, accel_strafe, accel_forward_g, accel_backward_g, accel_up_g, accel_down_g, accel_strafe_g, boost_mult_forward, boost_mult_backward, boost_mult_up, boost_mult_strafe, boost_capacitor_max, boost_regen_per_sec, boost_regen_time, zero_to_scm, zero_to_max, scm_to_zero, mass_empty, mass_loadout, mass_total) VALUES ((SELECT id FROM ships WHERE reference = 'ANVL_Spartan'), NULL, NULL, NULL, NULL, NULL, NULL, NULL, NULL, NULL, NULL, NULL, NULL, NULL, NULL, NULL, NULL, NULL, NULL, NULL, NULL, NULL, NULL, NULL, NULL, NULL, NULL, NULL, NULL, NULL, NULL, 136016, 620, 136636) ON CONFLICT (ship_id) DO NOTHING;
INSERT INTO ship_resistances (ship_id, armor_hp, dmg_mult_physical, dmg_mult_energy, dmg_mult_distortion, dmg_mult_thermal, dmg_mult_biochemical, dmg_mult_stun, sig_mult_cross_section, sig_mult_infrared, sig_mult_electromagnetic, pen_resist_base, pen_resist_physical, pen_resist_energy, pen_resist_distortion, base_em_signature, base_ir_signature, base_cs_signature, cross_section_x, cross_section_y, cross_section_z, em_total_shields, em_total_quantum, ir_total_shields, ir_total_quantum) VALUES ((SELECT id FROM ships WHERE reference = 'ANVL_Spartan'), 2681, 0.75, 0.6, 1, 1, 1, 1, 1, 0.85, 0.55, 1, 1, 1, 0, 2382, 1488, NULL, 1927, 1229, 2394, 2382, 2382, 1488, 1488) ON CONFLICT (ship_id) DO NOTHING;
INSERT INTO ship_fuel (ship_id, hydrogen_capacity, fuel_intake_rate, fuel_usage_main, fuel_usage_retro, fuel_usage_maneuvering, maneuvering_time_till_empty, intake_to_main_ratio, quantum_capacity, quantum_range, quantum_speed, quantum_spool_time, quantum_travel_time_po, quantum_fuel_usage_po, thrust_main, thrust_retro, thrust_maneuvering, power_generation, power_used_shields, power_used_quantum, cooling_generation, cooling_used_shields, cooling_used_quantum, shield_hp_total, shield_regen_total) VALUES ((SELECT id FROM ships WHERE reference = 'ANVL_Spartan'), 0, 0, 0, 0, 0, NULL, NULL, NULL, NULL, NULL, NULL, NULL, NULL, 0, 0, 0, 11, 6.2, 6.2, 16, 11.2, 11.2, 1800, 67) ON CONFLICT (ship_id) DO NOTHING;
INSERT INTO ship_insurance (ship_id, expedited_cost, expedited_claim_time, standard_claim_time) VALUES ((SELECT id FROM ships WHERE reference = 'ANVL_Spartan'), 2475, 2.06, 6.19) ON CONFLICT (ship_id) DO NOTHING;
INSERT INTO ship_flight_stats (ship_id, scm_speed, max_speed, boost_speed_forward, boost_speed_backward, pitch, yaw, roll, pitch_boosted, yaw_boosted, roll_boosted, accel_forward, accel_backward, accel_up, accel_down, accel_strafe, accel_forward_g, accel_backward_g, accel_up_g, accel_down_g, accel_strafe_g, boost_mult_forward, boost_mult_backward, boost_mult_up, boost_mult_strafe, boost_capacitor_max, boost_regen_per_sec, boost_regen_time, zero_to_scm, zero_to_max, scm_to_zero, mass_empty, mass_loadout, mass_total) VALUES ((SELECT id FROM ships WHERE reference = 'ANVL_Terrapin'), 200, 1150, 320, 240, 35, 35, 120, 42, 42, 144, 28.29, 27.85, 0, 0, 0, 2.88, 2.84, 0, 0, 0, 1.5, 1.4, 1.3, 1.2, 20, 0.75, 27.6, 7.07, 40.65, 7.18, 149850, 20547, 170397) ON CONFLICT (ship_id) DO NOTHING;
INSERT INTO ship_resistances (ship_id, armor_hp, dmg_mult_physical, dmg_mult_energy, dmg_mult_distortion, dmg_mult_thermal, dmg_mult_biochemical, dmg_mult_stun, sig_mult_cross_section, sig_mult_infrared, sig_mult_electromagnetic, pen_resist_base, pen_resist_physical, pen_resist_energy, pen_resist_distortion, base_em_signature, base_ir_signature, base_cs_signature, cross_section_x, cross_section_y, cross_section_z, em_total_shields, em_total_quantum, ir_total_shields, ir_total_quantum) VALUES ((SELECT id FROM ships WHERE reference = 'ANVL_Terrapin'), 12375, 0.7, 0.5, 1, 1, 1, 1, 1, 1, 1, 1, 1, 1, 0, 19614, 8370, NULL, 7562, 3066, 10219, 19614, 34914, 8370, 6662) ON CONFLICT (ship_id) DO NOTHING;
INSERT INTO ship_fuel (ship_id, hydrogen_capacity, fuel_intake_rate, fuel_usage_main, fuel_usage_retro, fuel_usage_maneuvering, maneuvering_time_till_empty, intake_to_main_ratio, quantum_capacity, quantum_range, quantum_speed, quantum_spool_time, quantum_travel_time_po, quantum_fuel_usage_po, thrust_main, thrust_retro, thrust_maneuvering, power_generation, power_used_shields, power_used_quantum, cooling_generation, cooling_used_shields, cooling_used_quantum, shield_hp_total, shield_regen_total) VALUES ((SELECT id FROM ships WHERE reference = 'ANVL_Terrapin'), 104500, 18, 39.7, 39.08, 164.25, 857.79, 0.45, 1800, 197498354180, 165000000, 4, 254, 382, 4240000, 4173886, 21540048, 18, 26.2, 20.2, 68, 39.2, 31.2, 25000, 1568) ON CONFLICT (ship_id) DO NOTHING;
INSERT INTO ship_insurance (ship_id, expedited_cost, expedited_claim_time, standard_claim_time) VALUES ((SELECT id FROM ships WHERE reference = 'ANVL_Terrapin'), 3940, 2.625, 7.875) ON CONFLICT (ship_id) DO NOTHING;
INSERT INTO ship_flight_stats (ship_id, scm_speed, max_speed, boost_speed_forward, boost_speed_backward, pitch, yaw, roll, pitch_boosted, yaw_boosted, roll_boosted, accel_forward, accel_backward, accel_up, accel_down, accel_strafe, accel_forward_g, accel_backward_g, accel_up_g, accel_down_g, accel_strafe_g, boost_mult_forward, boost_mult_backward, boost_mult_up, boost_mult_strafe, boost_capacitor_max, boost_regen_per_sec, boost_regen_time, zero_to_scm, zero_to_max, scm_to_zero, mass_empty, mass_loadout, mass_total) VALUES ((SELECT id FROM ships WHERE reference = 'ANVL_Terrapin_Medic'), 200, 1150, 320, 240, 35, 35, 120, 42, 42, 144, 28.29, 27.85, 0, 0, 0, 2.88, 2.84, 0, 0, 0, 1.5, 1.4, 1.3, 1.2, 20, 0.75, 27.6, 7.07, 40.65, 7.18, 149850, 20032, 169882) ON CONFLICT (ship_id) DO NOTHING;
INSERT INTO ship_resistances (ship_id, armor_hp, dmg_mult_physical, dmg_mult_energy, dmg_mult_distortion, dmg_mult_thermal, dmg_mult_biochemical, dmg_mult_stun, sig_mult_cross_section, sig_mult_infrared, sig_mult_electromagnetic, pen_resist_base, pen_resist_physical, pen_resist_energy, pen_resist_distortion, base_em_signature, base_ir_signature, base_cs_signature, cross_section_x, cross_section_y, cross_section_z, em_total_shields, em_total_quantum, ir_total_shields, ir_total_quantum) VALUES ((SELECT id FROM ships WHERE reference = 'ANVL_Terrapin_Medic'), 12375, 0.7, 0.5, 1, 1, 1, 1, 1, 1, 1, 1, 1, 1, 0, 17163, 7089, NULL, 7562, 3066, 10219, 17163, 32463, 7089, 5381) ON CONFLICT (ship_id) DO NOTHING;
INSERT INTO ship_fuel (ship_id, hydrogen_capacity, fuel_intake_rate, fuel_usage_main, fuel_usage_retro, fuel_usage_maneuvering, maneuvering_time_till_empty, intake_to_main_ratio, quantum_capacity, quantum_range, quantum_speed, quantum_spool_time, quantum_travel_time_po, quantum_fuel_usage_po, thrust_main, thrust_retro, thrust_maneuvering, power_generation, power_used_shields, power_used_quantum, cooling_generation, cooling_used_shields, cooling_used_quantum, shield_hp_total, shield_regen_total) VALUES ((SELECT id FROM ships WHERE reference = 'ANVL_Terrapin_Medic'), 104500, 18, 39.7, 39.08, 164.25, 857.79, 0.45, 4000, 438885231512, 165000000, 4, 254, 382, 4240000, 4173886, 21540048, 18, 22.2, 16.2, 68, 33.2, 25.2, 25000, 1568) ON CONFLICT (ship_id) DO NOTHING;
INSERT INTO ship_insurance (ship_id, expedited_cost, expedited_claim_time, standard_claim_time) VALUES ((SELECT id FROM ships WHERE reference = 'ANVL_Terrapin_Medic'), 4220, 2.375, 9.5) ON CONFLICT (ship_id) DO NOTHING;
INSERT INTO ship_flight_stats (ship_id, scm_speed, max_speed, boost_speed_forward, boost_speed_backward, pitch, yaw, roll, pitch_boosted, yaw_boosted, roll_boosted, accel_forward, accel_backward, accel_up, accel_down, accel_strafe, accel_forward_g, accel_backward_g, accel_up_g, accel_down_g, accel_strafe_g, boost_mult_forward, boost_mult_backward, boost_mult_up, boost_mult_strafe, boost_capacitor_max, boost_regen_per_sec, boost_regen_time, zero_to_scm, zero_to_max, scm_to_zero, mass_empty, mass_loadout, mass_total) VALUES ((SELECT id FROM ships WHERE reference = 'ANVL_Terrapin_Medic_Collector_Medic'), 200, 1150, 320, 240, 35, 35, 120, 42, 42, 144, 28.29, 27.85, 0, 0, 0, 2.88, 2.84, 0, 0, 0, 1.5, 1.4, 1.3, 1.2, 20, 0.75, 27.6, 7.07, 40.65, 7.18, 149850, 19632, 169482) ON CONFLICT (ship_id) DO NOTHING;
INSERT INTO ship_resistances (ship_id, armor_hp, dmg_mult_physical, dmg_mult_energy, dmg_mult_distortion, dmg_mult_thermal, dmg_mult_biochemical, dmg_mult_stun, sig_mult_cross_section, sig_mult_infrared, sig_mult_electromagnetic, pen_resist_base, pen_resist_physical, pen_resist_energy, pen_resist_distortion, base_em_signature, base_ir_signature, base_cs_signature, cross_section_x, cross_section_y, cross_section_z, em_total_shields, em_total_quantum, ir_total_shields, ir_total_quantum) VALUES ((SELECT id FROM ships WHERE reference = 'ANVL_Terrapin_Medic_Collector_Medic'), 12375, 0.7, 0.5, 1, 1, 1, 1, 1, 1, 1, 1, 1, 1, 0, 13654, 4734, NULL, 7562, 3066, 10219, 13654, 29394, 4734, 3520) ON CONFLICT (ship_id) DO NOTHING;
INSERT INTO ship_fuel (ship_id, hydrogen_capacity, fuel_intake_rate, fuel_usage_main, fuel_usage_retro, fuel_usage_maneuvering, maneuvering_time_till_empty, intake_to_main_ratio, quantum_capacity, quantum_range, quantum_speed, quantum_spool_time, quantum_travel_time_po, quantum_fuel_usage_po, thrust_main, thrust_retro, thrust_maneuvering, power_generation, power_used_shields, power_used_quantum, cooling_generation, cooling_used_shields, cooling_used_quantum, shield_hp_total, shield_regen_total) VALUES ((SELECT id FROM ships WHERE reference = 'ANVL_Terrapin_Medic_Collector_Medic'), 104500, 18, 39.7, 39.08, 164.25, 857.79, 0.45, 4000, 485908649174, 198000000, 4, 212, 345, 4240000, 4173886, 21540048, 18, 20.2, 14.2, 58, 31.2, 23.2, 18000, 1188) ON CONFLICT (ship_id) DO NOTHING;
INSERT INTO ship_insurance (ship_id, expedited_cost, expedited_claim_time, standard_claim_time) VALUES ((SELECT id FROM ships WHERE reference = 'ANVL_Terrapin_Medic_Collector_Medic'), 4220, 2.375, 9.5) ON CONFLICT (ship_id) DO NOTHING;
INSERT INTO ship_flight_stats (ship_id, scm_speed, max_speed, boost_speed_forward, boost_speed_backward, pitch, yaw, roll, pitch_boosted, yaw_boosted, roll_boosted, accel_forward, accel_backward, accel_up, accel_down, accel_strafe, accel_forward_g, accel_backward_g, accel_up_g, accel_down_g, accel_strafe_g, boost_mult_forward, boost_mult_backward, boost_mult_up, boost_mult_strafe, boost_capacitor_max, boost_regen_per_sec, boost_regen_time, zero_to_scm, zero_to_max, scm_to_zero, mass_empty, mass_loadout, mass_total) VALUES ((SELECT id FROM ships WHERE reference = 'ANVL_Valkyrie'), 207, 1110, 431, 245, 34, 29, 98, 40.8, 34.8, 117.6, 58.27, 26.45, 0, 0, 0, 5.94, 2.7, 0, 0, 0, 1.5, 1.4, 1.3, 1.2, 20, 0.75, 27.6, 3.55, 19.05, 7.83, 597246, 35637, 632883) ON CONFLICT (ship_id) DO NOTHING;
INSERT INTO ship_resistances (ship_id, armor_hp, dmg_mult_physical, dmg_mult_energy, dmg_mult_distortion, dmg_mult_thermal, dmg_mult_biochemical, dmg_mult_stun, sig_mult_cross_section, sig_mult_infrared, sig_mult_electromagnetic, pen_resist_base, pen_resist_physical, pen_resist_energy, pen_resist_distortion, base_em_signature, base_ir_signature, base_cs_signature, cross_section_x, cross_section_y, cross_section_z, em_total_shields, em_total_quantum, ir_total_shields, ir_total_quantum) VALUES ((SELECT id FROM ships WHERE reference = 'ANVL_Valkyrie'), 22275, 0.7, 0.5, 1, 1, 1, 1, 1.07, 1.07, 1.07, 1, 1, 1, 0, 43499, 10979, NULL, 18752, 5934, 23736, 43499, 64043, 10979, 8783) ON CONFLICT (ship_id) DO NOTHING;
INSERT INTO ship_fuel (ship_id, hydrogen_capacity, fuel_intake_rate, fuel_usage_main, fuel_usage_retro, fuel_usage_maneuvering, maneuvering_time_till_empty, intake_to_main_ratio, quantum_capacity, quantum_range, quantum_speed, quantum_spool_time, quantum_travel_time_po, quantum_fuel_usage_po, thrust_main, thrust_retro, thrust_maneuvering, power_generation, power_used_shields, power_used_quantum, cooling_generation, cooling_used_shields, cooling_used_quantum, shield_hp_total, shield_regen_total) VALUES ((SELECT id FROM ships WHERE reference = 'ANVL_Valkyrie'), 94500, 0, 344.87, 147.93, 326.75, 185.93, 0, 1800, 165137614679, 201000000, 6, 209, 457, 34800000, 15800000, 104560000, 24, 36, 28, 92, 50, 40, 52800, 3311) ON CONFLICT (ship_id) DO NOTHING;
INSERT INTO ship_insurance (ship_id, expedited_cost, expedited_claim_time, standard_claim_time) VALUES ((SELECT id FROM ships WHERE reference = 'ANVL_Valkyrie'), 11910, 4.98, 19.82) ON CONFLICT (ship_id) DO NOTHING;
INSERT INTO ship_flight_stats (ship_id, scm_speed, max_speed, boost_speed_forward, boost_speed_backward, pitch, yaw, roll, pitch_boosted, yaw_boosted, roll_boosted, accel_forward, accel_backward, accel_up, accel_down, accel_strafe, accel_forward_g, accel_backward_g, accel_up_g, accel_down_g, accel_strafe_g, boost_mult_forward, boost_mult_backward, boost_mult_up, boost_mult_strafe, boost_capacitor_max, boost_regen_per_sec, boost_regen_time, zero_to_scm, zero_to_max, scm_to_zero, mass_empty, mass_loadout, mass_total) VALUES ((SELECT id FROM ships WHERE reference = 'ANVL_Valkyrie_BIS2950'), 207, 1110, 431, 245, 34, 29, 98, 40.8, 34.8, 117.6, 58.27, 26.45, 0, 0, 0, 5.94, 2.7, 0, 0, 0, 1.5, 1.4, 1.3, 1.2, 20, 0.75, 27.6, 3.55, 19.05, 7.83, 597246, 35637, 632883) ON CONFLICT (ship_id) DO NOTHING;
INSERT INTO ship_resistances (ship_id, armor_hp, dmg_mult_physical, dmg_mult_energy, dmg_mult_distortion, dmg_mult_thermal, dmg_mult_biochemical, dmg_mult_stun, sig_mult_cross_section, sig_mult_infrared, sig_mult_electromagnetic, pen_resist_base, pen_resist_physical, pen_resist_energy, pen_resist_distortion, base_em_signature, base_ir_signature, base_cs_signature, cross_section_x, cross_section_y, cross_section_z, em_total_shields, em_total_quantum, ir_total_shields, ir_total_quantum) VALUES ((SELECT id FROM ships WHERE reference = 'ANVL_Valkyrie_BIS2950'), 22275, 0.7, 0.5, 1, 1, 1, 1, 1.07, 1.07, 1.07, 1, 1, 1, 0, 43499, 10979, NULL, 18752, 5934, 23736, 43499, 64043, 10979, 8783) ON CONFLICT (ship_id) DO NOTHING;
INSERT INTO ship_fuel (ship_id, hydrogen_capacity, fuel_intake_rate, fuel_usage_main, fuel_usage_retro, fuel_usage_maneuvering, maneuvering_time_till_empty, intake_to_main_ratio, quantum_capacity, quantum_range, quantum_speed, quantum_spool_time, quantum_travel_time_po, quantum_fuel_usage_po, thrust_main, thrust_retro, thrust_maneuvering, power_generation, power_used_shields, power_used_quantum, cooling_generation, cooling_used_shields, cooling_used_quantum, shield_hp_total, shield_regen_total) VALUES ((SELECT id FROM ships WHERE reference = 'ANVL_Valkyrie_BIS2950'), 94500, 0, 344.87, 147.93, 326.75, 185.93, 0, 1800, 165137614679, 201000000, 6, 209, 457, 34800000, 15800000, 104560000, 24, 36, 28, 92, 50, 40, 52800, 3311) ON CONFLICT (ship_id) DO NOTHING;
INSERT INTO ship_insurance (ship_id, expedited_cost, expedited_claim_time, standard_claim_time) VALUES ((SELECT id FROM ships WHERE reference = 'ANVL_Valkyrie_BIS2950'), 11910, 4.98, 19.82) ON CONFLICT (ship_id) DO NOTHING;
INSERT INTO ship_flight_stats (ship_id, scm_speed, max_speed, boost_speed_forward, boost_speed_backward, pitch, yaw, roll, pitch_boosted, yaw_boosted, roll_boosted, accel_forward, accel_backward, accel_up, accel_down, accel_strafe, accel_forward_g, accel_backward_g, accel_up_g, accel_down_g, accel_strafe_g, boost_mult_forward, boost_mult_backward, boost_mult_up, boost_mult_strafe, boost_capacitor_max, boost_regen_per_sec, boost_regen_time, zero_to_scm, zero_to_max, scm_to_zero, mass_empty, mass_loadout, mass_total) VALUES ((SELECT id FROM ships WHERE reference = 'ARGO_ATLS'), NULL, NULL, NULL, NULL, NULL, NULL, NULL, NULL, NULL, NULL, NULL, NULL, NULL, NULL, NULL, NULL, NULL, NULL, NULL, NULL, NULL, NULL, NULL, NULL, NULL, NULL, NULL, NULL, NULL, NULL, 1440, 81, 1521) ON CONFLICT (ship_id) DO NOTHING;
INSERT INTO ship_resistances (ship_id, armor_hp, dmg_mult_physical, dmg_mult_energy, dmg_mult_distortion, dmg_mult_thermal, dmg_mult_biochemical, dmg_mult_stun, sig_mult_cross_section, sig_mult_infrared, sig_mult_electromagnetic, pen_resist_base, pen_resist_physical, pen_resist_energy, pen_resist_distortion, base_em_signature, base_ir_signature, base_cs_signature, cross_section_x, cross_section_y, cross_section_z, em_total_shields, em_total_quantum, ir_total_shields, ir_total_quantum) VALUES ((SELECT id FROM ships WHERE reference = 'ARGO_ATLS'), NULL, NULL, NULL, NULL, NULL, NULL, NULL, NULL, NULL, NULL, NULL, NULL, NULL, NULL, NULL, NULL, NULL, NULL, NULL, NULL, 0, 0, NULL, NULL) ON CONFLICT (ship_id) DO NOTHING;
INSERT INTO ship_fuel (ship_id, hydrogen_capacity, fuel_intake_rate, fuel_usage_main, fuel_usage_retro, fuel_usage_maneuvering, maneuvering_time_till_empty, intake_to_main_ratio, quantum_capacity, quantum_range, quantum_speed, quantum_spool_time, quantum_travel_time_po, quantum_fuel_usage_po, thrust_main, thrust_retro, thrust_maneuvering, power_generation, power_used_shields, power_used_quantum, cooling_generation, cooling_used_shields, cooling_used_quantum, shield_hp_total, shield_regen_total) VALUES ((SELECT id FROM ships WHERE reference = 'ARGO_ATLS'), 0, 0, 0, 0, 0, NULL, NULL, NULL, NULL, NULL, NULL, NULL, NULL, 0, 0, 0, NULL, 1, 1, 0, 2, 2, NULL, NULL) ON CONFLICT (ship_id) DO NOTHING;
INSERT INTO ship_insurance (ship_id, expedited_cost, expedited_claim_time, standard_claim_time) VALUES ((SELECT id FROM ships WHERE reference = 'ARGO_ATLS'), 850, 0.63, 2.5) ON CONFLICT (ship_id) DO NOTHING;
INSERT INTO ship_flight_stats (ship_id, scm_speed, max_speed, boost_speed_forward, boost_speed_backward, pitch, yaw, roll, pitch_boosted, yaw_boosted, roll_boosted, accel_forward, accel_backward, accel_up, accel_down, accel_strafe, accel_forward_g, accel_backward_g, accel_up_g, accel_down_g, accel_strafe_g, boost_mult_forward, boost_mult_backward, boost_mult_up, boost_mult_strafe, boost_capacitor_max, boost_regen_per_sec, boost_regen_time, zero_to_scm, zero_to_max, scm_to_zero, mass_empty, mass_loadout, mass_total) VALUES ((SELECT id FROM ships WHERE reference = 'ARGO_ATLS_GEO'), NULL, NULL, NULL, NULL, NULL, NULL, NULL, NULL, NULL, NULL, NULL, NULL, NULL, NULL, NULL, NULL, NULL, NULL, NULL, NULL, NULL, NULL, NULL, NULL, NULL, NULL, NULL, NULL, NULL, NULL, 2100, 89, 2189) ON CONFLICT (ship_id) DO NOTHING;
INSERT INTO ship_resistances (ship_id, armor_hp, dmg_mult_physical, dmg_mult_energy, dmg_mult_distortion, dmg_mult_thermal, dmg_mult_biochemical, dmg_mult_stun, sig_mult_cross_section, sig_mult_infrared, sig_mult_electromagnetic, pen_resist_base, pen_resist_physical, pen_resist_energy, pen_resist_distortion, base_em_signature, base_ir_signature, base_cs_signature, cross_section_x, cross_section_y, cross_section_z, em_total_shields, em_total_quantum, ir_total_shields, ir_total_quantum) VALUES ((SELECT id FROM ships WHERE reference = 'ARGO_ATLS_GEO'), NULL, NULL, NULL, NULL, NULL, NULL, NULL, NULL, NULL, NULL, NULL, NULL, NULL, NULL, 900, NULL, NULL, NULL, NULL, NULL, 900, 900, NULL, NULL) ON CONFLICT (ship_id) DO NOTHING;
INSERT INTO ship_fuel (ship_id, hydrogen_capacity, fuel_intake_rate, fuel_usage_main, fuel_usage_retro, fuel_usage_maneuvering, maneuvering_time_till_empty, intake_to_main_ratio, quantum_capacity, quantum_range, quantum_speed, quantum_spool_time, quantum_travel_time_po, quantum_fuel_usage_po, thrust_main, thrust_retro, thrust_maneuvering, power_generation, power_used_shields, power_used_quantum, cooling_generation, cooling_used_shields, cooling_used_quantum, shield_hp_total, shield_regen_total) VALUES ((SELECT id FROM ships WHERE reference = 'ARGO_ATLS_GEO'), 0, 0, 0, 0, 0, NULL, NULL, NULL, NULL, NULL, NULL, NULL, NULL, 0, 0, 0, NULL, 3, 3, 0, 6, 6, NULL, NULL) ON CONFLICT (ship_id) DO NOTHING;
INSERT INTO ship_insurance (ship_id, expedited_cost, expedited_claim_time, standard_claim_time) VALUES ((SELECT id FROM ships WHERE reference = 'ARGO_ATLS_GEO'), 1020, 1, 3) ON CONFLICT (ship_id) DO NOTHING;
INSERT INTO ship_flight_stats (ship_id, scm_speed, max_speed, boost_speed_forward, boost_speed_backward, pitch, yaw, roll, pitch_boosted, yaw_boosted, roll_boosted, accel_forward, accel_backward, accel_up, accel_down, accel_strafe, accel_forward_g, accel_backward_g, accel_up_g, accel_down_g, accel_strafe_g, boost_mult_forward, boost_mult_backward, boost_mult_up, boost_mult_strafe, boost_capacitor_max, boost_regen_per_sec, boost_regen_time, zero_to_scm, zero_to_max, scm_to_zero, mass_empty, mass_loadout, mass_total) VALUES ((SELECT id FROM ships WHERE reference = 'ARGO_ATLS_GEO_Collector_Grad01'), NULL, NULL, NULL, NULL, NULL, NULL, NULL, NULL, NULL, NULL, NULL, NULL, NULL, NULL, NULL, NULL, NULL, NULL, NULL, NULL, NULL, NULL, NULL, NULL, NULL, NULL, NULL, NULL, NULL, NULL, 2100, 89, 2189) ON CONFLICT (ship_id) DO NOTHING;
INSERT INTO ship_resistances (ship_id, armor_hp, dmg_mult_physical, dmg_mult_energy, dmg_mult_distortion, dmg_mult_thermal, dmg_mult_biochemical, dmg_mult_stun, sig_mult_cross_section, sig_mult_infrared, sig_mult_electromagnetic, pen_resist_base, pen_resist_physical, pen_resist_energy, pen_resist_distortion, base_em_signature, base_ir_signature, base_cs_signature, cross_section_x, cross_section_y, cross_section_z, em_total_shields, em_total_quantum, ir_total_shields, ir_total_quantum) VALUES ((SELECT id FROM ships WHERE reference = 'ARGO_ATLS_GEO_Collector_Grad01'), NULL, NULL, NULL, NULL, NULL, NULL, NULL, NULL, NULL, NULL, NULL, NULL, NULL, NULL, 900, NULL, NULL, NULL, NULL, NULL, 900, 900, NULL, NULL) ON CONFLICT (ship_id) DO NOTHING;
INSERT INTO ship_fuel (ship_id, hydrogen_capacity, fuel_intake_rate, fuel_usage_main, fuel_usage_retro, fuel_usage_maneuvering, maneuvering_time_till_empty, intake_to_main_ratio, quantum_capacity, quantum_range, quantum_speed, quantum_spool_time, quantum_travel_time_po, quantum_fuel_usage_po, thrust_main, thrust_retro, thrust_maneuvering, power_generation, power_used_shields, power_used_quantum, cooling_generation, cooling_used_shields, cooling_used_quantum, shield_hp_total, shield_regen_total) VALUES ((SELECT id FROM ships WHERE reference = 'ARGO_ATLS_GEO_Collector_Grad01'), 0, 0, 0, 0, 0, NULL, NULL, NULL, NULL, NULL, NULL, NULL, NULL, 0, 0, 0, NULL, 3, 3, 0, 6, 6, NULL, NULL) ON CONFLICT (ship_id) DO NOTHING;
INSERT INTO ship_insurance (ship_id, expedited_cost, expedited_claim_time, standard_claim_time) VALUES ((SELECT id FROM ships WHERE reference = 'ARGO_ATLS_GEO_Collector_Grad01'), 1020, 1, 3) ON CONFLICT (ship_id) DO NOTHING;
INSERT INTO ship_flight_stats (ship_id, scm_speed, max_speed, boost_speed_forward, boost_speed_backward, pitch, yaw, roll, pitch_boosted, yaw_boosted, roll_boosted, accel_forward, accel_backward, accel_up, accel_down, accel_strafe, accel_forward_g, accel_backward_g, accel_up_g, accel_down_g, accel_strafe_g, boost_mult_forward, boost_mult_backward, boost_mult_up, boost_mult_strafe, boost_capacitor_max, boost_regen_per_sec, boost_regen_time, zero_to_scm, zero_to_max, scm_to_zero, mass_empty, mass_loadout, mass_total) VALUES ((SELECT id FROM ships WHERE reference = 'ARGO_ATLS_GEO_Collector_Grad02'), NULL, NULL, NULL, NULL, NULL, NULL, NULL, NULL, NULL, NULL, NULL, NULL, NULL, NULL, NULL, NULL, NULL, NULL, NULL, NULL, NULL, NULL, NULL, NULL, NULL, NULL, NULL, NULL, NULL, NULL, 2100, 89, 2189) ON CONFLICT (ship_id) DO NOTHING;
INSERT INTO ship_resistances (ship_id, armor_hp, dmg_mult_physical, dmg_mult_energy, dmg_mult_distortion, dmg_mult_thermal, dmg_mult_biochemical, dmg_mult_stun, sig_mult_cross_section, sig_mult_infrared, sig_mult_electromagnetic, pen_resist_base, pen_resist_physical, pen_resist_energy, pen_resist_distortion, base_em_signature, base_ir_signature, base_cs_signature, cross_section_x, cross_section_y, cross_section_z, em_total_shields, em_total_quantum, ir_total_shields, ir_total_quantum) VALUES ((SELECT id FROM ships WHERE reference = 'ARGO_ATLS_GEO_Collector_Grad02'), NULL, NULL, NULL, NULL, NULL, NULL, NULL, NULL, NULL, NULL, NULL, NULL, NULL, NULL, 900, NULL, NULL, NULL, NULL, NULL, 900, 900, NULL, NULL) ON CONFLICT (ship_id) DO NOTHING;
INSERT INTO ship_fuel (ship_id, hydrogen_capacity, fuel_intake_rate, fuel_usage_main, fuel_usage_retro, fuel_usage_maneuvering, maneuvering_time_till_empty, intake_to_main_ratio, quantum_capacity, quantum_range, quantum_speed, quantum_spool_time, quantum_travel_time_po, quantum_fuel_usage_po, thrust_main, thrust_retro, thrust_maneuvering, power_generation, power_used_shields, power_used_quantum, cooling_generation, cooling_used_shields, cooling_used_quantum, shield_hp_total, shield_regen_total) VALUES ((SELECT id FROM ships WHERE reference = 'ARGO_ATLS_GEO_Collector_Grad02'), 0, 0, 0, 0, 0, NULL, NULL, NULL, NULL, NULL, NULL, NULL, NULL, 0, 0, 0, NULL, 3, 3, 0, 6, 6, NULL, NULL) ON CONFLICT (ship_id) DO NOTHING;
INSERT INTO ship_insurance (ship_id, expedited_cost, expedited_claim_time, standard_claim_time) VALUES ((SELECT id FROM ships WHERE reference = 'ARGO_ATLS_GEO_Collector_Grad02'), 1020, 1, 3) ON CONFLICT (ship_id) DO NOTHING;
INSERT INTO ship_flight_stats (ship_id, scm_speed, max_speed, boost_speed_forward, boost_speed_backward, pitch, yaw, roll, pitch_boosted, yaw_boosted, roll_boosted, accel_forward, accel_backward, accel_up, accel_down, accel_strafe, accel_forward_g, accel_backward_g, accel_up_g, accel_down_g, accel_strafe_g, boost_mult_forward, boost_mult_backward, boost_mult_up, boost_mult_strafe, boost_capacitor_max, boost_regen_per_sec, boost_regen_time, zero_to_scm, zero_to_max, scm_to_zero, mass_empty, mass_loadout, mass_total) VALUES ((SELECT id FROM ships WHERE reference = 'ARGO_ATLS_GEO_Collector_Grad03'), NULL, NULL, NULL, NULL, NULL, NULL, NULL, NULL, NULL, NULL, NULL, NULL, NULL, NULL, NULL, NULL, NULL, NULL, NULL, NULL, NULL, NULL, NULL, NULL, NULL, NULL, NULL, NULL, NULL, NULL, 2100, 89, 2189) ON CONFLICT (ship_id) DO NOTHING;
INSERT INTO ship_resistances (ship_id, armor_hp, dmg_mult_physical, dmg_mult_energy, dmg_mult_distortion, dmg_mult_thermal, dmg_mult_biochemical, dmg_mult_stun, sig_mult_cross_section, sig_mult_infrared, sig_mult_electromagnetic, pen_resist_base, pen_resist_physical, pen_resist_energy, pen_resist_distortion, base_em_signature, base_ir_signature, base_cs_signature, cross_section_x, cross_section_y, cross_section_z, em_total_shields, em_total_quantum, ir_total_shields, ir_total_quantum) VALUES ((SELECT id FROM ships WHERE reference = 'ARGO_ATLS_GEO_Collector_Grad03'), NULL, NULL, NULL, NULL, NULL, NULL, NULL, NULL, NULL, NULL, NULL, NULL, NULL, NULL, 900, NULL, NULL, NULL, NULL, NULL, 900, 900, NULL, NULL) ON CONFLICT (ship_id) DO NOTHING;
INSERT INTO ship_fuel (ship_id, hydrogen_capacity, fuel_intake_rate, fuel_usage_main, fuel_usage_retro, fuel_usage_maneuvering, maneuvering_time_till_empty, intake_to_main_ratio, quantum_capacity, quantum_range, quantum_speed, quantum_spool_time, quantum_travel_time_po, quantum_fuel_usage_po, thrust_main, thrust_retro, thrust_maneuvering, power_generation, power_used_shields, power_used_quantum, cooling_generation, cooling_used_shields, cooling_used_quantum, shield_hp_total, shield_regen_total) VALUES ((SELECT id FROM ships WHERE reference = 'ARGO_ATLS_GEO_Collector_Grad03'), 0, 0, 0, 0, 0, NULL, NULL, NULL, NULL, NULL, NULL, NULL, NULL, 0, 0, 0, NULL, 3, 3, 0, 6, 6, NULL, NULL) ON CONFLICT (ship_id) DO NOTHING;
INSERT INTO ship_insurance (ship_id, expedited_cost, expedited_claim_time, standard_claim_time) VALUES ((SELECT id FROM ships WHERE reference = 'ARGO_ATLS_GEO_Collector_Grad03'), 1020, 1, 3) ON CONFLICT (ship_id) DO NOTHING;
INSERT INTO ship_flight_stats (ship_id, scm_speed, max_speed, boost_speed_forward, boost_speed_backward, pitch, yaw, roll, pitch_boosted, yaw_boosted, roll_boosted, accel_forward, accel_backward, accel_up, accel_down, accel_strafe, accel_forward_g, accel_backward_g, accel_up_g, accel_down_g, accel_strafe_g, boost_mult_forward, boost_mult_backward, boost_mult_up, boost_mult_strafe, boost_capacitor_max, boost_regen_per_sec, boost_regen_time, zero_to_scm, zero_to_max, scm_to_zero, mass_empty, mass_loadout, mass_total) VALUES ((SELECT id FROM ships WHERE reference = 'ARGO_ATLS_GEO_IKTI'), NULL, NULL, NULL, NULL, NULL, NULL, NULL, NULL, NULL, NULL, NULL, NULL, NULL, NULL, NULL, NULL, NULL, NULL, NULL, NULL, NULL, NULL, NULL, NULL, NULL, NULL, NULL, NULL, NULL, NULL, 2300, 136, 2436) ON CONFLICT (ship_id) DO NOTHING;
INSERT INTO ship_resistances (ship_id, armor_hp, dmg_mult_physical, dmg_mult_energy, dmg_mult_distortion, dmg_mult_thermal, dmg_mult_biochemical, dmg_mult_stun, sig_mult_cross_section, sig_mult_infrared, sig_mult_electromagnetic, pen_resist_base, pen_resist_physical, pen_resist_energy, pen_resist_distortion, base_em_signature, base_ir_signature, base_cs_signature, cross_section_x, cross_section_y, cross_section_z, em_total_shields, em_total_quantum, ir_total_shields, ir_total_quantum) VALUES ((SELECT id FROM ships WHERE reference = 'ARGO_ATLS_GEO_IKTI'), NULL, NULL, NULL, NULL, NULL, NULL, NULL, NULL, NULL, NULL, NULL, NULL, NULL, NULL, 1204, NULL, NULL, NULL, NULL, NULL, 1204, 1204, NULL, NULL) ON CONFLICT (ship_id) DO NOTHING;
INSERT INTO ship_fuel (ship_id, hydrogen_capacity, fuel_intake_rate, fuel_usage_main, fuel_usage_retro, fuel_usage_maneuvering, maneuvering_time_till_empty, intake_to_main_ratio, quantum_capacity, quantum_range, quantum_speed, quantum_spool_time, quantum_travel_time_po, quantum_fuel_usage_po, thrust_main, thrust_retro, thrust_maneuvering, power_generation, power_used_shields, power_used_quantum, cooling_generation, cooling_used_shields, cooling_used_quantum, shield_hp_total, shield_regen_total) VALUES ((SELECT id FROM ships WHERE reference = 'ARGO_ATLS_GEO_IKTI'), 0, 0, 0, 0, 0, NULL, NULL, NULL, NULL, NULL, NULL, NULL, NULL, 0, 0, 0, NULL, 2.9, 2.9, 0, 4.9, 4.9, NULL, NULL) ON CONFLICT (ship_id) DO NOTHING;
INSERT INTO ship_insurance (ship_id, expedited_cost, expedited_claim_time, standard_claim_time) VALUES ((SELECT id FROM ships WHERE reference = 'ARGO_ATLS_GEO_IKTI'), 1520, 2.5, 7.5) ON CONFLICT (ship_id) DO NOTHING;
INSERT INTO ship_flight_stats (ship_id, scm_speed, max_speed, boost_speed_forward, boost_speed_backward, pitch, yaw, roll, pitch_boosted, yaw_boosted, roll_boosted, accel_forward, accel_backward, accel_up, accel_down, accel_strafe, accel_forward_g, accel_backward_g, accel_up_g, accel_down_g, accel_strafe_g, boost_mult_forward, boost_mult_backward, boost_mult_up, boost_mult_strafe, boost_capacitor_max, boost_regen_per_sec, boost_regen_time, zero_to_scm, zero_to_max, scm_to_zero, mass_empty, mass_loadout, mass_total) VALUES ((SELECT id FROM ships WHERE reference = 'ARGO_ATLS_IKTI'), NULL, NULL, NULL, NULL, NULL, NULL, NULL, NULL, NULL, NULL, NULL, NULL, NULL, NULL, NULL, NULL, NULL, NULL, NULL, NULL, NULL, NULL, NULL, NULL, NULL, NULL, NULL, NULL, NULL, NULL, 1800, 124, 1924) ON CONFLICT (ship_id) DO NOTHING;
INSERT INTO ship_resistances (ship_id, armor_hp, dmg_mult_physical, dmg_mult_energy, dmg_mult_distortion, dmg_mult_thermal, dmg_mult_biochemical, dmg_mult_stun, sig_mult_cross_section, sig_mult_infrared, sig_mult_electromagnetic, pen_resist_base, pen_resist_physical, pen_resist_energy, pen_resist_distortion, base_em_signature, base_ir_signature, base_cs_signature, cross_section_x, cross_section_y, cross_section_z, em_total_shields, em_total_quantum, ir_total_shields, ir_total_quantum) VALUES ((SELECT id FROM ships WHERE reference = 'ARGO_ATLS_IKTI'), NULL, NULL, NULL, NULL, NULL, NULL, NULL, NULL, NULL, NULL, NULL, NULL, NULL, NULL, 1204, NULL, NULL, NULL, NULL, NULL, 1204, 1204, NULL, NULL) ON CONFLICT (ship_id) DO NOTHING;
INSERT INTO ship_fuel (ship_id, hydrogen_capacity, fuel_intake_rate, fuel_usage_main, fuel_usage_retro, fuel_usage_maneuvering, maneuvering_time_till_empty, intake_to_main_ratio, quantum_capacity, quantum_range, quantum_speed, quantum_spool_time, quantum_travel_time_po, quantum_fuel_usage_po, thrust_main, thrust_retro, thrust_maneuvering, power_generation, power_used_shields, power_used_quantum, cooling_generation, cooling_used_shields, cooling_used_quantum, shield_hp_total, shield_regen_total) VALUES ((SELECT id FROM ships WHERE reference = 'ARGO_ATLS_IKTI'), 0, 0, 0, 0, 0, NULL, NULL, NULL, NULL, NULL, NULL, NULL, NULL, 0, 0, 0, NULL, 2.9, 2.9, 0, 4.9, 4.9, NULL, NULL) ON CONFLICT (ship_id) DO NOTHING;
INSERT INTO ship_insurance (ship_id, expedited_cost, expedited_claim_time, standard_claim_time) VALUES ((SELECT id FROM ships WHERE reference = 'ARGO_ATLS_IKTI'), 1020, 1, 3) ON CONFLICT (ship_id) DO NOTHING;
INSERT INTO ship_flight_stats (ship_id, scm_speed, max_speed, boost_speed_forward, boost_speed_backward, pitch, yaw, roll, pitch_boosted, yaw_boosted, roll_boosted, accel_forward, accel_backward, accel_up, accel_down, accel_strafe, accel_forward_g, accel_backward_g, accel_up_g, accel_down_g, accel_strafe_g, boost_mult_forward, boost_mult_backward, boost_mult_up, boost_mult_strafe, boost_capacitor_max, boost_regen_per_sec, boost_regen_time, zero_to_scm, zero_to_max, scm_to_zero, mass_empty, mass_loadout, mass_total) VALUES ((SELECT id FROM ships WHERE reference = 'ARGO_ATLS_IKTI_ARGOS'), NULL, NULL, NULL, NULL, NULL, NULL, NULL, NULL, NULL, NULL, NULL, NULL, NULL, NULL, NULL, NULL, NULL, NULL, NULL, NULL, NULL, NULL, NULL, NULL, NULL, NULL, NULL, NULL, NULL, NULL, 2300, 136, 2436) ON CONFLICT (ship_id) DO NOTHING;
INSERT INTO ship_resistances (ship_id, armor_hp, dmg_mult_physical, dmg_mult_energy, dmg_mult_distortion, dmg_mult_thermal, dmg_mult_biochemical, dmg_mult_stun, sig_mult_cross_section, sig_mult_infrared, sig_mult_electromagnetic, pen_resist_base, pen_resist_physical, pen_resist_energy, pen_resist_distortion, base_em_signature, base_ir_signature, base_cs_signature, cross_section_x, cross_section_y, cross_section_z, em_total_shields, em_total_quantum, ir_total_shields, ir_total_quantum) VALUES ((SELECT id FROM ships WHERE reference = 'ARGO_ATLS_IKTI_ARGOS'), NULL, NULL, NULL, NULL, NULL, NULL, NULL, NULL, NULL, NULL, NULL, NULL, NULL, NULL, 1204, NULL, NULL, NULL, NULL, NULL, 1204, 1204, NULL, NULL) ON CONFLICT (ship_id) DO NOTHING;
INSERT INTO ship_fuel (ship_id, hydrogen_capacity, fuel_intake_rate, fuel_usage_main, fuel_usage_retro, fuel_usage_maneuvering, maneuvering_time_till_empty, intake_to_main_ratio, quantum_capacity, quantum_range, quantum_speed, quantum_spool_time, quantum_travel_time_po, quantum_fuel_usage_po, thrust_main, thrust_retro, thrust_maneuvering, power_generation, power_used_shields, power_used_quantum, cooling_generation, cooling_used_shields, cooling_used_quantum, shield_hp_total, shield_regen_total) VALUES ((SELECT id FROM ships WHERE reference = 'ARGO_ATLS_IKTI_ARGOS'), 0, 0, 0, 0, 0, NULL, NULL, NULL, NULL, NULL, NULL, NULL, NULL, 0, 0, 0, NULL, 2.9, 2.9, 0, 4.9, 4.9, NULL, NULL) ON CONFLICT (ship_id) DO NOTHING;
INSERT INTO ship_insurance (ship_id, expedited_cost, expedited_claim_time, standard_claim_time) VALUES ((SELECT id FROM ships WHERE reference = 'ARGO_ATLS_IKTI_ARGOS'), 1520, 2.5, 7.5) ON CONFLICT (ship_id) DO NOTHING;
INSERT INTO ship_flight_stats (ship_id, scm_speed, max_speed, boost_speed_forward, boost_speed_backward, pitch, yaw, roll, pitch_boosted, yaw_boosted, roll_boosted, accel_forward, accel_backward, accel_up, accel_down, accel_strafe, accel_forward_g, accel_backward_g, accel_up_g, accel_down_g, accel_strafe_g, boost_mult_forward, boost_mult_backward, boost_mult_up, boost_mult_strafe, boost_capacitor_max, boost_regen_per_sec, boost_regen_time, zero_to_scm, zero_to_max, scm_to_zero, mass_empty, mass_loadout, mass_total) VALUES ((SELECT id FROM ships WHERE reference = 'ARGO_CSV_Cargo'), NULL, NULL, NULL, NULL, NULL, NULL, NULL, NULL, NULL, NULL, NULL, NULL, NULL, NULL, NULL, NULL, NULL, NULL, NULL, NULL, NULL, NULL, NULL, NULL, NULL, NULL, NULL, NULL, NULL, NULL, 14755, 341, 15096) ON CONFLICT (ship_id) DO NOTHING;
INSERT INTO ship_resistances (ship_id, armor_hp, dmg_mult_physical, dmg_mult_energy, dmg_mult_distortion, dmg_mult_thermal, dmg_mult_biochemical, dmg_mult_stun, sig_mult_cross_section, sig_mult_infrared, sig_mult_electromagnetic, pen_resist_base, pen_resist_physical, pen_resist_energy, pen_resist_distortion, base_em_signature, base_ir_signature, base_cs_signature, cross_section_x, cross_section_y, cross_section_z, em_total_shields, em_total_quantum, ir_total_shields, ir_total_quantum) VALUES ((SELECT id FROM ships WHERE reference = 'ARGO_CSV_Cargo'), 1625, 0.75, 0.6, 1, 1, 1, 1, 1, 1, 1, 1, 1, 1, 0, 3738, 1719, NULL, 1011, 1184, 505, 3738, 3738, 1719, 1719) ON CONFLICT (ship_id) DO NOTHING;
INSERT INTO ship_fuel (ship_id, hydrogen_capacity, fuel_intake_rate, fuel_usage_main, fuel_usage_retro, fuel_usage_maneuvering, maneuvering_time_till_empty, intake_to_main_ratio, quantum_capacity, quantum_range, quantum_speed, quantum_spool_time, quantum_travel_time_po, quantum_fuel_usage_po, thrust_main, thrust_retro, thrust_maneuvering, power_generation, power_used_shields, power_used_quantum, cooling_generation, cooling_used_shields, cooling_used_quantum, shield_hp_total, shield_regen_total) VALUES ((SELECT id FROM ships WHERE reference = 'ARGO_CSV_Cargo'), 0, 0, 0, 0, 0, NULL, NULL, NULL, NULL, NULL, NULL, NULL, NULL, 0, 0, 0, 10, 6, 6, 16, 11, 11, 900, 34) ON CONFLICT (ship_id) DO NOTHING;
INSERT INTO ship_insurance (ship_id, expedited_cost, expedited_claim_time, standard_claim_time) VALUES ((SELECT id FROM ships WHERE reference = 'ARGO_CSV_Cargo'), 190, 0.08, 0.33) ON CONFLICT (ship_id) DO NOTHING;
INSERT INTO ship_flight_stats (ship_id, scm_speed, max_speed, boost_speed_forward, boost_speed_backward, pitch, yaw, roll, pitch_boosted, yaw_boosted, roll_boosted, accel_forward, accel_backward, accel_up, accel_down, accel_strafe, accel_forward_g, accel_backward_g, accel_up_g, accel_down_g, accel_strafe_g, boost_mult_forward, boost_mult_backward, boost_mult_up, boost_mult_strafe, boost_capacitor_max, boost_regen_per_sec, boost_regen_time, zero_to_scm, zero_to_max, scm_to_zero, mass_empty, mass_loadout, mass_total) VALUES ((SELECT id FROM ships WHERE reference = 'ARGO_MOLE'), 140, 960, 340, 150, 30, 30, 75, 36, 36, 90, 28.15, 35.18, 22.05, 0, 0, 2.87, 3.59, 2.25, 0, 0, 1.41, 1.39, 1.4, 1.3, 20, 0.75, 27.8, 4.97, 34.1, 3.98, 852686, 30367, 883053) ON CONFLICT (ship_id) DO NOTHING;
INSERT INTO ship_resistances (ship_id, armor_hp, dmg_mult_physical, dmg_mult_energy, dmg_mult_distortion, dmg_mult_thermal, dmg_mult_biochemical, dmg_mult_stun, sig_mult_cross_section, sig_mult_infrared, sig_mult_electromagnetic, pen_resist_base, pen_resist_physical, pen_resist_energy, pen_resist_distortion, base_em_signature, base_ir_signature, base_cs_signature, cross_section_x, cross_section_y, cross_section_z, em_total_shields, em_total_quantum, ir_total_shields, ir_total_quantum) VALUES ((SELECT id FROM ships WHERE reference = 'ARGO_MOLE'), 14025, 0.7, 0.5, 1, 1, 1, 1, 1, 1, 1, 1, 1, 1, 0, 30675, 10103, NULL, 16155, 9693, 29373, 30675, 63575, 10103, 10103) ON CONFLICT (ship_id) DO NOTHING;
INSERT INTO ship_fuel (ship_id, hydrogen_capacity, fuel_intake_rate, fuel_usage_main, fuel_usage_retro, fuel_usage_maneuvering, maneuvering_time_till_empty, intake_to_main_ratio, quantum_capacity, quantum_range, quantum_speed, quantum_spool_time, quantum_travel_time_po, quantum_fuel_usage_po, thrust_main, thrust_retro, thrust_maneuvering, power_generation, power_used_shields, power_used_quantum, cooling_generation, cooling_used_shields, cooling_used_quantum, shield_hp_total, shield_regen_total) VALUES ((SELECT id FROM ships WHERE reference = 'ARGO_MOLE'), 200000, 0, 262.5, 328.13, 165, 579.71, 0, 2600, 425950196592, 314000000, 6, 134, 256, 24000000, 30000000, 52800000, 23, 31.2, 27.2, 52, 48.2, 48.2, 125000, 7838) ON CONFLICT (ship_id) DO NOTHING;
INSERT INTO ship_insurance (ship_id, expedited_cost, expedited_claim_time, standard_claim_time) VALUES ((SELECT id FROM ships WHERE reference = 'ARGO_MOLE'), 5715, 4.5, 13.5) ON CONFLICT (ship_id) DO NOTHING;
INSERT INTO ship_flight_stats (ship_id, scm_speed, max_speed, boost_speed_forward, boost_speed_backward, pitch, yaw, roll, pitch_boosted, yaw_boosted, roll_boosted, accel_forward, accel_backward, accel_up, accel_down, accel_strafe, accel_forward_g, accel_backward_g, accel_up_g, accel_down_g, accel_strafe_g, boost_mult_forward, boost_mult_backward, boost_mult_up, boost_mult_strafe, boost_capacitor_max, boost_regen_per_sec, boost_regen_time, zero_to_scm, zero_to_max, scm_to_zero, mass_empty, mass_loadout, mass_total) VALUES ((SELECT id FROM ships WHERE reference = 'ARGO_MOLE_Carbon'), 140, 960, 340, 150, 30, 30, 75, 36, 36, 90, 28.15, 35.18, 22.05, 0, 0, 2.87, 3.59, 2.25, 0, 0, 1.41, 1.39, 1.4, 1.3, 20, 0.75, 27.8, 4.97, 34.1, 3.98, 852686, 30187, 882873) ON CONFLICT (ship_id) DO NOTHING;
INSERT INTO ship_resistances (ship_id, armor_hp, dmg_mult_physical, dmg_mult_energy, dmg_mult_distortion, dmg_mult_thermal, dmg_mult_biochemical, dmg_mult_stun, sig_mult_cross_section, sig_mult_infrared, sig_mult_electromagnetic, pen_resist_base, pen_resist_physical, pen_resist_energy, pen_resist_distortion, base_em_signature, base_ir_signature, base_cs_signature, cross_section_x, cross_section_y, cross_section_z, em_total_shields, em_total_quantum, ir_total_shields, ir_total_quantum) VALUES ((SELECT id FROM ships WHERE reference = 'ARGO_MOLE_Carbon'), 27000, 0.7, 0.5, 1, 1, 1, 1, 1, 1, 1, 1, 1, 1, 0, 20466, 8846, NULL, 16155, 9693, 29373, 20466, 53366, 8846, 8846) ON CONFLICT (ship_id) DO NOTHING;
INSERT INTO ship_fuel (ship_id, hydrogen_capacity, fuel_intake_rate, fuel_usage_main, fuel_usage_retro, fuel_usage_maneuvering, maneuvering_time_till_empty, intake_to_main_ratio, quantum_capacity, quantum_range, quantum_speed, quantum_spool_time, quantum_travel_time_po, quantum_fuel_usage_po, thrust_main, thrust_retro, thrust_maneuvering, power_generation, power_used_shields, power_used_quantum, cooling_generation, cooling_used_shields, cooling_used_quantum, shield_hp_total, shield_regen_total) VALUES ((SELECT id FROM ships WHERE reference = 'ARGO_MOLE_Carbon'), 200000, 0, 262.5, 328.13, 165, 579.71, 0, 2600, 425950196592, 314000000, 6, 134, 256, 24000000, 30000000, 52800000, 23, 28.2, 24.2, 52, 42.2, 42.2, 62500, 3527) ON CONFLICT (ship_id) DO NOTHING;
INSERT INTO ship_insurance (ship_id, expedited_cost, expedited_claim_time, standard_claim_time) VALUES ((SELECT id FROM ships WHERE reference = 'ARGO_MOLE_Carbon'), 5715, 4.5, 13.5) ON CONFLICT (ship_id) DO NOTHING;
INSERT INTO ship_flight_stats (ship_id, scm_speed, max_speed, boost_speed_forward, boost_speed_backward, pitch, yaw, roll, pitch_boosted, yaw_boosted, roll_boosted, accel_forward, accel_backward, accel_up, accel_down, accel_strafe, accel_forward_g, accel_backward_g, accel_up_g, accel_down_g, accel_strafe_g, boost_mult_forward, boost_mult_backward, boost_mult_up, boost_mult_strafe, boost_capacitor_max, boost_regen_per_sec, boost_regen_time, zero_to_scm, zero_to_max, scm_to_zero, mass_empty, mass_loadout, mass_total) VALUES ((SELECT id FROM ships WHERE reference = 'ARGO_MOLE_Talus'), 140, 960, 340, 150, 30, 30, 75, 36, 36, 90, 28.15, 35.18, 22.05, 0, 0, 2.87, 3.59, 2.25, 0, 0, 1.41, 1.39, 1.4, 1.3, 20, 0.75, 27.8, 4.97, 34.1, 3.98, 852686, 30187, 882873) ON CONFLICT (ship_id) DO NOTHING;
INSERT INTO ship_resistances (ship_id, armor_hp, dmg_mult_physical, dmg_mult_energy, dmg_mult_distortion, dmg_mult_thermal, dmg_mult_biochemical, dmg_mult_stun, sig_mult_cross_section, sig_mult_infrared, sig_mult_electromagnetic, pen_resist_base, pen_resist_physical, pen_resist_energy, pen_resist_distortion, base_em_signature, base_ir_signature, base_cs_signature, cross_section_x, cross_section_y, cross_section_z, em_total_shields, em_total_quantum, ir_total_shields, ir_total_quantum) VALUES ((SELECT id FROM ships WHERE reference = 'ARGO_MOLE_Talus'), 27000, 0.7, 0.5, 1, 1, 1, 1, 1, 1, 1, 1, 1, 1, 0, 20466, 8846, NULL, 16155, 9693, 29373, 20466, 53366, 8846, 8846) ON CONFLICT (ship_id) DO NOTHING;
INSERT INTO ship_fuel (ship_id, hydrogen_capacity, fuel_intake_rate, fuel_usage_main, fuel_usage_retro, fuel_usage_maneuvering, maneuvering_time_till_empty, intake_to_main_ratio, quantum_capacity, quantum_range, quantum_speed, quantum_spool_time, quantum_travel_time_po, quantum_fuel_usage_po, thrust_main, thrust_retro, thrust_maneuvering, power_generation, power_used_shields, power_used_quantum, cooling_generation, cooling_used_shields, cooling_used_quantum, shield_hp_total, shield_regen_total) VALUES ((SELECT id FROM ships WHERE reference = 'ARGO_MOLE_Talus'), 200000, 0, 262.5, 328.13, 165, 579.71, 0, 2600, 425950196592, 314000000, 6, 134, 256, 24000000, 30000000, 52800000, 23, 28.2, 24.2, 52, 42.2, 42.2, 62500, 3527) ON CONFLICT (ship_id) DO NOTHING;
INSERT INTO ship_insurance (ship_id, expedited_cost, expedited_claim_time, standard_claim_time) VALUES ((SELECT id FROM ships WHERE reference = 'ARGO_MOLE_Talus'), 5715, 4.5, 13.5) ON CONFLICT (ship_id) DO NOTHING;
INSERT INTO ship_flight_stats (ship_id, scm_speed, max_speed, boost_speed_forward, boost_speed_backward, pitch, yaw, roll, pitch_boosted, yaw_boosted, roll_boosted, accel_forward, accel_backward, accel_up, accel_down, accel_strafe, accel_forward_g, accel_backward_g, accel_up_g, accel_down_g, accel_strafe_g, boost_mult_forward, boost_mult_backward, boost_mult_up, boost_mult_strafe, boost_capacitor_max, boost_regen_per_sec, boost_regen_time, zero_to_scm, zero_to_max, scm_to_zero, mass_empty, mass_loadout, mass_total) VALUES ((SELECT id FROM ships WHERE reference = 'ARGO_MOLE_Teach'), 140, 960, 340, 150, 30, 30, 75, 36, 36, 90, 28.15, 35.18, 22.05, 0, 0, 2.87, 3.59, 2.25, 0, 0, 1.41, 1.39, 1.4, 1.3, 20, 0.75, 27.8, 4.97, 34.1, 3.98, 852686, 30367, 883053) ON CONFLICT (ship_id) DO NOTHING;
INSERT INTO ship_resistances (ship_id, armor_hp, dmg_mult_physical, dmg_mult_energy, dmg_mult_distortion, dmg_mult_thermal, dmg_mult_biochemical, dmg_mult_stun, sig_mult_cross_section, sig_mult_infrared, sig_mult_electromagnetic, pen_resist_base, pen_resist_physical, pen_resist_energy, pen_resist_distortion, base_em_signature, base_ir_signature, base_cs_signature, cross_section_x, cross_section_y, cross_section_z, em_total_shields, em_total_quantum, ir_total_shields, ir_total_quantum) VALUES ((SELECT id FROM ships WHERE reference = 'ARGO_MOLE_Teach'), 14025, 0.7, 0.5, 1, 1, 1, 1, 1, 1, 1, 1, 1, 1, 0, 30675, 10103, NULL, 16155, 9693, 29373, 30675, 63575, 10103, 10103) ON CONFLICT (ship_id) DO NOTHING;
INSERT INTO ship_fuel (ship_id, hydrogen_capacity, fuel_intake_rate, fuel_usage_main, fuel_usage_retro, fuel_usage_maneuvering, maneuvering_time_till_empty, intake_to_main_ratio, quantum_capacity, quantum_range, quantum_speed, quantum_spool_time, quantum_travel_time_po, quantum_fuel_usage_po, thrust_main, thrust_retro, thrust_maneuvering, power_generation, power_used_shields, power_used_quantum, cooling_generation, cooling_used_shields, cooling_used_quantum, shield_hp_total, shield_regen_total) VALUES ((SELECT id FROM ships WHERE reference = 'ARGO_MOLE_Teach'), 200000, 0, 262.5, 328.13, 165, 579.71, 0, 2600, 425950196592, 314000000, 6, 134, 256, 24000000, 30000000, 52800000, 23, 31.2, 27.2, 52, 48.2, 48.2, 125000, 7838) ON CONFLICT (ship_id) DO NOTHING;
INSERT INTO ship_insurance (ship_id, expedited_cost, expedited_claim_time, standard_claim_time) VALUES ((SELECT id FROM ships WHERE reference = 'ARGO_MOLE_Teach'), 5715, 4.5, 13.5) ON CONFLICT (ship_id) DO NOTHING;
INSERT INTO ship_flight_stats (ship_id, scm_speed, max_speed, boost_speed_forward, boost_speed_backward, pitch, yaw, roll, pitch_boosted, yaw_boosted, roll_boosted, accel_forward, accel_backward, accel_up, accel_down, accel_strafe, accel_forward_g, accel_backward_g, accel_up_g, accel_down_g, accel_strafe_g, boost_mult_forward, boost_mult_backward, boost_mult_up, boost_mult_strafe, boost_capacitor_max, boost_regen_per_sec, boost_regen_time, zero_to_scm, zero_to_max, scm_to_zero, mass_empty, mass_loadout, mass_total) VALUES ((SELECT id FROM ships WHERE reference = 'ARGO_MOTH'), 140, 960, 340, 150, 30, 30, 75, 36, 36, 90, 34.93, 35.46, 15.91, 0, 0, 3.56, 3.62, 1.62, 0, 0, 1.41, 1.39, 1.4, 1.3, 20, 0.75, 27.8, 4.01, 27.48, 3.95, 852686, 27515, 880201) ON CONFLICT (ship_id) DO NOTHING;
INSERT INTO ship_resistances (ship_id, armor_hp, dmg_mult_physical, dmg_mult_energy, dmg_mult_distortion, dmg_mult_thermal, dmg_mult_biochemical, dmg_mult_stun, sig_mult_cross_section, sig_mult_infrared, sig_mult_electromagnetic, pen_resist_base, pen_resist_physical, pen_resist_energy, pen_resist_distortion, base_em_signature, base_ir_signature, base_cs_signature, cross_section_x, cross_section_y, cross_section_z, em_total_shields, em_total_quantum, ir_total_shields, ir_total_quantum) VALUES ((SELECT id FROM ships WHERE reference = 'ARGO_MOTH'), 14025, 0.75, 0.6, 1, 1, 1, 1, 1, 1, 1, 1, 1, 1, 0, 21988, 8846, NULL, 16155, 9693, 29373, 21988, 54888, 8846, 8846) ON CONFLICT (ship_id) DO NOTHING;
INSERT INTO ship_fuel (ship_id, hydrogen_capacity, fuel_intake_rate, fuel_usage_main, fuel_usage_retro, fuel_usage_maneuvering, maneuvering_time_till_empty, intake_to_main_ratio, quantum_capacity, quantum_range, quantum_speed, quantum_spool_time, quantum_travel_time_po, quantum_fuel_usage_po, thrust_main, thrust_retro, thrust_maneuvering, power_generation, power_used_shields, power_used_quantum, cooling_generation, cooling_used_shields, cooling_used_quantum, shield_hp_total, shield_regen_total) VALUES ((SELECT id FROM ships WHERE reference = 'ARGO_MOTH'), 200000, 0, 325.8, 330.72, 162.43, 491.38, 0, 2600, 425950196592, 314000000, 6, 134, 256, 29787200, 30237240, 51977664, 23, 28.2, 24.2, 52, 42.2, 42.2, 125000, 7838) ON CONFLICT (ship_id) DO NOTHING;
INSERT INTO ship_insurance (ship_id, expedited_cost, expedited_claim_time, standard_claim_time) VALUES ((SELECT id FROM ships WHERE reference = 'ARGO_MOTH'), 9470, 3.13, 12.5) ON CONFLICT (ship_id) DO NOTHING;
INSERT INTO ship_flight_stats (ship_id, scm_speed, max_speed, boost_speed_forward, boost_speed_backward, pitch, yaw, roll, pitch_boosted, yaw_boosted, roll_boosted, accel_forward, accel_backward, accel_up, accel_down, accel_strafe, accel_forward_g, accel_backward_g, accel_up_g, accel_down_g, accel_strafe_g, boost_mult_forward, boost_mult_backward, boost_mult_up, boost_mult_strafe, boost_capacitor_max, boost_regen_per_sec, boost_regen_time, zero_to_scm, zero_to_max, scm_to_zero, mass_empty, mass_loadout, mass_total) VALUES ((SELECT id FROM ships WHERE reference = 'ARGO_MPUV'), 170, 890, 360, 140, 30, 30, 85, 36, 36, 102, 41.8, 0, 0, 0, 0, 4.26, 0, 0, 0, 0, 1.4, 1.35, 1.3, 1.3, 20, 0.75, 27.8, 4.07, 21.29, NULL, 9210, 4397, 13607) ON CONFLICT (ship_id) DO NOTHING;
INSERT INTO ship_resistances (ship_id, armor_hp, dmg_mult_physical, dmg_mult_energy, dmg_mult_distortion, dmg_mult_thermal, dmg_mult_biochemical, dmg_mult_stun, sig_mult_cross_section, sig_mult_infrared, sig_mult_electromagnetic, pen_resist_base, pen_resist_physical, pen_resist_energy, pen_resist_distortion, base_em_signature, base_ir_signature, base_cs_signature, cross_section_x, cross_section_y, cross_section_z, em_total_shields, em_total_quantum, ir_total_shields, ir_total_quantum) VALUES ((SELECT id FROM ships WHERE reference = 'ARGO_MPUV'), 1375, 0.7, 0.5, 1, 1, 1, 1, 1, 1, 1, 1, 1, 1, 0, 9403, 3438, NULL, 6028, 2822, 6413, 9403, 7913, 3438, 2500) ON CONFLICT (ship_id) DO NOTHING;
INSERT INTO ship_fuel (ship_id, hydrogen_capacity, fuel_intake_rate, fuel_usage_main, fuel_usage_retro, fuel_usage_maneuvering, maneuvering_time_till_empty, intake_to_main_ratio, quantum_capacity, quantum_range, quantum_speed, quantum_spool_time, quantum_travel_time_po, quantum_fuel_usage_po, thrust_main, thrust_retro, thrust_maneuvering, power_generation, power_used_shields, power_used_quantum, cooling_generation, cooling_used_shields, cooling_used_quantum, shield_hp_total, shield_regen_total) VALUES ((SELECT id FROM ships WHERE reference = 'ARGO_MPUV'), 3000, 0, 4.21, 0, 16.48, 240.96, 0, NULL, NULL, NULL, NULL, NULL, NULL, 385000, 0, 1318683.1800000002, 10, 14, 11, 32, 22, 16, 2700, 170) ON CONFLICT (ship_id) DO NOTHING;
INSERT INTO ship_insurance (ship_id, expedited_cost, expedited_claim_time, standard_claim_time) VALUES ((SELECT id FROM ships WHERE reference = 'ARGO_MPUV'), 205, 0, 0.16875) ON CONFLICT (ship_id) DO NOTHING;
INSERT INTO ship_flight_stats (ship_id, scm_speed, max_speed, boost_speed_forward, boost_speed_backward, pitch, yaw, roll, pitch_boosted, yaw_boosted, roll_boosted, accel_forward, accel_backward, accel_up, accel_down, accel_strafe, accel_forward_g, accel_backward_g, accel_up_g, accel_down_g, accel_strafe_g, boost_mult_forward, boost_mult_backward, boost_mult_up, boost_mult_strafe, boost_capacitor_max, boost_regen_per_sec, boost_regen_time, zero_to_scm, zero_to_max, scm_to_zero, mass_empty, mass_loadout, mass_total) VALUES ((SELECT id FROM ships WHERE reference = 'ARGO_MPUV_1T'), 175, 895, 365, 145, 35, 35, 85, 42, 42, 102, 54.19, 0, 0, 0, 0, 5.53, 0, 0, 0, 0, 1.4, 1.35, 1.3, 1.3, 20, 0.75, 27.8, 3.23, 16.52, NULL, 6195, 3811, 10006) ON CONFLICT (ship_id) DO NOTHING;
INSERT INTO ship_resistances (ship_id, armor_hp, dmg_mult_physical, dmg_mult_energy, dmg_mult_distortion, dmg_mult_thermal, dmg_mult_biochemical, dmg_mult_stun, sig_mult_cross_section, sig_mult_infrared, sig_mult_electromagnetic, pen_resist_base, pen_resist_physical, pen_resist_energy, pen_resist_distortion, base_em_signature, base_ir_signature, base_cs_signature, cross_section_x, cross_section_y, cross_section_z, em_total_shields, em_total_quantum, ir_total_shields, ir_total_quantum) VALUES ((SELECT id FROM ships WHERE reference = 'ARGO_MPUV_1T'), 1375, 0.7, 0.5, 1, 1, 1, 1, 1, 1, 1, 1, 1, 1, 0, 9028, 3906, NULL, 5170, 2420, 5500, 9028, 7538, 3906, 2969) ON CONFLICT (ship_id) DO NOTHING;
INSERT INTO ship_fuel (ship_id, hydrogen_capacity, fuel_intake_rate, fuel_usage_main, fuel_usage_retro, fuel_usage_maneuvering, maneuvering_time_till_empty, intake_to_main_ratio, quantum_capacity, quantum_range, quantum_speed, quantum_spool_time, quantum_travel_time_po, quantum_fuel_usage_po, thrust_main, thrust_retro, thrust_maneuvering, power_generation, power_used_shields, power_used_quantum, cooling_generation, cooling_used_shields, cooling_used_quantum, shield_hp_total, shield_regen_total) VALUES ((SELECT id FROM ships WHERE reference = 'ARGO_MPUV_1T'), 3000, 0, 3.67, 0, 13.57, 286.94, 0, NULL, NULL, NULL, NULL, NULL, NULL, 335701.16, 0, 1085507.46, 10, 14, 11, 16, 25, 19, 2700, 170) ON CONFLICT (ship_id) DO NOTHING;
INSERT INTO ship_insurance (ship_id, expedited_cost, expedited_claim_time, standard_claim_time) VALUES ((SELECT id FROM ships WHERE reference = 'ARGO_MPUV_1T'), 205, 0, 0.16875) ON CONFLICT (ship_id) DO NOTHING;
INSERT INTO ship_flight_stats (ship_id, scm_speed, max_speed, boost_speed_forward, boost_speed_backward, pitch, yaw, roll, pitch_boosted, yaw_boosted, roll_boosted, accel_forward, accel_backward, accel_up, accel_down, accel_strafe, accel_forward_g, accel_backward_g, accel_up_g, accel_down_g, accel_strafe_g, boost_mult_forward, boost_mult_backward, boost_mult_up, boost_mult_strafe, boost_capacitor_max, boost_regen_per_sec, boost_regen_time, zero_to_scm, zero_to_max, scm_to_zero, mass_empty, mass_loadout, mass_total) VALUES ((SELECT id FROM ships WHERE reference = 'ARGO_MPUV_Transport'), 170, 890, 360, 140, 30, 30, 85, 36, 36, 102, 41.8, 0, 0, 0, 0, 4.26, 0, 0, 0, 0, 1.4, 1.35, 1.3, 1.3, 20, 0.75, 27.8, 4.07, 21.29, NULL, 9210, 4401, 13611) ON CONFLICT (ship_id) DO NOTHING;
INSERT INTO ship_resistances (ship_id, armor_hp, dmg_mult_physical, dmg_mult_energy, dmg_mult_distortion, dmg_mult_thermal, dmg_mult_biochemical, dmg_mult_stun, sig_mult_cross_section, sig_mult_infrared, sig_mult_electromagnetic, pen_resist_base, pen_resist_physical, pen_resist_energy, pen_resist_distortion, base_em_signature, base_ir_signature, base_cs_signature, cross_section_x, cross_section_y, cross_section_z, em_total_shields, em_total_quantum, ir_total_shields, ir_total_quantum) VALUES ((SELECT id FROM ships WHERE reference = 'ARGO_MPUV_Transport'), 1375, 0.7, 0.5, 1, 1, 1, 1, 1, 1, 1, 1, 1, 1, 0, 9403, 3438, NULL, 5977, 2798, 6358, 9403, 7913, 3438, 2500) ON CONFLICT (ship_id) DO NOTHING;
INSERT INTO ship_fuel (ship_id, hydrogen_capacity, fuel_intake_rate, fuel_usage_main, fuel_usage_retro, fuel_usage_maneuvering, maneuvering_time_till_empty, intake_to_main_ratio, quantum_capacity, quantum_range, quantum_speed, quantum_spool_time, quantum_travel_time_po, quantum_fuel_usage_po, thrust_main, thrust_retro, thrust_maneuvering, power_generation, power_used_shields, power_used_quantum, cooling_generation, cooling_used_shields, cooling_used_quantum, shield_hp_total, shield_regen_total) VALUES ((SELECT id FROM ships WHERE reference = 'ARGO_MPUV_Transport'), 3000, 0, 4.21, 0, 16.48, 240.96, 0, NULL, NULL, NULL, NULL, NULL, NULL, 385000, 0, 1318683.1800000002, 10, 14, 11, 32, 22, 16, 2700, 170) ON CONFLICT (ship_id) DO NOTHING;
INSERT INTO ship_insurance (ship_id, expedited_cost, expedited_claim_time, standard_claim_time) VALUES ((SELECT id FROM ships WHERE reference = 'ARGO_MPUV_Transport'), 270, 0.23, 0.68) ON CONFLICT (ship_id) DO NOTHING;
INSERT INTO ship_flight_stats (ship_id, scm_speed, max_speed, boost_speed_forward, boost_speed_backward, pitch, yaw, roll, pitch_boosted, yaw_boosted, roll_boosted, accel_forward, accel_backward, accel_up, accel_down, accel_strafe, accel_forward_g, accel_backward_g, accel_up_g, accel_down_g, accel_strafe_g, boost_mult_forward, boost_mult_backward, boost_mult_up, boost_mult_strafe, boost_capacitor_max, boost_regen_per_sec, boost_regen_time, zero_to_scm, zero_to_max, scm_to_zero, mass_empty, mass_loadout, mass_total) VALUES ((SELECT id FROM ships WHERE reference = 'ARGO_RAFT'), 140, 990, 340, 150, 30, 30, 75, 36, 36, 90, 25.62, 22.03, 15.31, 0, 0, 2.61, 2.25, 1.56, 0, 0, 1.4, 1.4, 1.4, 1.3, 20, 0.75, 27.8, 5.46, 38.64, 6.35, 639886, 28146, 668032) ON CONFLICT (ship_id) DO NOTHING;
INSERT INTO ship_resistances (ship_id, armor_hp, dmg_mult_physical, dmg_mult_energy, dmg_mult_distortion, dmg_mult_thermal, dmg_mult_biochemical, dmg_mult_stun, sig_mult_cross_section, sig_mult_infrared, sig_mult_electromagnetic, pen_resist_base, pen_resist_physical, pen_resist_energy, pen_resist_distortion, base_em_signature, base_ir_signature, base_cs_signature, cross_section_x, cross_section_y, cross_section_z, em_total_shields, em_total_quantum, ir_total_shields, ir_total_quantum) VALUES ((SELECT id FROM ships WHERE reference = 'ARGO_RAFT'), 8250, 0.7, 0.5, 1, 1, 1, 1, 1.5, 1.5, 1.5, 1, 1, 1, 0, 55328, 15487, NULL, 13518, 6392, 16567, 55328, 101438, 15487, 12938) ON CONFLICT (ship_id) DO NOTHING;
INSERT INTO ship_fuel (ship_id, hydrogen_capacity, fuel_intake_rate, fuel_usage_main, fuel_usage_retro, fuel_usage_maneuvering, maneuvering_time_till_empty, intake_to_main_ratio, quantum_capacity, quantum_range, quantum_speed, quantum_spool_time, quantum_travel_time_po, quantum_fuel_usage_po, thrust_main, thrust_retro, thrust_maneuvering, power_generation, power_used_shields, power_used_quantum, cooling_generation, cooling_used_shields, cooling_used_quantum, shield_hp_total, shield_regen_total) VALUES ((SELECT id FROM ships WHERE reference = 'ARGO_RAFT'), 225000, 0, 179.3, 154.15, 233.65, 759.81, 0, 1800, 275229357798, 262000000, 6, 160, 274, 16392956, 14093944, 74767872, 24, 32.6, 24.6, 82, 48.6, 40.6, 27000, 1693) ON CONFLICT (ship_id) DO NOTHING;
INSERT INTO ship_insurance (ship_id, expedited_cost, expedited_claim_time, standard_claim_time) VALUES ((SELECT id FROM ships WHERE reference = 'ARGO_RAFT'), 2050, 2, 14) ON CONFLICT (ship_id) DO NOTHING;
INSERT INTO ship_flight_stats (ship_id, scm_speed, max_speed, boost_speed_forward, boost_speed_backward, pitch, yaw, roll, pitch_boosted, yaw_boosted, roll_boosted, accel_forward, accel_backward, accel_up, accel_down, accel_strafe, accel_forward_g, accel_backward_g, accel_up_g, accel_down_g, accel_strafe_g, boost_mult_forward, boost_mult_backward, boost_mult_up, boost_mult_strafe, boost_capacitor_max, boost_regen_per_sec, boost_regen_time, zero_to_scm, zero_to_max, scm_to_zero, mass_empty, mass_loadout, mass_total) VALUES ((SELECT id FROM ships WHERE reference = 'ARGO_RAFT_Collector_Indust'), 140, 990, 340, 150, 30, 30, 75, 36, 36, 90, 25.62, 22.03, 15.31, 0, 0, 2.61, 2.25, 1.56, 0, 0, 1.4, 1.4, 1.4, 1.3, 20, 0.75, 27.8, 5.46, 38.64, 6.35, 639886, 26646, 666532) ON CONFLICT (ship_id) DO NOTHING;
INSERT INTO ship_resistances (ship_id, armor_hp, dmg_mult_physical, dmg_mult_energy, dmg_mult_distortion, dmg_mult_thermal, dmg_mult_biochemical, dmg_mult_stun, sig_mult_cross_section, sig_mult_infrared, sig_mult_electromagnetic, pen_resist_base, pen_resist_physical, pen_resist_energy, pen_resist_distortion, base_em_signature, base_ir_signature, base_cs_signature, cross_section_x, cross_section_y, cross_section_z, em_total_shields, em_total_quantum, ir_total_shields, ir_total_quantum) VALUES ((SELECT id FROM ships WHERE reference = 'ARGO_RAFT_Collector_Indust'), 8250, 0.7, 0.5, 1, 1, 1, 1, 1.5, 1.5, 1.5, 1, 1, 1, 0, 52936, 15136, NULL, 13518, 6392, 16567, 52936, 99046, 15136, 12587) ON CONFLICT (ship_id) DO NOTHING;
INSERT INTO ship_fuel (ship_id, hydrogen_capacity, fuel_intake_rate, fuel_usage_main, fuel_usage_retro, fuel_usage_maneuvering, maneuvering_time_till_empty, intake_to_main_ratio, quantum_capacity, quantum_range, quantum_speed, quantum_spool_time, quantum_travel_time_po, quantum_fuel_usage_po, thrust_main, thrust_retro, thrust_maneuvering, power_generation, power_used_shields, power_used_quantum, cooling_generation, cooling_used_shields, cooling_used_quantum, shield_hp_total, shield_regen_total) VALUES ((SELECT id FROM ships WHERE reference = 'ARGO_RAFT_Collector_Indust'), 225000, 0, 179.3, 154.15, 233.65, 759.81, 0, 1800, 294888597641, 314000000, 6, 134, 256, 16392956, 14093944, 74767872, 24, 31.5, 23.5, 82, 47.5, 39.5, 27000, 1782) ON CONFLICT (ship_id) DO NOTHING;
INSERT INTO ship_insurance (ship_id, expedited_cost, expedited_claim_time, standard_claim_time) VALUES ((SELECT id FROM ships WHERE reference = 'ARGO_RAFT_Collector_Indust'), 2050, 2, 14) ON CONFLICT (ship_id) DO NOTHING;
INSERT INTO ship_flight_stats (ship_id, scm_speed, max_speed, boost_speed_forward, boost_speed_backward, pitch, yaw, roll, pitch_boosted, yaw_boosted, roll_boosted, accel_forward, accel_backward, accel_up, accel_down, accel_strafe, accel_forward_g, accel_backward_g, accel_up_g, accel_down_g, accel_strafe_g, boost_mult_forward, boost_mult_backward, boost_mult_up, boost_mult_strafe, boost_capacitor_max, boost_regen_per_sec, boost_regen_time, zero_to_scm, zero_to_max, scm_to_zero, mass_empty, mass_loadout, mass_total) VALUES ((SELECT id FROM ships WHERE reference = 'ARGO_SRV'), 200, 1100, 460, 235, 30, 30, 60, 36, 36, 72, 33.11, 20.36, 5.11, 0, 0, 3.38, 2.08, 0.52, 0, 0, 1.35, 1.4, 1.4, 1.3, 20, 0.75, 27.8, 6.04, 33.22, 9.82, 449970, 12888, 462858) ON CONFLICT (ship_id) DO NOTHING;
INSERT INTO ship_resistances (ship_id, armor_hp, dmg_mult_physical, dmg_mult_energy, dmg_mult_distortion, dmg_mult_thermal, dmg_mult_biochemical, dmg_mult_stun, sig_mult_cross_section, sig_mult_infrared, sig_mult_electromagnetic, pen_resist_base, pen_resist_physical, pen_resist_energy, pen_resist_distortion, base_em_signature, base_ir_signature, base_cs_signature, cross_section_x, cross_section_y, cross_section_z, em_total_shields, em_total_quantum, ir_total_shields, ir_total_quantum) VALUES ((SELECT id FROM ships WHERE reference = 'ARGO_SRV'), 4675, 0.7, 0.5, 1, 1, 1, 1, 1, 1, 1, 1, 1, 1, 0, 15348, 6373, NULL, 19700, 7881, 8896, 15348, 48698, 6373, 6798) ON CONFLICT (ship_id) DO NOTHING;
INSERT INTO ship_fuel (ship_id, hydrogen_capacity, fuel_intake_rate, fuel_usage_main, fuel_usage_retro, fuel_usage_maneuvering, maneuvering_time_till_empty, intake_to_main_ratio, quantum_capacity, quantum_range, quantum_speed, quantum_spool_time, quantum_travel_time_po, quantum_fuel_usage_po, thrust_main, thrust_retro, thrust_maneuvering, power_generation, power_used_shields, power_used_quantum, cooling_generation, cooling_used_shields, cooling_used_quantum, shield_hp_total, shield_regen_total) VALUES ((SELECT id FROM ships WHERE reference = 'ARGO_SRV'), 28500, 0, 74.5, 45.8, 153.7, 188.31, 0, 3100, 507863695937, 314000000, 6, 134, 256, 14900000, 9160000, 30740000, 19, 20, 17, 41, 30, 32, 12500, 784) ON CONFLICT (ship_id) DO NOTHING;
INSERT INTO ship_insurance (ship_id, expedited_cost, expedited_claim_time, standard_claim_time) VALUES ((SELECT id FROM ships WHERE reference = 'ARGO_SRV'), 6200, 4.75, 13.22) ON CONFLICT (ship_id) DO NOTHING;
INSERT INTO ship_flight_stats (ship_id, scm_speed, max_speed, boost_speed_forward, boost_speed_backward, pitch, yaw, roll, pitch_boosted, yaw_boosted, roll_boosted, accel_forward, accel_backward, accel_up, accel_down, accel_strafe, accel_forward_g, accel_backward_g, accel_up_g, accel_down_g, accel_strafe_g, boost_mult_forward, boost_mult_backward, boost_mult_up, boost_mult_strafe, boost_capacitor_max, boost_regen_per_sec, boost_regen_time, zero_to_scm, zero_to_max, scm_to_zero, mass_empty, mass_loadout, mass_total) VALUES ((SELECT id FROM ships WHERE reference = 'BANU_Defender'), 222, 1175, 480, 255, 61, 61, 170, 73.2, 73.2, 204, 122.04, 43.19, 0, 0, 0, 12.44, 4.4, 0, 0, 0, 1.55, 1.4, 1.3, 1.35, 20, 0.75, 27.2, 1.82, 9.63, 5.14, 119930, 10742, 130672) ON CONFLICT (ship_id) DO NOTHING;
INSERT INTO ship_resistances (ship_id, armor_hp, dmg_mult_physical, dmg_mult_energy, dmg_mult_distortion, dmg_mult_thermal, dmg_mult_biochemical, dmg_mult_stun, sig_mult_cross_section, sig_mult_infrared, sig_mult_electromagnetic, pen_resist_base, pen_resist_physical, pen_resist_energy, pen_resist_distortion, base_em_signature, base_ir_signature, base_cs_signature, cross_section_x, cross_section_y, cross_section_z, em_total_shields, em_total_quantum, ir_total_shields, ir_total_quantum) VALUES ((SELECT id FROM ships WHERE reference = 'BANU_Defender'), 6750, 0.75, 0.6, 1, 1, 1, 1, 1, 1, 1, 1, 1, 1, 0, 26946, 7687, NULL, 8493, 3063, 18100, 26946, 43926, 7687, 7260) ON CONFLICT (ship_id) DO NOTHING;
INSERT INTO ship_fuel (ship_id, hydrogen_capacity, fuel_intake_rate, fuel_usage_main, fuel_usage_retro, fuel_usage_maneuvering, maneuvering_time_till_empty, intake_to_main_ratio, quantum_capacity, quantum_range, quantum_speed, quantum_spool_time, quantum_travel_time_po, quantum_fuel_usage_po, thrust_main, thrust_retro, thrust_maneuvering, power_generation, power_used_shields, power_used_quantum, cooling_generation, cooling_used_shields, cooling_used_quantum, shield_hp_total, shield_regen_total) VALUES ((SELECT id FROM ships WHERE reference = 'BANU_Defender'), 43000, 0, 133.19, 47.14, 120.12, 222.51, 0, 3100, 166487647691, 190000000, 4, 221, 781, 14636666, 5180300, 38438784, 16, 26, 22, 68, 36, 34, 9600, 602) ON CONFLICT (ship_id) DO NOTHING;
INSERT INTO ship_insurance (ship_id, expedited_cost, expedited_claim_time, standard_claim_time) VALUES ((SELECT id FROM ships WHERE reference = 'BANU_Defender'), 6168, 4.54, 13.61) ON CONFLICT (ship_id) DO NOTHING;
INSERT INTO ship_flight_stats (ship_id, scm_speed, max_speed, boost_speed_forward, boost_speed_backward, pitch, yaw, roll, pitch_boosted, yaw_boosted, roll_boosted, accel_forward, accel_backward, accel_up, accel_down, accel_strafe, accel_forward_g, accel_backward_g, accel_up_g, accel_down_g, accel_strafe_g, boost_mult_forward, boost_mult_backward, boost_mult_up, boost_mult_strafe, boost_capacitor_max, boost_regen_per_sec, boost_regen_time, zero_to_scm, zero_to_max, scm_to_zero, mass_empty, mass_loadout, mass_total) VALUES ((SELECT id FROM ships WHERE reference = 'CNOU_HoverQuad'), 200, 550, 280, 120, 70, 70, 130, 84, 84, 156, 27.84, 23.3, 0, 0, 0, 2.84, 2.38, 0, 0, 0, 1.35, 1.35, 1.2, 1.3, 20, 1.25, 19.5, 7.18, 19.76, 8.58, 4850, 555, 5405) ON CONFLICT (ship_id) DO NOTHING;
INSERT INTO ship_resistances (ship_id, armor_hp, dmg_mult_physical, dmg_mult_energy, dmg_mult_distortion, dmg_mult_thermal, dmg_mult_biochemical, dmg_mult_stun, sig_mult_cross_section, sig_mult_infrared, sig_mult_electromagnetic, pen_resist_base, pen_resist_physical, pen_resist_energy, pen_resist_distortion, base_em_signature, base_ir_signature, base_cs_signature, cross_section_x, cross_section_y, cross_section_z, em_total_shields, em_total_quantum, ir_total_shields, ir_total_quantum) VALUES ((SELECT id FROM ships WHERE reference = 'CNOU_HoverQuad'), 1625, 0.75, 0.6, 1, 1, 1, 1, 1, 0.12, 1.95, 1, 1, 1, 0, 5947, 131, NULL, 205, 148, 247, 5947, 5947, 131, 131) ON CONFLICT (ship_id) DO NOTHING;
INSERT INTO ship_fuel (ship_id, hydrogen_capacity, fuel_intake_rate, fuel_usage_main, fuel_usage_retro, fuel_usage_maneuvering, maneuvering_time_till_empty, intake_to_main_ratio, quantum_capacity, quantum_range, quantum_speed, quantum_spool_time, quantum_travel_time_po, quantum_fuel_usage_po, thrust_main, thrust_retro, thrust_maneuvering, power_generation, power_used_shields, power_used_quantum, cooling_generation, cooling_used_shields, cooling_used_quantum, shield_hp_total, shield_regen_total) VALUES ((SELECT id FROM ships WHERE reference = 'CNOU_HoverQuad'), 1600, 0, 1.69, 1.41, 1.45, 662.53, 0, NULL, NULL, NULL, NULL, NULL, NULL, 135000, 113000, 440000, 10, 5, 5, 16, 7, 7, NULL, NULL) ON CONFLICT (ship_id) DO NOTHING;
INSERT INTO ship_insurance (ship_id, expedited_cost, expedited_claim_time, standard_claim_time) VALUES ((SELECT id FROM ships WHERE reference = 'CNOU_HoverQuad'), 75, 0.05, 0.15) ON CONFLICT (ship_id) DO NOTHING;
INSERT INTO ship_flight_stats (ship_id, scm_speed, max_speed, boost_speed_forward, boost_speed_backward, pitch, yaw, roll, pitch_boosted, yaw_boosted, roll_boosted, accel_forward, accel_backward, accel_up, accel_down, accel_strafe, accel_forward_g, accel_backward_g, accel_up_g, accel_down_g, accel_strafe_g, boost_mult_forward, boost_mult_backward, boost_mult_up, boost_mult_strafe, boost_capacitor_max, boost_regen_per_sec, boost_regen_time, zero_to_scm, zero_to_max, scm_to_zero, mass_empty, mass_loadout, mass_total) VALUES ((SELECT id FROM ships WHERE reference = 'CNOU_Mustang_Alpha'), 228, 1218, 500, 260, 70, 53, 205, 84, 63.6, 246, 152.31, 50.57, 0, 0, 0, 15.53, 5.16, 0, 0, 0, 1.55, 1.4, 1.3, 1.3, 20, 0.75, 26.9, 1.5, 8, 4.51, 31221, 7640, 38861) ON CONFLICT (ship_id) DO NOTHING;
INSERT INTO ship_resistances (ship_id, armor_hp, dmg_mult_physical, dmg_mult_energy, dmg_mult_distortion, dmg_mult_thermal, dmg_mult_biochemical, dmg_mult_stun, sig_mult_cross_section, sig_mult_infrared, sig_mult_electromagnetic, pen_resist_base, pen_resist_physical, pen_resist_energy, pen_resist_distortion, base_em_signature, base_ir_signature, base_cs_signature, cross_section_x, cross_section_y, cross_section_z, em_total_shields, em_total_quantum, ir_total_shields, ir_total_quantum) VALUES ((SELECT id FROM ships WHERE reference = 'CNOU_Mustang_Alpha'), 2500, 0.75, 0.6, 1, 1, 1, 1, 1.3, 1.3, 1.3, 1, 1, 1, 0, 15788, 5581, NULL, 7772, 2341, 9364, 15788, 37238, 5581, 4760) ON CONFLICT (ship_id) DO NOTHING;
INSERT INTO ship_fuel (ship_id, hydrogen_capacity, fuel_intake_rate, fuel_usage_main, fuel_usage_retro, fuel_usage_maneuvering, maneuvering_time_till_empty, intake_to_main_ratio, quantum_capacity, quantum_range, quantum_speed, quantum_spool_time, quantum_travel_time_po, quantum_fuel_usage_po, thrust_main, thrust_retro, thrust_maneuvering, power_generation, power_used_shields, power_used_quantum, cooling_generation, cooling_used_shields, cooling_used_quantum, shield_hp_total, shield_regen_total) VALUES ((SELECT id FROM ships WHERE reference = 'CNOU_Mustang_Alpha'), 6000, 8, 44.11, 14.64, 39.35, 94.07, 0.18, 1100, 102976970605, 165000000, 4, 254, 448, 4755306, 1578884.8, 12591105, 14, 18.2, 14.2, 46, 27.2, 23.2, 5400, 321) ON CONFLICT (ship_id) DO NOTHING;
INSERT INTO ship_insurance (ship_id, expedited_cost, expedited_claim_time, standard_claim_time) VALUES ((SELECT id FROM ships WHERE reference = 'CNOU_Mustang_Alpha'), 340, 0, 0.675) ON CONFLICT (ship_id) DO NOTHING;
INSERT INTO ship_flight_stats (ship_id, scm_speed, max_speed, boost_speed_forward, boost_speed_backward, pitch, yaw, roll, pitch_boosted, yaw_boosted, roll_boosted, accel_forward, accel_backward, accel_up, accel_down, accel_strafe, accel_forward_g, accel_backward_g, accel_up_g, accel_down_g, accel_strafe_g, boost_mult_forward, boost_mult_backward, boost_mult_up, boost_mult_strafe, boost_capacitor_max, boost_regen_per_sec, boost_regen_time, zero_to_scm, zero_to_max, scm_to_zero, mass_empty, mass_loadout, mass_total) VALUES ((SELECT id FROM ships WHERE reference = 'CNOU_Mustang_Alpha_CitizenCon2018'), 228, 1218, 500, 260, 70, 53, 205, 84, 63.6, 246, 152.31, 50.57, 0, 0, 0, 15.53, 5.16, 0, 0, 0, 1.55, 1.4, 1.3, 1.3, 20, 0.75, 26.9, 1.5, 8, 4.51, 31221, 7640, 38861) ON CONFLICT (ship_id) DO NOTHING;
INSERT INTO ship_resistances (ship_id, armor_hp, dmg_mult_physical, dmg_mult_energy, dmg_mult_distortion, dmg_mult_thermal, dmg_mult_biochemical, dmg_mult_stun, sig_mult_cross_section, sig_mult_infrared, sig_mult_electromagnetic, pen_resist_base, pen_resist_physical, pen_resist_energy, pen_resist_distortion, base_em_signature, base_ir_signature, base_cs_signature, cross_section_x, cross_section_y, cross_section_z, em_total_shields, em_total_quantum, ir_total_shields, ir_total_quantum) VALUES ((SELECT id FROM ships WHERE reference = 'CNOU_Mustang_Alpha_CitizenCon2018'), 2500, 0.75, 0.6, 1, 1, 1, 1, 1.3, 1.3, 1.3, 1, 1, 1, 0, 15788, 5581, NULL, 7772, 2341, 9364, 15788, 37238, 5581, 4760) ON CONFLICT (ship_id) DO NOTHING;
INSERT INTO ship_fuel (ship_id, hydrogen_capacity, fuel_intake_rate, fuel_usage_main, fuel_usage_retro, fuel_usage_maneuvering, maneuvering_time_till_empty, intake_to_main_ratio, quantum_capacity, quantum_range, quantum_speed, quantum_spool_time, quantum_travel_time_po, quantum_fuel_usage_po, thrust_main, thrust_retro, thrust_maneuvering, power_generation, power_used_shields, power_used_quantum, cooling_generation, cooling_used_shields, cooling_used_quantum, shield_hp_total, shield_regen_total) VALUES ((SELECT id FROM ships WHERE reference = 'CNOU_Mustang_Alpha_CitizenCon2018'), 6000, 8, 44.11, 14.64, 39.35, 94.07, 0.18, 1100, 102976970605, 165000000, 4, 254, 448, 4755306, 1578884.8, 12591105, 14, 18.2, 14.2, 46, 27.2, 23.2, 5400, 321) ON CONFLICT (ship_id) DO NOTHING;
INSERT INTO ship_insurance (ship_id, expedited_cost, expedited_claim_time, standard_claim_time) VALUES ((SELECT id FROM ships WHERE reference = 'CNOU_Mustang_Alpha_CitizenCon2018'), 340, 0, 0.675) ON CONFLICT (ship_id) DO NOTHING;
INSERT INTO ship_flight_stats (ship_id, scm_speed, max_speed, boost_speed_forward, boost_speed_backward, pitch, yaw, roll, pitch_boosted, yaw_boosted, roll_boosted, accel_forward, accel_backward, accel_up, accel_down, accel_strafe, accel_forward_g, accel_backward_g, accel_up_g, accel_down_g, accel_strafe_g, boost_mult_forward, boost_mult_backward, boost_mult_up, boost_mult_strafe, boost_capacitor_max, boost_regen_per_sec, boost_regen_time, zero_to_scm, zero_to_max, scm_to_zero, mass_empty, mass_loadout, mass_total) VALUES ((SELECT id FROM ships WHERE reference = 'CNOU_Mustang_Beta'), 228, 1218, 500, 260, 70, 53, 205, 84, 63.6, 246, 149.85, 51.82, 0, 0, 0, 15.28, 5.28, 0, 0, 0, 1.55, 1.4, 1.3, 1.3, 20, 0.75, 26.9, 1.52, 8.13, 4.4, 38113, 7955, 46068) ON CONFLICT (ship_id) DO NOTHING;
INSERT INTO ship_resistances (ship_id, armor_hp, dmg_mult_physical, dmg_mult_energy, dmg_mult_distortion, dmg_mult_thermal, dmg_mult_biochemical, dmg_mult_stun, sig_mult_cross_section, sig_mult_infrared, sig_mult_electromagnetic, pen_resist_base, pen_resist_physical, pen_resist_energy, pen_resist_distortion, base_em_signature, base_ir_signature, base_cs_signature, cross_section_x, cross_section_y, cross_section_z, em_total_shields, em_total_quantum, ir_total_shields, ir_total_quantum) VALUES ((SELECT id FROM ships WHERE reference = 'CNOU_Mustang_Beta'), 2500, 0.75, 0.6, 1, 1, 1, 1, 1.3, 1.3, 1.3, 1, 1, 1, 0, 21846, 7775, NULL, 7772, 2341, 9364, 21846, 43296, 7775, 6710) ON CONFLICT (ship_id) DO NOTHING;
INSERT INTO ship_fuel (ship_id, hydrogen_capacity, fuel_intake_rate, fuel_usage_main, fuel_usage_retro, fuel_usage_maneuvering, maneuvering_time_till_empty, intake_to_main_ratio, quantum_capacity, quantum_range, quantum_speed, quantum_spool_time, quantum_travel_time_po, quantum_fuel_usage_po, thrust_main, thrust_retro, thrust_maneuvering, power_generation, power_used_shields, power_used_quantum, cooling_generation, cooling_used_shields, cooling_used_quantum, shield_hp_total, shield_regen_total) VALUES ((SELECT id FROM ships WHERE reference = 'CNOU_Mustang_Beta'), 8000, 4, 52.97, 18.32, 41.5, 108.52, 0.08, 1100, 102976970605, 165000000, 4, 254, 448, 5711318, 1975041, 13281000, 15, 20.2, 16.2, 58, 29.2, 25.2, 5400, 321) ON CONFLICT (ship_id) DO NOTHING;
INSERT INTO ship_insurance (ship_id, expedited_cost, expedited_claim_time, standard_claim_time) VALUES ((SELECT id FROM ships WHERE reference = 'CNOU_Mustang_Beta'), 1800, 1.24, 3.71) ON CONFLICT (ship_id) DO NOTHING;
INSERT INTO ship_flight_stats (ship_id, scm_speed, max_speed, boost_speed_forward, boost_speed_backward, pitch, yaw, roll, pitch_boosted, yaw_boosted, roll_boosted, accel_forward, accel_backward, accel_up, accel_down, accel_strafe, accel_forward_g, accel_backward_g, accel_up_g, accel_down_g, accel_strafe_g, boost_mult_forward, boost_mult_backward, boost_mult_up, boost_mult_strafe, boost_capacitor_max, boost_regen_per_sec, boost_regen_time, zero_to_scm, zero_to_max, scm_to_zero, mass_empty, mass_loadout, mass_total) VALUES ((SELECT id FROM ships WHERE reference = 'CNOU_Mustang_Delta'), 226, 1195, 500, 260, 69, 52, 202, 82.8, 62.4, 242.4, 148.74, 48.76, 0, 0, 0, 15.17, 4.97, 0, 0, 0, 1.55, 1.4, 1.3, 1.3, 20, 0.75, 26.9, 1.52, 8.03, 4.63, 35763, 8505, 44268) ON CONFLICT (ship_id) DO NOTHING;
INSERT INTO ship_resistances (ship_id, armor_hp, dmg_mult_physical, dmg_mult_energy, dmg_mult_distortion, dmg_mult_thermal, dmg_mult_biochemical, dmg_mult_stun, sig_mult_cross_section, sig_mult_infrared, sig_mult_electromagnetic, pen_resist_base, pen_resist_physical, pen_resist_energy, pen_resist_distortion, base_em_signature, base_ir_signature, base_cs_signature, cross_section_x, cross_section_y, cross_section_z, em_total_shields, em_total_quantum, ir_total_shields, ir_total_quantum) VALUES ((SELECT id FROM ships WHERE reference = 'CNOU_Mustang_Delta'), 2500, 0.75, 0.6, 1, 1, 1, 1, 1.05, 1.05, 1.05, 1, 1, 1, 0, 18332, 5369, NULL, 6839, 2060, 8240, 18332, 34628, 5369, 4044) ON CONFLICT (ship_id) DO NOTHING;
INSERT INTO ship_fuel (ship_id, hydrogen_capacity, fuel_intake_rate, fuel_usage_main, fuel_usage_retro, fuel_usage_maneuvering, maneuvering_time_till_empty, intake_to_main_ratio, quantum_capacity, quantum_range, quantum_speed, quantum_spool_time, quantum_travel_time_po, quantum_fuel_usage_po, thrust_main, thrust_retro, thrust_maneuvering, power_generation, power_used_shields, power_used_quantum, cooling_generation, cooling_used_shields, cooling_used_quantum, shield_hp_total, shield_regen_total) VALUES ((SELECT id FROM ships WHERE reference = 'CNOU_Mustang_Delta'), 7500, 0, 49.34, 16.17, 43.79, 105.29, 0, 1100, 102976970605, 165000000, 4, 254, 448, 5319550, 1743745.8, 14012361.600000001, 16, 21.4, 15.4, 46, 32.4, 24.4, 7920, 470) ON CONFLICT (ship_id) DO NOTHING;
INSERT INTO ship_insurance (ship_id, expedited_cost, expedited_claim_time, standard_claim_time) VALUES ((SELECT id FROM ships WHERE reference = 'CNOU_Mustang_Delta'), 1920, 1.34, 4.01) ON CONFLICT (ship_id) DO NOTHING;
INSERT INTO ship_flight_stats (ship_id, scm_speed, max_speed, boost_speed_forward, boost_speed_backward, pitch, yaw, roll, pitch_boosted, yaw_boosted, roll_boosted, accel_forward, accel_backward, accel_up, accel_down, accel_strafe, accel_forward_g, accel_backward_g, accel_up_g, accel_down_g, accel_strafe_g, boost_mult_forward, boost_mult_backward, boost_mult_up, boost_mult_strafe, boost_capacitor_max, boost_regen_per_sec, boost_regen_time, zero_to_scm, zero_to_max, scm_to_zero, mass_empty, mass_loadout, mass_total) VALUES ((SELECT id FROM ships WHERE reference = 'CNOU_Mustang_Gamma'), 244, 1230, 533, 273, 84, 65, 235, 100.8, 78, 282, 155.2, 52.6, 0, 0, 0, 15.83, 5.36, 0, 0, 0, 1.55, 1.4, 1.3, 1.3, 25, 0.75, 33.5, 1.57, 7.93, 4.64, 28565, 4307, 32872) ON CONFLICT (ship_id) DO NOTHING;
INSERT INTO ship_resistances (ship_id, armor_hp, dmg_mult_physical, dmg_mult_energy, dmg_mult_distortion, dmg_mult_thermal, dmg_mult_biochemical, dmg_mult_stun, sig_mult_cross_section, sig_mult_infrared, sig_mult_electromagnetic, pen_resist_base, pen_resist_physical, pen_resist_energy, pen_resist_distortion, base_em_signature, base_ir_signature, base_cs_signature, cross_section_x, cross_section_y, cross_section_z, em_total_shields, em_total_quantum, ir_total_shields, ir_total_quantum) VALUES ((SELECT id FROM ships WHERE reference = 'CNOU_Mustang_Gamma'), 2500, 0.75, 0.6, 1, 1, 1, 1, 1.4, 1.4, 1.4, 1, 1, 1, 0, 17357, 5410, NULL, 7105, 2140, 8560, 17357, 40267, 5410, 4465) ON CONFLICT (ship_id) DO NOTHING;
INSERT INTO ship_fuel (ship_id, hydrogen_capacity, fuel_intake_rate, fuel_usage_main, fuel_usage_retro, fuel_usage_maneuvering, maneuvering_time_till_empty, intake_to_main_ratio, quantum_capacity, quantum_range, quantum_speed, quantum_spool_time, quantum_travel_time_po, quantum_fuel_usage_po, thrust_main, thrust_retro, thrust_maneuvering, power_generation, power_used_shields, power_used_quantum, cooling_generation, cooling_used_shields, cooling_used_quantum, shield_hp_total, shield_regen_total) VALUES ((SELECT id FROM ships WHERE reference = 'CNOU_Mustang_Gamma'), 6000, 0, 45.89, 13.93, 37.86, 92.56, 0, 1100, 102976970605, 165000000, 4, 254, 448, 4433340, 1502418.4, 12115516.8, 16, 15.9, 11.9, 64, 22.9, 18.9, 4800, 285) ON CONFLICT (ship_id) DO NOTHING;
INSERT INTO ship_insurance (ship_id, expedited_cost, expedited_claim_time, standard_claim_time) VALUES ((SELECT id FROM ships WHERE reference = 'CNOU_Mustang_Gamma'), 3230, 2.43, 7.28) ON CONFLICT (ship_id) DO NOTHING;
INSERT INTO ship_flight_stats (ship_id, scm_speed, max_speed, boost_speed_forward, boost_speed_backward, pitch, yaw, roll, pitch_boosted, yaw_boosted, roll_boosted, accel_forward, accel_backward, accel_up, accel_down, accel_strafe, accel_forward_g, accel_backward_g, accel_up_g, accel_down_g, accel_strafe_g, boost_mult_forward, boost_mult_backward, boost_mult_up, boost_mult_strafe, boost_capacitor_max, boost_regen_per_sec, boost_regen_time, zero_to_scm, zero_to_max, scm_to_zero, mass_empty, mass_loadout, mass_total) VALUES ((SELECT id FROM ships WHERE reference = 'CNOU_Mustang_Omega'), 244, 1230, 533, 273, 84, 65, 235, 100.8, 78, 282, 155.2, 52.6, 0, 0, 0, 15.83, 5.36, 0, 0, 0, 1.55, 1.4, 1.3, 1.3, 25, 0.75, 33.5, 1.57, 7.93, 4.64, 28565, 4307, 32872) ON CONFLICT (ship_id) DO NOTHING;
INSERT INTO ship_resistances (ship_id, armor_hp, dmg_mult_physical, dmg_mult_energy, dmg_mult_distortion, dmg_mult_thermal, dmg_mult_biochemical, dmg_mult_stun, sig_mult_cross_section, sig_mult_infrared, sig_mult_electromagnetic, pen_resist_base, pen_resist_physical, pen_resist_energy, pen_resist_distortion, base_em_signature, base_ir_signature, base_cs_signature, cross_section_x, cross_section_y, cross_section_z, em_total_shields, em_total_quantum, ir_total_shields, ir_total_quantum) VALUES ((SELECT id FROM ships WHERE reference = 'CNOU_Mustang_Omega'), 2500, 0.75, 0.6, 1, 1, 1, 1, 1.4, 1.4, 1.4, 1, 1, 1, 0, 17357, 5410, NULL, 7105, 2140, 8560, 17357, 40267, 5410, 4465) ON CONFLICT (ship_id) DO NOTHING;
INSERT INTO ship_fuel (ship_id, hydrogen_capacity, fuel_intake_rate, fuel_usage_main, fuel_usage_retro, fuel_usage_maneuvering, maneuvering_time_till_empty, intake_to_main_ratio, quantum_capacity, quantum_range, quantum_speed, quantum_spool_time, quantum_travel_time_po, quantum_fuel_usage_po, thrust_main, thrust_retro, thrust_maneuvering, power_generation, power_used_shields, power_used_quantum, cooling_generation, cooling_used_shields, cooling_used_quantum, shield_hp_total, shield_regen_total) VALUES ((SELECT id FROM ships WHERE reference = 'CNOU_Mustang_Omega'), 6000, 0, 45.89, 13.93, 37.86, 92.56, 0, 1100, 102976970605, 165000000, 4, 254, 448, 4433340, 1502418.4, 12115516.8, 16, 15.9, 11.9, 64, 22.9, 18.9, 4800, 285) ON CONFLICT (ship_id) DO NOTHING;
INSERT INTO ship_insurance (ship_id, expedited_cost, expedited_claim_time, standard_claim_time) VALUES ((SELECT id FROM ships WHERE reference = 'CNOU_Mustang_Omega'), 3230, 2.43, 7.28) ON CONFLICT (ship_id) DO NOTHING;
INSERT INTO ship_flight_stats (ship_id, scm_speed, max_speed, boost_speed_forward, boost_speed_backward, pitch, yaw, roll, pitch_boosted, yaw_boosted, roll_boosted, accel_forward, accel_backward, accel_up, accel_down, accel_strafe, accel_forward_g, accel_backward_g, accel_up_g, accel_down_g, accel_strafe_g, boost_mult_forward, boost_mult_backward, boost_mult_up, boost_mult_strafe, boost_capacitor_max, boost_regen_per_sec, boost_regen_time, zero_to_scm, zero_to_max, scm_to_zero, mass_empty, mass_loadout, mass_total) VALUES ((SELECT id FROM ships WHERE reference = 'CNOU_Nomad'), 205, 1100, 450, 230, 45, 45, 120, 54, 54, 144, 106.32, 36.98, 0, 0, 0, 10.84, 3.77, 0, 0, 0, 1.55, 1.4, 1.3, 1.3, 20, 0.75, 26.9, 1.93, 10.35, 5.54, 216323, 15078, 231401) ON CONFLICT (ship_id) DO NOTHING;
INSERT INTO ship_resistances (ship_id, armor_hp, dmg_mult_physical, dmg_mult_energy, dmg_mult_distortion, dmg_mult_thermal, dmg_mult_biochemical, dmg_mult_stun, sig_mult_cross_section, sig_mult_infrared, sig_mult_electromagnetic, pen_resist_base, pen_resist_physical, pen_resist_energy, pen_resist_distortion, base_em_signature, base_ir_signature, base_cs_signature, cross_section_x, cross_section_y, cross_section_z, em_total_shields, em_total_quantum, ir_total_shields, ir_total_quantum) VALUES ((SELECT id FROM ships WHERE reference = 'CNOU_Nomad'), 2750, 0.7, 0.5, 1, 1, 1, 1, 1, 1, 1, 1, 1, 1, 0, 15593, 7340, NULL, 6604, 3302, 9712, 15593, 29093, 7340, 6501) ON CONFLICT (ship_id) DO NOTHING;
INSERT INTO ship_fuel (ship_id, hydrogen_capacity, fuel_intake_rate, fuel_usage_main, fuel_usage_retro, fuel_usage_maneuvering, maneuvering_time_till_empty, intake_to_main_ratio, quantum_capacity, quantum_range, quantum_speed, quantum_spool_time, quantum_travel_time_po, quantum_fuel_usage_po, thrust_main, thrust_retro, thrust_maneuvering, power_generation, power_used_shields, power_used_quantum, cooling_generation, cooling_used_shields, cooling_used_quantum, shield_hp_total, shield_regen_total) VALUES ((SELECT id FROM ships WHERE reference = 'CNOU_Nomad'), 32800, 16, 213.33, 74.2, 112.5, 121.67, 0.08, 1300, 132653061224, 165000000, 4, 254, 411, 23000000, 8000000, 36000000, 14, 24, 20, 68, 35, 31, 8100, 509) ON CONFLICT (ship_id) DO NOTHING;
INSERT INTO ship_insurance (ship_id, expedited_cost, expedited_claim_time, standard_claim_time) VALUES ((SELECT id FROM ships WHERE reference = 'CNOU_Nomad'), 2687, 1.32, 3.95) ON CONFLICT (ship_id) DO NOTHING;
INSERT INTO ship_flight_stats (ship_id, scm_speed, max_speed, boost_speed_forward, boost_speed_backward, pitch, yaw, roll, pitch_boosted, yaw_boosted, roll_boosted, accel_forward, accel_backward, accel_up, accel_down, accel_strafe, accel_forward_g, accel_backward_g, accel_up_g, accel_down_g, accel_strafe_g, boost_mult_forward, boost_mult_backward, boost_mult_up, boost_mult_strafe, boost_capacitor_max, boost_regen_per_sec, boost_regen_time, zero_to_scm, zero_to_max, scm_to_zero, mass_empty, mass_loadout, mass_total) VALUES ((SELECT id FROM ships WHERE reference = 'CNOU_Nomad_Teach'), 205, 1100, 450, 230, 45, 45, 120, 54, 54, 144, 106.32, 36.98, 0, 0, 0, 10.84, 3.77, 0, 0, 0, 1.55, 1.4, 1.3, 1.3, 20, 0.75, 26.9, 1.93, 10.35, 5.54, 216323, 15478, 231801) ON CONFLICT (ship_id) DO NOTHING;
INSERT INTO ship_resistances (ship_id, armor_hp, dmg_mult_physical, dmg_mult_energy, dmg_mult_distortion, dmg_mult_thermal, dmg_mult_biochemical, dmg_mult_stun, sig_mult_cross_section, sig_mult_infrared, sig_mult_electromagnetic, pen_resist_base, pen_resist_physical, pen_resist_energy, pen_resist_distortion, base_em_signature, base_ir_signature, base_cs_signature, cross_section_x, cross_section_y, cross_section_z, em_total_shields, em_total_quantum, ir_total_shields, ir_total_quantum) VALUES ((SELECT id FROM ships WHERE reference = 'CNOU_Nomad_Teach'), 2750, 0.7, 0.5, 1, 1, 1, 1, 1, 1, 1, 1, 1, 1, 0, 20952, 8179, NULL, 6604, 3302, 9712, 20952, 32972, 8179, 6501) ON CONFLICT (ship_id) DO NOTHING;
INSERT INTO ship_fuel (ship_id, hydrogen_capacity, fuel_intake_rate, fuel_usage_main, fuel_usage_retro, fuel_usage_maneuvering, maneuvering_time_till_empty, intake_to_main_ratio, quantum_capacity, quantum_range, quantum_speed, quantum_spool_time, quantum_travel_time_po, quantum_fuel_usage_po, thrust_main, thrust_retro, thrust_maneuvering, power_generation, power_used_shields, power_used_quantum, cooling_generation, cooling_used_shields, cooling_used_quantum, shield_hp_total, shield_regen_total) VALUES ((SELECT id FROM ships WHERE reference = 'CNOU_Nomad_Teach'), 32800, 16, 213.33, 74.2, 112.5, 121.67, 0.08, 1300, 132653061224, 165000000, 4, 254, 411, 23000000, 8000000, 36000000, 15, 26, 20, 68, 39, 31, 8100, 509) ON CONFLICT (ship_id) DO NOTHING;
INSERT INTO ship_insurance (ship_id, expedited_cost, expedited_claim_time, standard_claim_time) VALUES ((SELECT id FROM ships WHERE reference = 'CNOU_Nomad_Teach'), 2687, 1.32, 3.95) ON CONFLICT (ship_id) DO NOTHING;
INSERT INTO ship_flight_stats (ship_id, scm_speed, max_speed, boost_speed_forward, boost_speed_backward, pitch, yaw, roll, pitch_boosted, yaw_boosted, roll_boosted, accel_forward, accel_backward, accel_up, accel_down, accel_strafe, accel_forward_g, accel_backward_g, accel_up_g, accel_down_g, accel_strafe_g, boost_mult_forward, boost_mult_backward, boost_mult_up, boost_mult_strafe, boost_capacitor_max, boost_regen_per_sec, boost_regen_time, zero_to_scm, zero_to_max, scm_to_zero, mass_empty, mass_loadout, mass_total) VALUES ((SELECT id FROM ships WHERE reference = 'CRUS_Intrepid'), 227, 1225, 455, 255, 48, 48, 145, 57.6, 57.6, 174, 59.75, 44.81, 7.47, 0, 0, 6.09, 4.57, 0.76, 0, 0, 1.4, 1.3, 1.3, 1.35, 20, 0.75, 26.9, 3.8, 20.5, 5.07, 66943, 13563, 80506) ON CONFLICT (ship_id) DO NOTHING;
INSERT INTO ship_resistances (ship_id, armor_hp, dmg_mult_physical, dmg_mult_energy, dmg_mult_distortion, dmg_mult_thermal, dmg_mult_biochemical, dmg_mult_stun, sig_mult_cross_section, sig_mult_infrared, sig_mult_electromagnetic, pen_resist_base, pen_resist_physical, pen_resist_energy, pen_resist_distortion, base_em_signature, base_ir_signature, base_cs_signature, cross_section_x, cross_section_y, cross_section_z, em_total_shields, em_total_quantum, ir_total_shields, ir_total_quantum) VALUES ((SELECT id FROM ships WHERE reference = 'CRUS_Intrepid'), 4000, 0.75, 0.6, 1, 1, 1, 1, 1, 1, 1, 1, 1, 1, 0, 10069, 3614, NULL, NULL, NULL, NULL, 10069, 30919, 3614, 3614) ON CONFLICT (ship_id) DO NOTHING;
INSERT INTO ship_fuel (ship_id, hydrogen_capacity, fuel_intake_rate, fuel_usage_main, fuel_usage_retro, fuel_usage_maneuvering, maneuvering_time_till_empty, intake_to_main_ratio, quantum_capacity, quantum_range, quantum_speed, quantum_spool_time, quantum_travel_time_po, quantum_fuel_usage_po, thrust_main, thrust_retro, thrust_maneuvering, power_generation, power_used_shields, power_used_quantum, cooling_generation, cooling_used_shields, cooling_used_quantum, shield_hp_total, shield_regen_total) VALUES ((SELECT id FROM ships WHERE reference = 'CRUS_Intrepid'), 26000, 30, 10, 90, 67.2, 596.33, 3, 1800, 306122448980, 168000000, 4, 250, 247, 4000000, 3000000, 19200000, 14, 14.9, 12.9, 23, 22.9, 22.9, 2700, 178) ON CONFLICT (ship_id) DO NOTHING;
INSERT INTO ship_insurance (ship_id, expedited_cost, expedited_claim_time, standard_claim_time) VALUES ((SELECT id FROM ships WHERE reference = 'CRUS_Intrepid'), 1850, 1.42, 5.67) ON CONFLICT (ship_id) DO NOTHING;
INSERT INTO ship_flight_stats (ship_id, scm_speed, max_speed, boost_speed_forward, boost_speed_backward, pitch, yaw, roll, pitch_boosted, yaw_boosted, roll_boosted, accel_forward, accel_backward, accel_up, accel_down, accel_strafe, accel_forward_g, accel_backward_g, accel_up_g, accel_down_g, accel_strafe_g, boost_mult_forward, boost_mult_backward, boost_mult_up, boost_mult_strafe, boost_capacitor_max, boost_regen_per_sec, boost_regen_time, zero_to_scm, zero_to_max, scm_to_zero, mass_empty, mass_loadout, mass_total) VALUES ((SELECT id FROM ships WHERE reference = 'CRUS_Intrepid_Collector_Indust'), 227, 1225, 455, 255, 48, 48, 145, 57.6, 57.6, 174, 59.75, 44.81, 7.47, 0, 0, 6.09, 4.57, 0.76, 0, 0, 1.4, 1.3, 1.3, 1.35, 20, 0.75, 26.9, 3.8, 20.5, 5.07, 66943, 13833, 80776) ON CONFLICT (ship_id) DO NOTHING;
INSERT INTO ship_resistances (ship_id, armor_hp, dmg_mult_physical, dmg_mult_energy, dmg_mult_distortion, dmg_mult_thermal, dmg_mult_biochemical, dmg_mult_stun, sig_mult_cross_section, sig_mult_infrared, sig_mult_electromagnetic, pen_resist_base, pen_resist_physical, pen_resist_energy, pen_resist_distortion, base_em_signature, base_ir_signature, base_cs_signature, cross_section_x, cross_section_y, cross_section_z, em_total_shields, em_total_quantum, ir_total_shields, ir_total_quantum) VALUES ((SELECT id FROM ships WHERE reference = 'CRUS_Intrepid_Collector_Indust'), 4000, 0.75, 0.6, 1, 1, 1, 1, 1, 1, 1, 1, 1, 1, 0, 12371, 5431, NULL, NULL, NULL, NULL, 12371, 28881, 5431, 5012) ON CONFLICT (ship_id) DO NOTHING;
INSERT INTO ship_fuel (ship_id, hydrogen_capacity, fuel_intake_rate, fuel_usage_main, fuel_usage_retro, fuel_usage_maneuvering, maneuvering_time_till_empty, intake_to_main_ratio, quantum_capacity, quantum_range, quantum_speed, quantum_spool_time, quantum_travel_time_po, quantum_fuel_usage_po, thrust_main, thrust_retro, thrust_maneuvering, power_generation, power_used_shields, power_used_quantum, cooling_generation, cooling_used_shields, cooling_used_quantum, shield_hp_total, shield_regen_total) VALUES ((SELECT id FROM ships WHERE reference = 'CRUS_Intrepid_Collector_Indust'), 26000, 30, 10, 90, 67.2, 596.33, 3, 1800, 238536973231, 231000000, 4, 182, 316, 4000000, 3000000, 19200000, 15, 16.9, 13.9, 34, 25.9, 23.9, 2700, 196) ON CONFLICT (ship_id) DO NOTHING;
INSERT INTO ship_insurance (ship_id, expedited_cost, expedited_claim_time, standard_claim_time) VALUES ((SELECT id FROM ships WHERE reference = 'CRUS_Intrepid_Collector_Indust'), 1850, 1.42, 5.67) ON CONFLICT (ship_id) DO NOTHING;
INSERT INTO ship_flight_stats (ship_id, scm_speed, max_speed, boost_speed_forward, boost_speed_backward, pitch, yaw, roll, pitch_boosted, yaw_boosted, roll_boosted, accel_forward, accel_backward, accel_up, accel_down, accel_strafe, accel_forward_g, accel_backward_g, accel_up_g, accel_down_g, accel_strafe_g, boost_mult_forward, boost_mult_backward, boost_mult_up, boost_mult_strafe, boost_capacitor_max, boost_regen_per_sec, boost_regen_time, zero_to_scm, zero_to_max, scm_to_zero, mass_empty, mass_loadout, mass_total) VALUES ((SELECT id FROM ships WHERE reference = 'CRUS_Spirit_A1'), 204, 1130, 405, 212, 38, 30, 101, 45.6, 36, 121.2, 104.08, 38.27, 53.18, 0, 0, 10.61, 3.9, 5.42, 0, 0, 1.3, 1.3, 1.3, 1.35, 20, 0.75, 27.6, 1.96, 10.86, 5.33, 259271, 72177, 331448) ON CONFLICT (ship_id) DO NOTHING;
INSERT INTO ship_resistances (ship_id, armor_hp, dmg_mult_physical, dmg_mult_energy, dmg_mult_distortion, dmg_mult_thermal, dmg_mult_biochemical, dmg_mult_stun, sig_mult_cross_section, sig_mult_infrared, sig_mult_electromagnetic, pen_resist_base, pen_resist_physical, pen_resist_energy, pen_resist_distortion, base_em_signature, base_ir_signature, base_cs_signature, cross_section_x, cross_section_y, cross_section_z, em_total_shields, em_total_quantum, ir_total_shields, ir_total_quantum) VALUES ((SELECT id FROM ships WHERE reference = 'CRUS_Spirit_A1'), 12000, 0.75, 0.6, 1, 1, 1, 1, 1.3, 1.3, 1.3, 1, 1, 1, 0, 30051, 10338, NULL, 19000, 3800, 18200, 30051, 62096, 10338, 10338) ON CONFLICT (ship_id) DO NOTHING;
INSERT INTO ship_fuel (ship_id, hydrogen_capacity, fuel_intake_rate, fuel_usage_main, fuel_usage_retro, fuel_usage_maneuvering, maneuvering_time_till_empty, intake_to_main_ratio, quantum_capacity, quantum_range, quantum_speed, quantum_spool_time, quantum_travel_time_po, quantum_fuel_usage_po, thrust_main, thrust_retro, thrust_maneuvering, power_generation, power_used_shields, power_used_quantum, cooling_generation, cooling_used_shields, cooling_used_quantum, shield_hp_total, shield_regen_total) VALUES ((SELECT id FROM ships WHERE reference = 'CRUS_Spirit_A1'), 45000, 30, 67.46, 297.64, 71.34, 436.34, 0.44, 1800, 78636959371, 278000000, 6, 151, 960, 26985552, 9921472, 20382480, 20, 27, 23, 41, 38, 38, 13200, 828) ON CONFLICT (ship_id) DO NOTHING;
INSERT INTO ship_insurance (ship_id, expedited_cost, expedited_claim_time, standard_claim_time) VALUES ((SELECT id FROM ships WHERE reference = 'CRUS_Spirit_A1'), 3375, 2.25, 6.75) ON CONFLICT (ship_id) DO NOTHING;
INSERT INTO ship_flight_stats (ship_id, scm_speed, max_speed, boost_speed_forward, boost_speed_backward, pitch, yaw, roll, pitch_boosted, yaw_boosted, roll_boosted, accel_forward, accel_backward, accel_up, accel_down, accel_strafe, accel_forward_g, accel_backward_g, accel_up_g, accel_down_g, accel_strafe_g, boost_mult_forward, boost_mult_backward, boost_mult_up, boost_mult_strafe, boost_capacitor_max, boost_regen_per_sec, boost_regen_time, zero_to_scm, zero_to_max, scm_to_zero, mass_empty, mass_loadout, mass_total) VALUES ((SELECT id FROM ships WHERE reference = 'CRUS_Spirit_C1'), 204, 1130, 405, 212, 38, 30, 101, 45.6, 36, 121.2, 104.08, 38.27, 53.18, 0, 0, 10.61, 3.9, 5.42, 0, 0, 1.3, 1.3, 1.3, 1.35, 20, 0.75, 27.6, 1.96, 10.86, 5.33, 259271, 69507, 328778) ON CONFLICT (ship_id) DO NOTHING;
INSERT INTO ship_resistances (ship_id, armor_hp, dmg_mult_physical, dmg_mult_energy, dmg_mult_distortion, dmg_mult_thermal, dmg_mult_biochemical, dmg_mult_stun, sig_mult_cross_section, sig_mult_infrared, sig_mult_electromagnetic, pen_resist_base, pen_resist_physical, pen_resist_energy, pen_resist_distortion, base_em_signature, base_ir_signature, base_cs_signature, cross_section_x, cross_section_y, cross_section_z, em_total_shields, em_total_quantum, ir_total_shields, ir_total_quantum) VALUES ((SELECT id FROM ships WHERE reference = 'CRUS_Spirit_C1'), 12000, 0.75, 0.6, 1, 1, 1, 1, 1.3, 1.3, 1.3, 1, 1, 1, 0, 30538, 11208, NULL, 19000, 3800, 18200, 30538, 62583, 11208, 11208) ON CONFLICT (ship_id) DO NOTHING;
INSERT INTO ship_fuel (ship_id, hydrogen_capacity, fuel_intake_rate, fuel_usage_main, fuel_usage_retro, fuel_usage_maneuvering, maneuvering_time_till_empty, intake_to_main_ratio, quantum_capacity, quantum_range, quantum_speed, quantum_spool_time, quantum_travel_time_po, quantum_fuel_usage_po, thrust_main, thrust_retro, thrust_maneuvering, power_generation, power_used_shields, power_used_quantum, cooling_generation, cooling_used_shields, cooling_used_quantum, shield_hp_total, shield_regen_total) VALUES ((SELECT id FROM ships WHERE reference = 'CRUS_Spirit_C1'), 45000, 30, 67.46, 297.64, 71.34, 436.34, 0.44, 1800, 78636959371, 278000000, 6, 151, 960, 26985552, 9921472, 20382480, 20, 28.2, 24.2, 41, 41.2, 41.2, 13200, 828) ON CONFLICT (ship_id) DO NOTHING;
INSERT INTO ship_insurance (ship_id, expedited_cost, expedited_claim_time, standard_claim_time) VALUES ((SELECT id FROM ships WHERE reference = 'CRUS_Spirit_C1'), 3375, 2.25, 6.75) ON CONFLICT (ship_id) DO NOTHING;
INSERT INTO ship_flight_stats (ship_id, scm_speed, max_speed, boost_speed_forward, boost_speed_backward, pitch, yaw, roll, pitch_boosted, yaw_boosted, roll_boosted, accel_forward, accel_backward, accel_up, accel_down, accel_strafe, accel_forward_g, accel_backward_g, accel_up_g, accel_down_g, accel_strafe_g, boost_mult_forward, boost_mult_backward, boost_mult_up, boost_mult_strafe, boost_capacitor_max, boost_regen_per_sec, boost_regen_time, zero_to_scm, zero_to_max, scm_to_zero, mass_empty, mass_loadout, mass_total) VALUES ((SELECT id FROM ships WHERE reference = 'CRUS_Spirit_C1_Civilian'), 204, 1130, 405, 212, 38, 30, 101, 45.6, 36, 121.2, 104.08, 38.27, 53.18, 0, 0, 10.61, 3.9, 5.42, 0, 0, 1.3, 1.3, 1.3, 1.35, 20, 0.75, 27.6, 1.96, 10.86, 5.33, 259271, 69237, 328508) ON CONFLICT (ship_id) DO NOTHING;
INSERT INTO ship_resistances (ship_id, armor_hp, dmg_mult_physical, dmg_mult_energy, dmg_mult_distortion, dmg_mult_thermal, dmg_mult_biochemical, dmg_mult_stun, sig_mult_cross_section, sig_mult_infrared, sig_mult_electromagnetic, pen_resist_base, pen_resist_physical, pen_resist_energy, pen_resist_distortion, base_em_signature, base_ir_signature, base_cs_signature, cross_section_x, cross_section_y, cross_section_z, em_total_shields, em_total_quantum, ir_total_shields, ir_total_quantum) VALUES ((SELECT id FROM ships WHERE reference = 'CRUS_Spirit_C1_Civilian'), 12000, 0.75, 0.6, 1, 1, 1, 1, 1.3, 1.3, 1.3, 1, 1, 1, 0, 24950, 7704, NULL, 19000, 3800, 18200, 24950, 58295, 7704, 7704) ON CONFLICT (ship_id) DO NOTHING;
INSERT INTO ship_fuel (ship_id, hydrogen_capacity, fuel_intake_rate, fuel_usage_main, fuel_usage_retro, fuel_usage_maneuvering, maneuvering_time_till_empty, intake_to_main_ratio, quantum_capacity, quantum_range, quantum_speed, quantum_spool_time, quantum_travel_time_po, quantum_fuel_usage_po, thrust_main, thrust_retro, thrust_maneuvering, power_generation, power_used_shields, power_used_quantum, cooling_generation, cooling_used_shields, cooling_used_quantum, shield_hp_total, shield_regen_total) VALUES ((SELECT id FROM ships WHERE reference = 'CRUS_Spirit_C1_Civilian'), 45000, 30, 67.46, 297.64, 71.34, 436.34, 0.44, 1800, 214464434648, 282000000, 6, 149, 352, 26985552, 9921472, 20382480, 19, 26.2, 23.2, 39, 38.2, 38.2, 12500, 908) ON CONFLICT (ship_id) DO NOTHING;
INSERT INTO ship_insurance (ship_id, expedited_cost, expedited_claim_time, standard_claim_time) VALUES ((SELECT id FROM ships WHERE reference = 'CRUS_Spirit_C1_Civilian'), 3375, 2.25, 6.75) ON CONFLICT (ship_id) DO NOTHING;
INSERT INTO ship_flight_stats (ship_id, scm_speed, max_speed, boost_speed_forward, boost_speed_backward, pitch, yaw, roll, pitch_boosted, yaw_boosted, roll_boosted, accel_forward, accel_backward, accel_up, accel_down, accel_strafe, accel_forward_g, accel_backward_g, accel_up_g, accel_down_g, accel_strafe_g, boost_mult_forward, boost_mult_backward, boost_mult_up, boost_mult_strafe, boost_capacitor_max, boost_regen_per_sec, boost_regen_time, zero_to_scm, zero_to_max, scm_to_zero, mass_empty, mass_loadout, mass_total) VALUES ((SELECT id FROM ships WHERE reference = 'CRUS_Star_Runner'), 217, 1300, 510, 218, 25, 23, 53, 30, 27.6, 63.6, 65.75, 32.84, 14.48, 0, 0, 6.7, 3.35, 1.48, 0, 0, 1.7, 1.2, 1.3, 1.35, 20, 0.75, 27.6, 3.3, 19.77, 6.61, 680575, 47204, 727779) ON CONFLICT (ship_id) DO NOTHING;
INSERT INTO ship_resistances (ship_id, armor_hp, dmg_mult_physical, dmg_mult_energy, dmg_mult_distortion, dmg_mult_thermal, dmg_mult_biochemical, dmg_mult_stun, sig_mult_cross_section, sig_mult_infrared, sig_mult_electromagnetic, pen_resist_base, pen_resist_physical, pen_resist_energy, pen_resist_distortion, base_em_signature, base_ir_signature, base_cs_signature, cross_section_x, cross_section_y, cross_section_z, em_total_shields, em_total_quantum, ir_total_shields, ir_total_quantum) VALUES ((SELECT id FROM ships WHERE reference = 'CRUS_Star_Runner'), 13650, 0.75, 0.6, 1, 1, 1, 1, 1, 1, 1, 1, 1, 1, 0, 34858, 9347, NULL, 16023, 5106, 17608, 34858, 67078, 9347, 8922) ON CONFLICT (ship_id) DO NOTHING;
INSERT INTO ship_fuel (ship_id, hydrogen_capacity, fuel_intake_rate, fuel_usage_main, fuel_usage_retro, fuel_usage_maneuvering, maneuvering_time_till_empty, intake_to_main_ratio, quantum_capacity, quantum_range, quantum_speed, quantum_spool_time, quantum_travel_time_po, quantum_fuel_usage_po, thrust_main, thrust_retro, thrust_maneuvering, power_generation, power_used_shields, power_used_quantum, cooling_generation, cooling_used_shields, cooling_used_quantum, shield_hp_total, shield_regen_total) VALUES ((SELECT id FROM ships WHERE reference = 'CRUS_Star_Runner'), 100000, 0, 500.02, 224.9, 96.25, 182.43, 0, 3200, 489296636086, 262000000, 6, 160, 274, 44750000, 22350000, 30799640, 24, 32, 27, 82, 44, 42, 90000, 5643) ON CONFLICT (ship_id) DO NOTHING;
INSERT INTO ship_insurance (ship_id, expedited_cost, expedited_claim_time, standard_claim_time) VALUES ((SELECT id FROM ships WHERE reference = 'CRUS_Star_Runner'), 9393, 7, 21) ON CONFLICT (ship_id) DO NOTHING;
INSERT INTO ship_flight_stats (ship_id, scm_speed, max_speed, boost_speed_forward, boost_speed_backward, pitch, yaw, roll, pitch_boosted, yaw_boosted, roll_boosted, accel_forward, accel_backward, accel_up, accel_down, accel_strafe, accel_forward_g, accel_backward_g, accel_up_g, accel_down_g, accel_strafe_g, boost_mult_forward, boost_mult_backward, boost_mult_up, boost_mult_strafe, boost_capacitor_max, boost_regen_per_sec, boost_regen_time, zero_to_scm, zero_to_max, scm_to_zero, mass_empty, mass_loadout, mass_total) VALUES ((SELECT id FROM ships WHERE reference = 'CRUS_Starfighter_Inferno'), 205, 1050, 385, 210, 36, 36, 105, 43.2, 43.2, 126, 87.8, 32.59, 0, 0, 0, 8.95, 3.32, 0, 0, 0, 1.3, 1.25, 1.3, 1.35, 20, 0.75, 27.4, 2.33, 11.96, 6.29, 325001, 18193, 343194) ON CONFLICT (ship_id) DO NOTHING;
INSERT INTO ship_resistances (ship_id, armor_hp, dmg_mult_physical, dmg_mult_energy, dmg_mult_distortion, dmg_mult_thermal, dmg_mult_biochemical, dmg_mult_stun, sig_mult_cross_section, sig_mult_infrared, sig_mult_electromagnetic, pen_resist_base, pen_resist_physical, pen_resist_energy, pen_resist_distortion, base_em_signature, base_ir_signature, base_cs_signature, cross_section_x, cross_section_y, cross_section_z, em_total_shields, em_total_quantum, ir_total_shields, ir_total_quantum) VALUES ((SELECT id FROM ships WHERE reference = 'CRUS_Starfighter_Inferno'), 18000, 0.75, 0.6, 1, 1, 1, 1, 1, 1, 1, 1, 1, 1, 0, 41247, 10692, NULL, 12794, 2303, 17608, 41247, 64247, 10692, 9050) ON CONFLICT (ship_id) DO NOTHING;
INSERT INTO ship_fuel (ship_id, hydrogen_capacity, fuel_intake_rate, fuel_usage_main, fuel_usage_retro, fuel_usage_maneuvering, maneuvering_time_till_empty, intake_to_main_ratio, quantum_capacity, quantum_range, quantum_speed, quantum_spool_time, quantum_travel_time_po, quantum_fuel_usage_po, thrust_main, thrust_retro, thrust_maneuvering, power_generation, power_used_shields, power_used_quantum, cooling_generation, cooling_used_shields, cooling_used_quantum, shield_hp_total, shield_regen_total) VALUES ((SELECT id FROM ships WHERE reference = 'CRUS_Starfighter_Inferno'), 45000, 0, 201, 74.6, 104.91, 177.55, 0, 1800, 86914534042, 231000000, 6, 182, 868, 28535480, 10590898, 33571152, 24, 35.1, 27.1, 138, 52.1, 44.1, 26400, 1655) ON CONFLICT (ship_id) DO NOTHING;
INSERT INTO ship_insurance (ship_id, expedited_cost, expedited_claim_time, standard_claim_time) VALUES ((SELECT id FROM ships WHERE reference = 'CRUS_Starfighter_Inferno'), 7311, 3.43, 10.3) ON CONFLICT (ship_id) DO NOTHING;
INSERT INTO ship_flight_stats (ship_id, scm_speed, max_speed, boost_speed_forward, boost_speed_backward, pitch, yaw, roll, pitch_boosted, yaw_boosted, roll_boosted, accel_forward, accel_backward, accel_up, accel_down, accel_strafe, accel_forward_g, accel_backward_g, accel_up_g, accel_down_g, accel_strafe_g, boost_mult_forward, boost_mult_backward, boost_mult_up, boost_mult_strafe, boost_capacitor_max, boost_regen_per_sec, boost_regen_time, zero_to_scm, zero_to_max, scm_to_zero, mass_empty, mass_loadout, mass_total) VALUES ((SELECT id FROM ships WHERE reference = 'CRUS_Starfighter_Inferno_Collector_Military'), 205, 1050, 385, 210, 36, 36, 105, 43.2, 43.2, 126, 87.8, 32.59, 0, 0, 0, 8.95, 3.32, 0, 0, 0, 1.3, 1.25, 1.3, 1.35, 20, 0.75, 27.4, 2.33, 11.96, 6.29, 325001, 18193, 343194) ON CONFLICT (ship_id) DO NOTHING;
INSERT INTO ship_resistances (ship_id, armor_hp, dmg_mult_physical, dmg_mult_energy, dmg_mult_distortion, dmg_mult_thermal, dmg_mult_biochemical, dmg_mult_stun, sig_mult_cross_section, sig_mult_infrared, sig_mult_electromagnetic, pen_resist_base, pen_resist_physical, pen_resist_energy, pen_resist_distortion, base_em_signature, base_ir_signature, base_cs_signature, cross_section_x, cross_section_y, cross_section_z, em_total_shields, em_total_quantum, ir_total_shields, ir_total_quantum) VALUES ((SELECT id FROM ships WHERE reference = 'CRUS_Starfighter_Inferno_Collector_Military'), 18000, 0.75, 0.6, 1, 1, 1, 1, 1, 1, 1, 1, 1, 1, 0, 41247, 10692, NULL, 12794, 2303, 17608, 41247, 64247, 10692, 9050) ON CONFLICT (ship_id) DO NOTHING;
INSERT INTO ship_fuel (ship_id, hydrogen_capacity, fuel_intake_rate, fuel_usage_main, fuel_usage_retro, fuel_usage_maneuvering, maneuvering_time_till_empty, intake_to_main_ratio, quantum_capacity, quantum_range, quantum_speed, quantum_spool_time, quantum_travel_time_po, quantum_fuel_usage_po, thrust_main, thrust_retro, thrust_maneuvering, power_generation, power_used_shields, power_used_quantum, cooling_generation, cooling_used_shields, cooling_used_quantum, shield_hp_total, shield_regen_total) VALUES ((SELECT id FROM ships WHERE reference = 'CRUS_Starfighter_Inferno_Collector_Military'), 45000, 0, 201, 74.6, 104.91, 177.55, 0, 1800, 78636959371, 278000000, 6, 151, 960, 28535480, 10590898, 33571152, 24, 35.1, 27.1, 138, 52.1, 44.1, 26400, 1742) ON CONFLICT (ship_id) DO NOTHING;
INSERT INTO ship_insurance (ship_id, expedited_cost, expedited_claim_time, standard_claim_time) VALUES ((SELECT id FROM ships WHERE reference = 'CRUS_Starfighter_Inferno_Collector_Military'), 7311, 3.43, 10.3) ON CONFLICT (ship_id) DO NOTHING;
INSERT INTO ship_flight_stats (ship_id, scm_speed, max_speed, boost_speed_forward, boost_speed_backward, pitch, yaw, roll, pitch_boosted, yaw_boosted, roll_boosted, accel_forward, accel_backward, accel_up, accel_down, accel_strafe, accel_forward_g, accel_backward_g, accel_up_g, accel_down_g, accel_strafe_g, boost_mult_forward, boost_mult_backward, boost_mult_up, boost_mult_strafe, boost_capacitor_max, boost_regen_per_sec, boost_regen_time, zero_to_scm, zero_to_max, scm_to_zero, mass_empty, mass_loadout, mass_total) VALUES ((SELECT id FROM ships WHERE reference = 'CRUS_Starfighter_Ion'), 205, 1050, 385, 210, 36, 36, 105, 43.2, 43.2, 126, 87.8, 32.59, 0, 0, 0, 8.95, 3.32, 0, 0, 0, 1.3, 1.25, 1.3, 1.35, 20, 0.75, 27.4, 2.33, 11.96, 6.29, 325001, 47533, 372534) ON CONFLICT (ship_id) DO NOTHING;
INSERT INTO ship_resistances (ship_id, armor_hp, dmg_mult_physical, dmg_mult_energy, dmg_mult_distortion, dmg_mult_thermal, dmg_mult_biochemical, dmg_mult_stun, sig_mult_cross_section, sig_mult_infrared, sig_mult_electromagnetic, pen_resist_base, pen_resist_physical, pen_resist_energy, pen_resist_distortion, base_em_signature, base_ir_signature, base_cs_signature, cross_section_x, cross_section_y, cross_section_z, em_total_shields, em_total_quantum, ir_total_shields, ir_total_quantum) VALUES ((SELECT id FROM ships WHERE reference = 'CRUS_Starfighter_Ion'), 18000, 0.75, 0.6, 1, 1, 1, 1, 1, 1, 1, 1, 1, 1, 0, 44995, 11273, NULL, 13600, 2448, 12240, 44995, 67995, 11273, 9631) ON CONFLICT (ship_id) DO NOTHING;
INSERT INTO ship_fuel (ship_id, hydrogen_capacity, fuel_intake_rate, fuel_usage_main, fuel_usage_retro, fuel_usage_maneuvering, maneuvering_time_till_empty, intake_to_main_ratio, quantum_capacity, quantum_range, quantum_speed, quantum_spool_time, quantum_travel_time_po, quantum_fuel_usage_po, thrust_main, thrust_retro, thrust_maneuvering, power_generation, power_used_shields, power_used_quantum, cooling_generation, cooling_used_shields, cooling_used_quantum, shield_hp_total, shield_regen_total) VALUES ((SELECT id FROM ships WHERE reference = 'CRUS_Starfighter_Ion'), 45000, 0, 201, 74.6, 104.91, 177.55, 0, 1800, 86914534042, 231000000, 6, 182, 868, 28535480, 10590898, 33571152, 24, 37.93, 29.93, 138, 54.93, 46.93, 26400, 1655) ON CONFLICT (ship_id) DO NOTHING;
INSERT INTO ship_insurance (ship_id, expedited_cost, expedited_claim_time, standard_claim_time) VALUES ((SELECT id FROM ships WHERE reference = 'CRUS_Starfighter_Ion'), 7311, 3.43, 10.3) ON CONFLICT (ship_id) DO NOTHING;
INSERT INTO ship_flight_stats (ship_id, scm_speed, max_speed, boost_speed_forward, boost_speed_backward, pitch, yaw, roll, pitch_boosted, yaw_boosted, roll_boosted, accel_forward, accel_backward, accel_up, accel_down, accel_strafe, accel_forward_g, accel_backward_g, accel_up_g, accel_down_g, accel_strafe_g, boost_mult_forward, boost_mult_backward, boost_mult_up, boost_mult_strafe, boost_capacitor_max, boost_regen_per_sec, boost_regen_time, zero_to_scm, zero_to_max, scm_to_zero, mass_empty, mass_loadout, mass_total) VALUES ((SELECT id FROM ships WHERE reference = 'CRUS_Starfighter_Ion_Collector_Stealth'), 205, 1050, 385, 210, 36, 36, 105, 43.2, 43.2, 126, 87.8, 32.59, 0, 0, 0, 8.95, 3.32, 0, 0, 0, 1.3, 1.25, 1.3, 1.35, 20, 0.75, 27.4, 2.33, 11.96, 6.29, 325001, 44893, 369894) ON CONFLICT (ship_id) DO NOTHING;
INSERT INTO ship_resistances (ship_id, armor_hp, dmg_mult_physical, dmg_mult_energy, dmg_mult_distortion, dmg_mult_thermal, dmg_mult_biochemical, dmg_mult_stun, sig_mult_cross_section, sig_mult_infrared, sig_mult_electromagnetic, pen_resist_base, pen_resist_physical, pen_resist_energy, pen_resist_distortion, base_em_signature, base_ir_signature, base_cs_signature, cross_section_x, cross_section_y, cross_section_z, em_total_shields, em_total_quantum, ir_total_shields, ir_total_quantum) VALUES ((SELECT id FROM ships WHERE reference = 'CRUS_Starfighter_Ion_Collector_Stealth'), 18000, 0.75, 0.6, 1, 1, 1, 1, 1, 1, 1, 1, 1, 1, 0, 17754, 4259, NULL, 13600, 2448, 12240, 17754, 29254, 4259, 4051) ON CONFLICT (ship_id) DO NOTHING;
INSERT INTO ship_fuel (ship_id, hydrogen_capacity, fuel_intake_rate, fuel_usage_main, fuel_usage_retro, fuel_usage_maneuvering, maneuvering_time_till_empty, intake_to_main_ratio, quantum_capacity, quantum_range, quantum_speed, quantum_spool_time, quantum_travel_time_po, quantum_fuel_usage_po, thrust_main, thrust_retro, thrust_maneuvering, power_generation, power_used_shields, power_used_quantum, cooling_generation, cooling_used_shields, cooling_used_quantum, shield_hp_total, shield_regen_total) VALUES ((SELECT id FROM ships WHERE reference = 'CRUS_Starfighter_Ion_Collector_Stealth'), 45000, 0, 201, 74.6, 104.91, 177.55, 0, 1800, 91743119266, 205000000, 6, 205, 823, 28535480, 10590898, 33571152, 22, 27.93, 23.93, 96, 40.93, 38.93, 18700, 1234) ON CONFLICT (ship_id) DO NOTHING;
INSERT INTO ship_insurance (ship_id, expedited_cost, expedited_claim_time, standard_claim_time) VALUES ((SELECT id FROM ships WHERE reference = 'CRUS_Starfighter_Ion_Collector_Stealth'), 7311, 3.43, 10.3) ON CONFLICT (ship_id) DO NOTHING;
INSERT INTO ship_flight_stats (ship_id, scm_speed, max_speed, boost_speed_forward, boost_speed_backward, pitch, yaw, roll, pitch_boosted, yaw_boosted, roll_boosted, accel_forward, accel_backward, accel_up, accel_down, accel_strafe, accel_forward_g, accel_backward_g, accel_up_g, accel_down_g, accel_strafe_g, boost_mult_forward, boost_mult_backward, boost_mult_up, boost_mult_strafe, boost_capacitor_max, boost_regen_per_sec, boost_regen_time, zero_to_scm, zero_to_max, scm_to_zero, mass_empty, mass_loadout, mass_total) VALUES ((SELECT id FROM ships WHERE reference = 'CRUS_Starlifter_A2'), 160, 950, 320, 170, 20, 18, 30, 30, 27, 60, 68.03, 5.73, 24.76, 0, 0, 6.94, 0.58, 2.52, 0, 0, 1.5, 1.2, 1.3, 1.35, 20, 0.75, 27.8, 2.35, 13.96, 27.92, 2339240, 1071477, 3410717) ON CONFLICT (ship_id) DO NOTHING;
INSERT INTO ship_resistances (ship_id, armor_hp, dmg_mult_physical, dmg_mult_energy, dmg_mult_distortion, dmg_mult_thermal, dmg_mult_biochemical, dmg_mult_stun, sig_mult_cross_section, sig_mult_infrared, sig_mult_electromagnetic, pen_resist_base, pen_resist_physical, pen_resist_energy, pen_resist_distortion, base_em_signature, base_ir_signature, base_cs_signature, cross_section_x, cross_section_y, cross_section_z, em_total_shields, em_total_quantum, ir_total_shields, ir_total_quantum) VALUES ((SELECT id FROM ships WHERE reference = 'CRUS_Starlifter_A2'), 31688, 0.7, 0.5, 1, 1, 1, 1, 1, 1, 1, 1, 1, 1, 0, 52778, 12843, NULL, 27795, 8966, 37657, 52778, 82458, 12843, 10771) ON CONFLICT (ship_id) DO NOTHING;
INSERT INTO ship_fuel (ship_id, hydrogen_capacity, fuel_intake_rate, fuel_usage_main, fuel_usage_retro, fuel_usage_maneuvering, maneuvering_time_till_empty, intake_to_main_ratio, quantum_capacity, quantum_range, quantum_speed, quantum_spool_time, quantum_travel_time_po, quantum_fuel_usage_po, thrust_main, thrust_retro, thrust_maneuvering, power_generation, power_used_shields, power_used_quantum, cooling_generation, cooling_used_shields, cooling_used_quantum, shield_hp_total, shield_regen_total) VALUES ((SELECT id FROM ships WHERE reference = 'CRUS_Starlifter_A2'), 132000, 0, 1124.77, 70.32, 609.11, 92.35, 0, 6600, 53939195816, 282000000, 7, 149, 5130, 159142146, 13394246, 194916252, 30, 45, 35, 112, 62, 52, 396000, 26136) ON CONFLICT (ship_id) DO NOTHING;
INSERT INTO ship_insurance (ship_id, expedited_cost, expedited_claim_time, standard_claim_time) VALUES ((SELECT id FROM ships WHERE reference = 'CRUS_Starlifter_A2'), 20200, 13.08, 39.24) ON CONFLICT (ship_id) DO NOTHING;
INSERT INTO ship_flight_stats (ship_id, scm_speed, max_speed, boost_speed_forward, boost_speed_backward, pitch, yaw, roll, pitch_boosted, yaw_boosted, roll_boosted, accel_forward, accel_backward, accel_up, accel_down, accel_strafe, accel_forward_g, accel_backward_g, accel_up_g, accel_down_g, accel_strafe_g, boost_mult_forward, boost_mult_backward, boost_mult_up, boost_mult_strafe, boost_capacitor_max, boost_regen_per_sec, boost_regen_time, zero_to_scm, zero_to_max, scm_to_zero, mass_empty, mass_loadout, mass_total) VALUES ((SELECT id FROM ships WHERE reference = 'CRUS_Starlifter_A2_Collector_Military'), 160, 950, 320, 170, 20, 18, 30, 30, 27, 60, 68.03, 5.73, 24.76, 0, 0, 6.94, 0.58, 2.52, 0, 0, 1.5, 1.2, 1.3, 1.35, 20, 0.75, 27.8, 2.35, 13.96, 27.92, 2339240, 1063977, 3403217) ON CONFLICT (ship_id) DO NOTHING;
INSERT INTO ship_resistances (ship_id, armor_hp, dmg_mult_physical, dmg_mult_energy, dmg_mult_distortion, dmg_mult_thermal, dmg_mult_biochemical, dmg_mult_stun, sig_mult_cross_section, sig_mult_infrared, sig_mult_electromagnetic, pen_resist_base, pen_resist_physical, pen_resist_energy, pen_resist_distortion, base_em_signature, base_ir_signature, base_cs_signature, cross_section_x, cross_section_y, cross_section_z, em_total_shields, em_total_quantum, ir_total_shields, ir_total_quantum) VALUES ((SELECT id FROM ships WHERE reference = 'CRUS_Starlifter_A2_Collector_Military'), 31688, 0.7, 0.5, 1, 1, 1, 1, 1, 1, 1, 1, 1, 1, 0, 51740, 12843, NULL, 27795, 8966, 37657, 51740, 81420, 12843, 10771) ON CONFLICT (ship_id) DO NOTHING;
INSERT INTO ship_fuel (ship_id, hydrogen_capacity, fuel_intake_rate, fuel_usage_main, fuel_usage_retro, fuel_usage_maneuvering, maneuvering_time_till_empty, intake_to_main_ratio, quantum_capacity, quantum_range, quantum_speed, quantum_spool_time, quantum_travel_time_po, quantum_fuel_usage_po, thrust_main, thrust_retro, thrust_maneuvering, power_generation, power_used_shields, power_used_quantum, cooling_generation, cooling_used_shields, cooling_used_quantum, shield_hp_total, shield_regen_total) VALUES ((SELECT id FROM ships WHERE reference = 'CRUS_Starlifter_A2_Collector_Military'), 132000, 0, 1124.77, 70.32, 609.11, 92.35, 0, 6600, 48802129547, 339000000, 7, 124, 5670, 159142146, 13394246, 194916252, 32, 45, 35, 112, 62, 52, 396000, 28750) ON CONFLICT (ship_id) DO NOTHING;
INSERT INTO ship_insurance (ship_id, expedited_cost, expedited_claim_time, standard_claim_time) VALUES ((SELECT id FROM ships WHERE reference = 'CRUS_Starlifter_A2_Collector_Military'), 20200, 13.08, 39.24) ON CONFLICT (ship_id) DO NOTHING;
INSERT INTO ship_flight_stats (ship_id, scm_speed, max_speed, boost_speed_forward, boost_speed_backward, pitch, yaw, roll, pitch_boosted, yaw_boosted, roll_boosted, accel_forward, accel_backward, accel_up, accel_down, accel_strafe, accel_forward_g, accel_backward_g, accel_up_g, accel_down_g, accel_strafe_g, boost_mult_forward, boost_mult_backward, boost_mult_up, boost_mult_strafe, boost_capacitor_max, boost_regen_per_sec, boost_regen_time, zero_to_scm, zero_to_max, scm_to_zero, mass_empty, mass_loadout, mass_total) VALUES ((SELECT id FROM ships WHERE reference = 'CRUS_Starlifter_C2'), 160, 950, 320, 170, 20, 18, 30, 30, 27, 60, 68.03, 5.73, 24.76, 0, 0, 6.94, 0.58, 2.52, 0, 0, 1.5, 1.2, 1.3, 1.35, 20, 0.75, 27.8, 2.35, 13.96, 27.92, 2339240, 1039374, 3378614) ON CONFLICT (ship_id) DO NOTHING;
INSERT INTO ship_resistances (ship_id, armor_hp, dmg_mult_physical, dmg_mult_energy, dmg_mult_distortion, dmg_mult_thermal, dmg_mult_biochemical, dmg_mult_stun, sig_mult_cross_section, sig_mult_infrared, sig_mult_electromagnetic, pen_resist_base, pen_resist_physical, pen_resist_energy, pen_resist_distortion, base_em_signature, base_ir_signature, base_cs_signature, cross_section_x, cross_section_y, cross_section_z, em_total_shields, em_total_quantum, ir_total_shields, ir_total_quantum) VALUES ((SELECT id FROM ships WHERE reference = 'CRUS_Starlifter_C2'), 16250, 0.7, 0.5, 1, 1, 1, 1, 1, 1, 1, 1, 1, 1, 0, 49629, 12577, NULL, 17032, 5495, 23078, 49629, 89269, 12577, 10481) ON CONFLICT (ship_id) DO NOTHING;
INSERT INTO ship_fuel (ship_id, hydrogen_capacity, fuel_intake_rate, fuel_usage_main, fuel_usage_retro, fuel_usage_maneuvering, maneuvering_time_till_empty, intake_to_main_ratio, quantum_capacity, quantum_range, quantum_speed, quantum_spool_time, quantum_travel_time_po, quantum_fuel_usage_po, thrust_main, thrust_retro, thrust_maneuvering, power_generation, power_used_shields, power_used_quantum, cooling_generation, cooling_used_shields, cooling_used_quantum, shield_hp_total, shield_regen_total) VALUES ((SELECT id FROM ships WHERE reference = 'CRUS_Starlifter_C2'), 132000, 0, 1124.77, 70.32, 609.11, 92.35, 0, 6600, 170807453416, 319000000, 7, 131, 1620, 159142146, 13394246, 194916252, 30, 43, 33, 104, 60, 50, 180000, 11286) ON CONFLICT (ship_id) DO NOTHING;
INSERT INTO ship_insurance (ship_id, expedited_cost, expedited_claim_time, standard_claim_time) VALUES ((SELECT id FROM ships WHERE reference = 'CRUS_Starlifter_C2'), 17580, 10.9, 32.7) ON CONFLICT (ship_id) DO NOTHING;
INSERT INTO ship_flight_stats (ship_id, scm_speed, max_speed, boost_speed_forward, boost_speed_backward, pitch, yaw, roll, pitch_boosted, yaw_boosted, roll_boosted, accel_forward, accel_backward, accel_up, accel_down, accel_strafe, accel_forward_g, accel_backward_g, accel_up_g, accel_down_g, accel_strafe_g, boost_mult_forward, boost_mult_backward, boost_mult_up, boost_mult_strafe, boost_capacitor_max, boost_regen_per_sec, boost_regen_time, zero_to_scm, zero_to_max, scm_to_zero, mass_empty, mass_loadout, mass_total) VALUES ((SELECT id FROM ships WHERE reference = 'CRUS_Starlifter_M2'), 160, 950, 320, 170, 20, 18, 30, 30, 27, 60, 68.03, 5.73, 24.76, 0, 0, 6.94, 0.58, 2.52, 0, 0, 1.5, 1.2, 1.3, 1.35, 20, 0.75, 27.8, 2.35, 13.96, 27.92, 2339240, 1040541, 3379781) ON CONFLICT (ship_id) DO NOTHING;
INSERT INTO ship_resistances (ship_id, armor_hp, dmg_mult_physical, dmg_mult_energy, dmg_mult_distortion, dmg_mult_thermal, dmg_mult_biochemical, dmg_mult_stun, sig_mult_cross_section, sig_mult_infrared, sig_mult_electromagnetic, pen_resist_base, pen_resist_physical, pen_resist_energy, pen_resist_distortion, base_em_signature, base_ir_signature, base_cs_signature, cross_section_x, cross_section_y, cross_section_z, em_total_shields, em_total_quantum, ir_total_shields, ir_total_quantum) VALUES ((SELECT id FROM ships WHERE reference = 'CRUS_Starlifter_M2'), 29250, 0.7, 0.5, 1, 1, 1, 1, 1, 1, 1, 1, 1, 1, 0, 50290, 12429, NULL, 23448, 7564, 31768, 50290, 79970, 12429, 10357) ON CONFLICT (ship_id) DO NOTHING;
INSERT INTO ship_fuel (ship_id, hydrogen_capacity, fuel_intake_rate, fuel_usage_main, fuel_usage_retro, fuel_usage_maneuvering, maneuvering_time_till_empty, intake_to_main_ratio, quantum_capacity, quantum_range, quantum_speed, quantum_spool_time, quantum_travel_time_po, quantum_fuel_usage_po, thrust_main, thrust_retro, thrust_maneuvering, power_generation, power_used_shields, power_used_quantum, cooling_generation, cooling_used_shields, cooling_used_quantum, shield_hp_total, shield_regen_total) VALUES ((SELECT id FROM ships WHERE reference = 'CRUS_Starlifter_M2'), 132000, 0, 1124.77, 70.32, 609.11, 92.35, 0, 6600, 53939195816, 282000000, 7, 149, 5130, 159142146, 13394246, 194916252, 30, 43, 33, 112, 60, 50, 264000, 17424) ON CONFLICT (ship_id) DO NOTHING;
INSERT INTO ship_insurance (ship_id, expedited_cost, expedited_claim_time, standard_claim_time) VALUES ((SELECT id FROM ships WHERE reference = 'CRUS_Starlifter_M2'), 1810, 8, 25) ON CONFLICT (ship_id) DO NOTHING;
INSERT INTO ship_flight_stats (ship_id, scm_speed, max_speed, boost_speed_forward, boost_speed_backward, pitch, yaw, roll, pitch_boosted, yaw_boosted, roll_boosted, accel_forward, accel_backward, accel_up, accel_down, accel_strafe, accel_forward_g, accel_backward_g, accel_up_g, accel_down_g, accel_strafe_g, boost_mult_forward, boost_mult_backward, boost_mult_up, boost_mult_strafe, boost_capacitor_max, boost_regen_per_sec, boost_regen_time, zero_to_scm, zero_to_max, scm_to_zero, mass_empty, mass_loadout, mass_total) VALUES ((SELECT id FROM ships WHERE reference = 'DRAK_Buccaneer'), 240, 1400, 600, 260, 49, 42, 155, 58.8, 50.4, 186, 171.85, 40.06, 0, 0, 0, 17.52, 4.08, 0, 0, 0, 1.7, 1.3, 1.35, 1.35, 25, 0.75, 33.7, 1.4, 8.15, 5.99, 36527, 7291, 43818) ON CONFLICT (ship_id) DO NOTHING;
INSERT INTO ship_resistances (ship_id, armor_hp, dmg_mult_physical, dmg_mult_energy, dmg_mult_distortion, dmg_mult_thermal, dmg_mult_biochemical, dmg_mult_stun, sig_mult_cross_section, sig_mult_infrared, sig_mult_electromagnetic, pen_resist_base, pen_resist_physical, pen_resist_energy, pen_resist_distortion, base_em_signature, base_ir_signature, base_cs_signature, cross_section_x, cross_section_y, cross_section_z, em_total_shields, em_total_quantum, ir_total_shields, ir_total_quantum) VALUES ((SELECT id FROM ships WHERE reference = 'DRAK_Buccaneer'), 2700, 0.75, 0.6, 1, 1, 1, 1, 1, 1, 1, 1, 1, 1, 0, 16002, 6043, NULL, 9145, 2439, 8535, 16002, 33252, 6043, 6043) ON CONFLICT (ship_id) DO NOTHING;
INSERT INTO ship_fuel (ship_id, hydrogen_capacity, fuel_intake_rate, fuel_usage_main, fuel_usage_retro, fuel_usage_maneuvering, maneuvering_time_till_empty, intake_to_main_ratio, quantum_capacity, quantum_range, quantum_speed, quantum_spool_time, quantum_travel_time_po, quantum_fuel_usage_po, thrust_main, thrust_retro, thrust_maneuvering, power_generation, power_used_shields, power_used_quantum, cooling_generation, cooling_used_shields, cooling_used_quantum, shield_hp_total, shield_regen_total) VALUES ((SELECT id FROM ships WHERE reference = 'DRAK_Buccaneer'), 7500, 0, 59.32, 13.83, 28.1, 102.22, 0, 1300, 121700056169, 165000000, 4, 254, 448, 6277304, 1463371.2, 8990400, 17, 20.3, 18.3, 68, 28.3, 28.3, 2700, 170) ON CONFLICT (ship_id) DO NOTHING;
INSERT INTO ship_insurance (ship_id, expedited_cost, expedited_claim_time, standard_claim_time) VALUES ((SELECT id FROM ships WHERE reference = 'DRAK_Buccaneer'), 2700, 1.8, 5.4) ON CONFLICT (ship_id) DO NOTHING;
INSERT INTO ship_flight_stats (ship_id, scm_speed, max_speed, boost_speed_forward, boost_speed_backward, pitch, yaw, roll, pitch_boosted, yaw_boosted, roll_boosted, accel_forward, accel_backward, accel_up, accel_down, accel_strafe, accel_forward_g, accel_backward_g, accel_up_g, accel_down_g, accel_strafe_g, boost_mult_forward, boost_mult_backward, boost_mult_up, boost_mult_strafe, boost_capacitor_max, boost_regen_per_sec, boost_regen_time, zero_to_scm, zero_to_max, scm_to_zero, mass_empty, mass_loadout, mass_total) VALUES ((SELECT id FROM ships WHERE reference = 'DRAK_Caterpillar'), 130, 900, 300, 120, 16, 16, 25, 19.2, 19.2, 30, 38.99, 16.71, 0, 0, 0, 3.98, 1.7, 0, 0, 0, 1.35, 1.4, 1.4, 1.3, 20, 0.75, 28, 3.33, 23.08, 7.78, 1508063, 174997, 1683060) ON CONFLICT (ship_id) DO NOTHING;
INSERT INTO ship_resistances (ship_id, armor_hp, dmg_mult_physical, dmg_mult_energy, dmg_mult_distortion, dmg_mult_thermal, dmg_mult_biochemical, dmg_mult_stun, sig_mult_cross_section, sig_mult_infrared, sig_mult_electromagnetic, pen_resist_base, pen_resist_physical, pen_resist_energy, pen_resist_distortion, base_em_signature, base_ir_signature, base_cs_signature, cross_section_x, cross_section_y, cross_section_z, em_total_shields, em_total_quantum, ir_total_shields, ir_total_quantum) VALUES ((SELECT id FROM ships WHERE reference = 'DRAK_Caterpillar'), 21038, 0.7, 0.5, 1, 1, 1, 1, 1, 1, 1, 1, 1, 1, 0, 52941, 15092, NULL, 12362, 5952, 45786, 52941, 81781, 15092, 12996) ON CONFLICT (ship_id) DO NOTHING;
INSERT INTO ship_fuel (ship_id, hydrogen_capacity, fuel_intake_rate, fuel_usage_main, fuel_usage_retro, fuel_usage_maneuvering, maneuvering_time_till_empty, intake_to_main_ratio, quantum_capacity, quantum_range, quantum_speed, quantum_spool_time, quantum_travel_time_po, quantum_fuel_usage_po, thrust_main, thrust_retro, thrust_maneuvering, power_generation, power_used_shields, power_used_quantum, cooling_generation, cooling_used_shields, cooling_used_quantum, shield_hp_total, shield_regen_total) VALUES ((SELECT id FROM ships WHERE reference = 'DRAK_Caterpillar'), 250500, 50, 676.97, 271.22, 341.25, 295.54, 0.07, 8600, 70284406669, 282000000, 7, 149, 5130, 58800000, 25200000, 109200000, 30, 49, 39, 104, 72, 62, 270000, 16929) ON CONFLICT (ship_id) DO NOTHING;
INSERT INTO ship_insurance (ship_id, expedited_cost, expedited_claim_time, standard_claim_time) VALUES ((SELECT id FROM ships WHERE reference = 'DRAK_Caterpillar'), 7730, 6.21, 18.63) ON CONFLICT (ship_id) DO NOTHING;
INSERT INTO ship_flight_stats (ship_id, scm_speed, max_speed, boost_speed_forward, boost_speed_backward, pitch, yaw, roll, pitch_boosted, yaw_boosted, roll_boosted, accel_forward, accel_backward, accel_up, accel_down, accel_strafe, accel_forward_g, accel_backward_g, accel_up_g, accel_down_g, accel_strafe_g, boost_mult_forward, boost_mult_backward, boost_mult_up, boost_mult_strafe, boost_capacitor_max, boost_regen_per_sec, boost_regen_time, zero_to_scm, zero_to_max, scm_to_zero, mass_empty, mass_loadout, mass_total) VALUES ((SELECT id FROM ships WHERE reference = 'DRAK_Caterpillar_Boarded'), 130, 900, 300, 120, 16, 16, 25, 19.2, 19.2, 30, 38.99, 16.71, 0, 0, 0, 3.98, 1.7, 0, 0, 0, 1.35, 1.4, 1.4, 1.3, 20, 0.75, 28, 3.33, 23.08, 7.78, 1508063, 174997, 1683060) ON CONFLICT (ship_id) DO NOTHING;
INSERT INTO ship_resistances (ship_id, armor_hp, dmg_mult_physical, dmg_mult_energy, dmg_mult_distortion, dmg_mult_thermal, dmg_mult_biochemical, dmg_mult_stun, sig_mult_cross_section, sig_mult_infrared, sig_mult_electromagnetic, pen_resist_base, pen_resist_physical, pen_resist_energy, pen_resist_distortion, base_em_signature, base_ir_signature, base_cs_signature, cross_section_x, cross_section_y, cross_section_z, em_total_shields, em_total_quantum, ir_total_shields, ir_total_quantum) VALUES ((SELECT id FROM ships WHERE reference = 'DRAK_Caterpillar_Boarded'), 21038, 0.7, 0.5, 1, 1, 1, 1, 1, 1, 1, 1, 1, 1, 0, 52941, 15092, NULL, 12362, 5952, 45786, 52941, 81781, 15092, 12996) ON CONFLICT (ship_id) DO NOTHING;
INSERT INTO ship_fuel (ship_id, hydrogen_capacity, fuel_intake_rate, fuel_usage_main, fuel_usage_retro, fuel_usage_maneuvering, maneuvering_time_till_empty, intake_to_main_ratio, quantum_capacity, quantum_range, quantum_speed, quantum_spool_time, quantum_travel_time_po, quantum_fuel_usage_po, thrust_main, thrust_retro, thrust_maneuvering, power_generation, power_used_shields, power_used_quantum, cooling_generation, cooling_used_shields, cooling_used_quantum, shield_hp_total, shield_regen_total) VALUES ((SELECT id FROM ships WHERE reference = 'DRAK_Caterpillar_Boarded'), 250500, 50, 676.97, 271.22, 341.25, 295.54, 0.07, 8600, 70284406669, 282000000, 7, 149, 5130, 58800000, 25200000, 109200000, 30, 49, 39, 104, 72, 62, 270000, 16929) ON CONFLICT (ship_id) DO NOTHING;
INSERT INTO ship_insurance (ship_id, expedited_cost, expedited_claim_time, standard_claim_time) VALUES ((SELECT id FROM ships WHERE reference = 'DRAK_Caterpillar_Boarded'), 7730, 6.21, 18.63) ON CONFLICT (ship_id) DO NOTHING;
INSERT INTO ship_flight_stats (ship_id, scm_speed, max_speed, boost_speed_forward, boost_speed_backward, pitch, yaw, roll, pitch_boosted, yaw_boosted, roll_boosted, accel_forward, accel_backward, accel_up, accel_down, accel_strafe, accel_forward_g, accel_backward_g, accel_up_g, accel_down_g, accel_strafe_g, boost_mult_forward, boost_mult_backward, boost_mult_up, boost_mult_strafe, boost_capacitor_max, boost_regen_per_sec, boost_regen_time, zero_to_scm, zero_to_max, scm_to_zero, mass_empty, mass_loadout, mass_total) VALUES ((SELECT id FROM ships WHERE reference = 'DRAK_Caterpillar_Pirate'), 130, 900, 300, 120, 16, 16, 25, 19.2, 19.2, 30, 38.99, 16.71, 0, 0, 0, 3.98, 1.7, 0, 0, 0, 1.35, 1.4, 1.4, 1.3, 20, 0.75, 28, 3.33, 23.08, 7.78, 1508063, 174997, 1683060) ON CONFLICT (ship_id) DO NOTHING;
INSERT INTO ship_resistances (ship_id, armor_hp, dmg_mult_physical, dmg_mult_energy, dmg_mult_distortion, dmg_mult_thermal, dmg_mult_biochemical, dmg_mult_stun, sig_mult_cross_section, sig_mult_infrared, sig_mult_electromagnetic, pen_resist_base, pen_resist_physical, pen_resist_energy, pen_resist_distortion, base_em_signature, base_ir_signature, base_cs_signature, cross_section_x, cross_section_y, cross_section_z, em_total_shields, em_total_quantum, ir_total_shields, ir_total_quantum) VALUES ((SELECT id FROM ships WHERE reference = 'DRAK_Caterpillar_Pirate'), 21038, 0.7, 0.5, 1, 1, 1, 1, 1, 1, 1, 1, 1, 1, 0, 52941, 15092, NULL, 12362, 5952, 45786, 52941, 81781, 15092, 12996) ON CONFLICT (ship_id) DO NOTHING;
INSERT INTO ship_fuel (ship_id, hydrogen_capacity, fuel_intake_rate, fuel_usage_main, fuel_usage_retro, fuel_usage_maneuvering, maneuvering_time_till_empty, intake_to_main_ratio, quantum_capacity, quantum_range, quantum_speed, quantum_spool_time, quantum_travel_time_po, quantum_fuel_usage_po, thrust_main, thrust_retro, thrust_maneuvering, power_generation, power_used_shields, power_used_quantum, cooling_generation, cooling_used_shields, cooling_used_quantum, shield_hp_total, shield_regen_total) VALUES ((SELECT id FROM ships WHERE reference = 'DRAK_Caterpillar_Pirate'), 250500, 50, 676.97, 271.22, 341.25, 295.54, 0.07, 8600, 70284406669, 282000000, 7, 149, 5130, 58800000, 25200000, 109200000, 30, 49, 39, 104, 72, 62, 270000, 16929) ON CONFLICT (ship_id) DO NOTHING;
INSERT INTO ship_insurance (ship_id, expedited_cost, expedited_claim_time, standard_claim_time) VALUES ((SELECT id FROM ships WHERE reference = 'DRAK_Caterpillar_Pirate'), 7730, 6.21, 18.63) ON CONFLICT (ship_id) DO NOTHING;
INSERT INTO ship_flight_stats (ship_id, scm_speed, max_speed, boost_speed_forward, boost_speed_backward, pitch, yaw, roll, pitch_boosted, yaw_boosted, roll_boosted, accel_forward, accel_backward, accel_up, accel_down, accel_strafe, accel_forward_g, accel_backward_g, accel_up_g, accel_down_g, accel_strafe_g, boost_mult_forward, boost_mult_backward, boost_mult_up, boost_mult_strafe, boost_capacitor_max, boost_regen_per_sec, boost_regen_time, zero_to_scm, zero_to_max, scm_to_zero, mass_empty, mass_loadout, mass_total) VALUES ((SELECT id FROM ships WHERE reference = 'DRAK_Clipper'), 205, 1000, 405, 230, 38, 38, 125, 45.6, 45.6, 150, 96.99, 37.68, 0, 0, 0, 9.89, 3.84, 0, 0, 0, 1.4, 1.3, 1.3, 1.35, 20, 0.75, 27.6, 2.11, 10.31, 5.44, 130562, 14047, 144609) ON CONFLICT (ship_id) DO NOTHING;
INSERT INTO ship_resistances (ship_id, armor_hp, dmg_mult_physical, dmg_mult_energy, dmg_mult_distortion, dmg_mult_thermal, dmg_mult_biochemical, dmg_mult_stun, sig_mult_cross_section, sig_mult_infrared, sig_mult_electromagnetic, pen_resist_base, pen_resist_physical, pen_resist_energy, pen_resist_distortion, base_em_signature, base_ir_signature, base_cs_signature, cross_section_x, cross_section_y, cross_section_z, em_total_shields, em_total_quantum, ir_total_shields, ir_total_quantum) VALUES ((SELECT id FROM ships WHERE reference = 'DRAK_Clipper'), 3600, 0.75, 0.6, 1, 1, 1, 1, 1, 1.1, 1.1, 1, 1, 1, 0, 21051, 5069, NULL, 4310, 18692, 12136, 21051, 39201, 5069, 4375) ON CONFLICT (ship_id) DO NOTHING;
INSERT INTO ship_fuel (ship_id, hydrogen_capacity, fuel_intake_rate, fuel_usage_main, fuel_usage_retro, fuel_usage_maneuvering, maneuvering_time_till_empty, intake_to_main_ratio, quantum_capacity, quantum_range, quantum_speed, quantum_spool_time, quantum_travel_time_po, quantum_fuel_usage_po, thrust_main, thrust_retro, thrust_maneuvering, power_generation, power_used_shields, power_used_quantum, cooling_generation, cooling_used_shields, cooling_used_quantum, shield_hp_total, shield_regen_total) VALUES ((SELECT id FROM ships WHERE reference = 'DRAK_Clipper'), 15000, 30, 158.28, 61.49, 394.45, 42.19, 0.19, 1700, 168416881316, 138000000, 4, 304, 423, 12662720, 4919226.5, 31555770, 16, 20.2, 16.2, 23, 29.2, 25.2, 5400, 321) ON CONFLICT (ship_id) DO NOTHING;
INSERT INTO ship_insurance (ship_id, expedited_cost, expedited_claim_time, standard_claim_time) VALUES ((SELECT id FROM ships WHERE reference = 'DRAK_Clipper'), 6910, 2.05, 8.17) ON CONFLICT (ship_id) DO NOTHING;
INSERT INTO ship_flight_stats (ship_id, scm_speed, max_speed, boost_speed_forward, boost_speed_backward, pitch, yaw, roll, pitch_boosted, yaw_boosted, roll_boosted, accel_forward, accel_backward, accel_up, accel_down, accel_strafe, accel_forward_g, accel_backward_g, accel_up_g, accel_down_g, accel_strafe_g, boost_mult_forward, boost_mult_backward, boost_mult_up, boost_mult_strafe, boost_capacitor_max, boost_regen_per_sec, boost_regen_time, zero_to_scm, zero_to_max, scm_to_zero, mass_empty, mass_loadout, mass_total) VALUES ((SELECT id FROM ships WHERE reference = 'DRAK_Corsair'), 190, 1025, 390, 205, 26, 20, 44, 31.2, 24, 52.8, 60.89, 24.35, 0, 0, 0, 6.21, 2.48, 0, 0, 0, 1.5, 1.2, 1.3, 1.35, 20, 0.75, 27.6, 3.12, 16.83, 7.8, 380456, 93130, 473586) ON CONFLICT (ship_id) DO NOTHING;
INSERT INTO ship_resistances (ship_id, armor_hp, dmg_mult_physical, dmg_mult_energy, dmg_mult_distortion, dmg_mult_thermal, dmg_mult_biochemical, dmg_mult_stun, sig_mult_cross_section, sig_mult_infrared, sig_mult_electromagnetic, pen_resist_base, pen_resist_physical, pen_resist_energy, pen_resist_distortion, base_em_signature, base_ir_signature, base_cs_signature, cross_section_x, cross_section_y, cross_section_z, em_total_shields, em_total_quantum, ir_total_shields, ir_total_quantum) VALUES ((SELECT id FROM ships WHERE reference = 'DRAK_Corsair'), 14175, 0.75, 0.6, 1, 1, 1, 1, 1, 1, 1, 1, 1, 1, 0, 34592, 7441, NULL, 12794, 3737, 29117, 34592, 59792, 7441, 7118) ON CONFLICT (ship_id) DO NOTHING;
INSERT INTO ship_fuel (ship_id, hydrogen_capacity, fuel_intake_rate, fuel_usage_main, fuel_usage_retro, fuel_usage_maneuvering, maneuvering_time_till_empty, intake_to_main_ratio, quantum_capacity, quantum_range, quantum_speed, quantum_spool_time, quantum_travel_time_po, quantum_fuel_usage_po, thrust_main, thrust_retro, thrust_maneuvering, power_generation, power_used_shields, power_used_quantum, cooling_generation, cooling_used_shields, cooling_used_quantum, shield_hp_total, shield_regen_total) VALUES ((SELECT id FROM ships WHERE reference = 'DRAK_Corsair'), 116000, 54, 289.6, 115.8, 125.43, 329.25, 0.19, 5200, 437673596499, 201000000, 6, 209, 498, 23167662, 9263640, 40138161, 22, 34, 30, 68, 46, 44, 125000, 7838) ON CONFLICT (ship_id) DO NOTHING;
INSERT INTO ship_insurance (ship_id, expedited_cost, expedited_claim_time, standard_claim_time) VALUES ((SELECT id FROM ships WHERE reference = 'DRAK_Corsair'), 6805, 5.67, 17.01) ON CONFLICT (ship_id) DO NOTHING;
INSERT INTO ship_flight_stats (ship_id, scm_speed, max_speed, boost_speed_forward, boost_speed_backward, pitch, yaw, roll, pitch_boosted, yaw_boosted, roll_boosted, accel_forward, accel_backward, accel_up, accel_down, accel_strafe, accel_forward_g, accel_backward_g, accel_up_g, accel_down_g, accel_strafe_g, boost_mult_forward, boost_mult_backward, boost_mult_up, boost_mult_strafe, boost_capacitor_max, boost_regen_per_sec, boost_regen_time, zero_to_scm, zero_to_max, scm_to_zero, mass_empty, mass_loadout, mass_total) VALUES ((SELECT id FROM ships WHERE reference = 'DRAK_Corsair_Exec_Military'), 190, 1025, 390, 205, 26, 20, 44, 31.2, 24, 52.8, 60.89, 24.35, 0, 0, 0, 6.21, 2.48, 0, 0, 0, 1.5, 1.2, 1.3, 1.35, 20, 0.75, 27.6, 3.12, 16.83, 7.8, 380456, 93100, 473556) ON CONFLICT (ship_id) DO NOTHING;
INSERT INTO ship_resistances (ship_id, armor_hp, dmg_mult_physical, dmg_mult_energy, dmg_mult_distortion, dmg_mult_thermal, dmg_mult_biochemical, dmg_mult_stun, sig_mult_cross_section, sig_mult_infrared, sig_mult_electromagnetic, pen_resist_base, pen_resist_physical, pen_resist_energy, pen_resist_distortion, base_em_signature, base_ir_signature, base_cs_signature, cross_section_x, cross_section_y, cross_section_z, em_total_shields, em_total_quantum, ir_total_shields, ir_total_quantum) VALUES ((SELECT id FROM ships WHERE reference = 'DRAK_Corsair_Exec_Military'), 14175, 0.75, 0.6, 1, 1, 1, 1, 1, 1, 1, 1, 1, 1, 0, 38781, 10300, NULL, 12794, 3737, 29117, 38781, 71421, 10300, 9888) ON CONFLICT (ship_id) DO NOTHING;
INSERT INTO ship_fuel (ship_id, hydrogen_capacity, fuel_intake_rate, fuel_usage_main, fuel_usage_retro, fuel_usage_maneuvering, maneuvering_time_till_empty, intake_to_main_ratio, quantum_capacity, quantum_range, quantum_speed, quantum_spool_time, quantum_travel_time_po, quantum_fuel_usage_po, thrust_main, thrust_retro, thrust_maneuvering, power_generation, power_used_shields, power_used_quantum, cooling_generation, cooling_used_shields, cooling_used_quantum, shield_hp_total, shield_regen_total) VALUES ((SELECT id FROM ships WHERE reference = 'DRAK_Corsair_Exec_Military'), 116000, 54, 289.6, 115.8, 125.43, 329.25, 0.19, 5200, 851900393185, 314000000, 6, 134, 256, 23167662, 9263640, 40138161, 24, 37, 32, 100, 50, 48, 132000, 9583) ON CONFLICT (ship_id) DO NOTHING;
INSERT INTO ship_insurance (ship_id, expedited_cost, expedited_claim_time, standard_claim_time) VALUES ((SELECT id FROM ships WHERE reference = 'DRAK_Corsair_Exec_Military'), 6805, 5.67, 17.01) ON CONFLICT (ship_id) DO NOTHING;
INSERT INTO ship_flight_stats (ship_id, scm_speed, max_speed, boost_speed_forward, boost_speed_backward, pitch, yaw, roll, pitch_boosted, yaw_boosted, roll_boosted, accel_forward, accel_backward, accel_up, accel_down, accel_strafe, accel_forward_g, accel_backward_g, accel_up_g, accel_down_g, accel_strafe_g, boost_mult_forward, boost_mult_backward, boost_mult_up, boost_mult_strafe, boost_capacitor_max, boost_regen_per_sec, boost_regen_time, zero_to_scm, zero_to_max, scm_to_zero, mass_empty, mass_loadout, mass_total) VALUES ((SELECT id FROM ships WHERE reference = 'DRAK_Corsair_Exec_StealthIndustrial'), 190, 1025, 390, 205, 26, 20, 44, 31.2, 24, 52.8, 60.89, 24.35, 0, 0, 0, 6.21, 2.48, 0, 0, 0, 1.5, 1.2, 1.3, 1.35, 20, 0.75, 27.6, 3.12, 16.83, 7.8, 380456, 93160, 473616) ON CONFLICT (ship_id) DO NOTHING;
INSERT INTO ship_resistances (ship_id, armor_hp, dmg_mult_physical, dmg_mult_energy, dmg_mult_distortion, dmg_mult_thermal, dmg_mult_biochemical, dmg_mult_stun, sig_mult_cross_section, sig_mult_infrared, sig_mult_electromagnetic, pen_resist_base, pen_resist_physical, pen_resist_energy, pen_resist_distortion, base_em_signature, base_ir_signature, base_cs_signature, cross_section_x, cross_section_y, cross_section_z, em_total_shields, em_total_quantum, ir_total_shields, ir_total_quantum) VALUES ((SELECT id FROM ships WHERE reference = 'DRAK_Corsair_Exec_StealthIndustrial'), 14175, 0.75, 0.6, 1, 1, 1, 1, 1, 1, 1, 1, 1, 1, 0, 24533, 4965, NULL, 12794, 3737, 29117, 24533, 56753, 4965, 4749) ON CONFLICT (ship_id) DO NOTHING;
INSERT INTO ship_fuel (ship_id, hydrogen_capacity, fuel_intake_rate, fuel_usage_main, fuel_usage_retro, fuel_usage_maneuvering, maneuvering_time_till_empty, intake_to_main_ratio, quantum_capacity, quantum_range, quantum_speed, quantum_spool_time, quantum_travel_time_po, quantum_fuel_usage_po, thrust_main, thrust_retro, thrust_maneuvering, power_generation, power_used_shields, power_used_quantum, cooling_generation, cooling_used_shields, cooling_used_quantum, shield_hp_total, shield_regen_total) VALUES ((SELECT id FROM ships WHERE reference = 'DRAK_Corsair_Exec_StealthIndustrial'), 116000, 54, 289.6, 115.8, 125.43, 329.25, 0.19, 5200, 851900393185, 314000000, 6, 134, 256, 23167662, 9263640, 40138161, 22, 33, 28, 68, 46, 44, 90000, 6534) ON CONFLICT (ship_id) DO NOTHING;
INSERT INTO ship_insurance (ship_id, expedited_cost, expedited_claim_time, standard_claim_time) VALUES ((SELECT id FROM ships WHERE reference = 'DRAK_Corsair_Exec_StealthIndustrial'), 6805, 5.67, 17.01) ON CONFLICT (ship_id) DO NOTHING;
INSERT INTO ship_flight_stats (ship_id, scm_speed, max_speed, boost_speed_forward, boost_speed_backward, pitch, yaw, roll, pitch_boosted, yaw_boosted, roll_boosted, accel_forward, accel_backward, accel_up, accel_down, accel_strafe, accel_forward_g, accel_backward_g, accel_up_g, accel_down_g, accel_strafe_g, boost_mult_forward, boost_mult_backward, boost_mult_up, boost_mult_strafe, boost_capacitor_max, boost_regen_per_sec, boost_regen_time, zero_to_scm, zero_to_max, scm_to_zero, mass_empty, mass_loadout, mass_total) VALUES ((SELECT id FROM ships WHERE reference = 'DRAK_Cutlass_Black'), 217, 1150, 465, 230, 39, 35, 110, 46.8, 42, 132, 77.76, 12.06, 0, 0, 0, 7.93, 1.23, 0, 0, 0, 1.5, 1.4, 1.3, 1.35, 2800, 100, 28.7, 2.79, 14.79, 17.99, 242177, 11315, 253492) ON CONFLICT (ship_id) DO NOTHING;
INSERT INTO ship_resistances (ship_id, armor_hp, dmg_mult_physical, dmg_mult_energy, dmg_mult_distortion, dmg_mult_thermal, dmg_mult_biochemical, dmg_mult_stun, sig_mult_cross_section, sig_mult_infrared, sig_mult_electromagnetic, pen_resist_base, pen_resist_physical, pen_resist_energy, pen_resist_distortion, base_em_signature, base_ir_signature, base_cs_signature, cross_section_x, cross_section_y, cross_section_z, em_total_shields, em_total_quantum, ir_total_shields, ir_total_quantum) VALUES ((SELECT id FROM ships WHERE reference = 'DRAK_Cutlass_Black'), 9113, 0.75, 0.6, 1, 1, 1, 1, 1, 1, 1, 1, 1, 1, 0, 18127, 6503, NULL, 8886, 4690, 13713, 18127, 39497, 6503, 6503) ON CONFLICT (ship_id) DO NOTHING;
INSERT INTO ship_fuel (ship_id, hydrogen_capacity, fuel_intake_rate, fuel_usage_main, fuel_usage_retro, fuel_usage_maneuvering, maneuvering_time_till_empty, intake_to_main_ratio, quantum_capacity, quantum_range, quantum_speed, quantum_spool_time, quantum_travel_time_po, quantum_fuel_usage_po, thrust_main, thrust_retro, thrust_maneuvering, power_generation, power_used_shields, power_used_quantum, cooling_generation, cooling_used_shields, cooling_used_quantum, shield_hp_total, shield_regen_total) VALUES ((SELECT id FROM ships WHERE reference = 'DRAK_Cutlass_Black'), 36000, 20, 197.72, 30.66, 874.63, 56.69, 0.1, 1800, 165137614679, 201000000, 6, 209, 457, 18830926, 2920000, 69970000, 18, 28.2, 25.2, 68, 40.2, 40.2, 9000, 564) ON CONFLICT (ship_id) DO NOTHING;
INSERT INTO ship_insurance (ship_id, expedited_cost, expedited_claim_time, standard_claim_time) VALUES ((SELECT id FROM ships WHERE reference = 'DRAK_Cutlass_Black'), 6251, 3.33, 9.99) ON CONFLICT (ship_id) DO NOTHING;
INSERT INTO ship_flight_stats (ship_id, scm_speed, max_speed, boost_speed_forward, boost_speed_backward, pitch, yaw, roll, pitch_boosted, yaw_boosted, roll_boosted, accel_forward, accel_backward, accel_up, accel_down, accel_strafe, accel_forward_g, accel_backward_g, accel_up_g, accel_down_g, accel_strafe_g, boost_mult_forward, boost_mult_backward, boost_mult_up, boost_mult_strafe, boost_capacitor_max, boost_regen_per_sec, boost_regen_time, zero_to_scm, zero_to_max, scm_to_zero, mass_empty, mass_loadout, mass_total) VALUES ((SELECT id FROM ships WHERE reference = 'DRAK_Cutlass_Black_BIS2950'), 217, 1150, 465, 230, 39, 35, 110, 46.8, 42, 132, 77.76, 12.06, 0, 0, 0, 7.93, 1.23, 0, 0, 0, 1.5, 1.4, 1.3, 1.35, 2800, 100, 28.7, 2.79, 14.79, 17.99, 242177, 11315, 253492) ON CONFLICT (ship_id) DO NOTHING;
INSERT INTO ship_resistances (ship_id, armor_hp, dmg_mult_physical, dmg_mult_energy, dmg_mult_distortion, dmg_mult_thermal, dmg_mult_biochemical, dmg_mult_stun, sig_mult_cross_section, sig_mult_infrared, sig_mult_electromagnetic, pen_resist_base, pen_resist_physical, pen_resist_energy, pen_resist_distortion, base_em_signature, base_ir_signature, base_cs_signature, cross_section_x, cross_section_y, cross_section_z, em_total_shields, em_total_quantum, ir_total_shields, ir_total_quantum) VALUES ((SELECT id FROM ships WHERE reference = 'DRAK_Cutlass_Black_BIS2950'), 9113, 0.75, 0.6, 1, 1, 1, 1, 1, 1, 1, 1, 1, 1, 0, 18127, 6503, NULL, 8886, 4690, 13713, 18127, 39497, 6503, 6503) ON CONFLICT (ship_id) DO NOTHING;
INSERT INTO ship_fuel (ship_id, hydrogen_capacity, fuel_intake_rate, fuel_usage_main, fuel_usage_retro, fuel_usage_maneuvering, maneuvering_time_till_empty, intake_to_main_ratio, quantum_capacity, quantum_range, quantum_speed, quantum_spool_time, quantum_travel_time_po, quantum_fuel_usage_po, thrust_main, thrust_retro, thrust_maneuvering, power_generation, power_used_shields, power_used_quantum, cooling_generation, cooling_used_shields, cooling_used_quantum, shield_hp_total, shield_regen_total) VALUES ((SELECT id FROM ships WHERE reference = 'DRAK_Cutlass_Black_BIS2950'), 36000, 20, 197.72, 30.66, 874.63, 56.69, 0.1, 1800, 165137614679, 201000000, 6, 209, 457, 18830926, 2920000, 69970000, 18, 28.2, 25.2, 68, 40.2, 40.2, 9000, 564) ON CONFLICT (ship_id) DO NOTHING;
INSERT INTO ship_insurance (ship_id, expedited_cost, expedited_claim_time, standard_claim_time) VALUES ((SELECT id FROM ships WHERE reference = 'DRAK_Cutlass_Black_BIS2950'), 6251, 3.33, 9.99) ON CONFLICT (ship_id) DO NOTHING;
INSERT INTO ship_flight_stats (ship_id, scm_speed, max_speed, boost_speed_forward, boost_speed_backward, pitch, yaw, roll, pitch_boosted, yaw_boosted, roll_boosted, accel_forward, accel_backward, accel_up, accel_down, accel_strafe, accel_forward_g, accel_backward_g, accel_up_g, accel_down_g, accel_strafe_g, boost_mult_forward, boost_mult_backward, boost_mult_up, boost_mult_strafe, boost_capacitor_max, boost_regen_per_sec, boost_regen_time, zero_to_scm, zero_to_max, scm_to_zero, mass_empty, mass_loadout, mass_total) VALUES ((SELECT id FROM ships WHERE reference = 'DRAK_Cutlass_Black_Exec_Military'), 217, 1150, 465, 230, 39, 35, 110, 46.8, 42, 132, 77.76, 12.06, 0, 0, 0, 7.93, 1.23, 0, 0, 0, 1.5, 1.4, 1.3, 1.35, 2800, 100, 28.7, 2.79, 14.79, 17.99, 242177, 11695, 253872) ON CONFLICT (ship_id) DO NOTHING;
INSERT INTO ship_resistances (ship_id, armor_hp, dmg_mult_physical, dmg_mult_energy, dmg_mult_distortion, dmg_mult_thermal, dmg_mult_biochemical, dmg_mult_stun, sig_mult_cross_section, sig_mult_infrared, sig_mult_electromagnetic, pen_resist_base, pen_resist_physical, pen_resist_energy, pen_resist_distortion, base_em_signature, base_ir_signature, base_cs_signature, cross_section_x, cross_section_y, cross_section_z, em_total_shields, em_total_quantum, ir_total_shields, ir_total_quantum) VALUES ((SELECT id FROM ships WHERE reference = 'DRAK_Cutlass_Black_Exec_Military'), 9113, 0.75, 0.6, 1, 1, 1, 1, 1, 1, 1, 1, 1, 1, 0, 22643, 9270, NULL, 8886, 4690, 13713, 22643, 55693, 9270, 9270) ON CONFLICT (ship_id) DO NOTHING;
INSERT INTO ship_fuel (ship_id, hydrogen_capacity, fuel_intake_rate, fuel_usage_main, fuel_usage_retro, fuel_usage_maneuvering, maneuvering_time_till_empty, intake_to_main_ratio, quantum_capacity, quantum_range, quantum_speed, quantum_spool_time, quantum_travel_time_po, quantum_fuel_usage_po, thrust_main, thrust_retro, thrust_maneuvering, power_generation, power_used_shields, power_used_quantum, cooling_generation, cooling_used_shields, cooling_used_quantum, shield_hp_total, shield_regen_total) VALUES ((SELECT id FROM ships WHERE reference = 'DRAK_Cutlass_Black_Exec_Military'), 36000, 20, 197.72, 30.66, 874.63, 56.69, 0.1, 1800, 294888597641, 314000000, 6, 134, 256, 18830926, 2920000, 69970000, 20, 32, 28, 100, 45, 45, 13200, 958) ON CONFLICT (ship_id) DO NOTHING;
INSERT INTO ship_insurance (ship_id, expedited_cost, expedited_claim_time, standard_claim_time) VALUES ((SELECT id FROM ships WHERE reference = 'DRAK_Cutlass_Black_Exec_Military'), 6251, 3.33, 9.99) ON CONFLICT (ship_id) DO NOTHING;
INSERT INTO ship_flight_stats (ship_id, scm_speed, max_speed, boost_speed_forward, boost_speed_backward, pitch, yaw, roll, pitch_boosted, yaw_boosted, roll_boosted, accel_forward, accel_backward, accel_up, accel_down, accel_strafe, accel_forward_g, accel_backward_g, accel_up_g, accel_down_g, accel_strafe_g, boost_mult_forward, boost_mult_backward, boost_mult_up, boost_mult_strafe, boost_capacitor_max, boost_regen_per_sec, boost_regen_time, zero_to_scm, zero_to_max, scm_to_zero, mass_empty, mass_loadout, mass_total) VALUES ((SELECT id FROM ships WHERE reference = 'DRAK_Cutlass_Black_Exec_Stealth'), 217, 1150, 465, 230, 39, 35, 110, 46.8, 42, 132, 77.76, 12.06, 0, 0, 0, 7.93, 1.23, 0, 0, 0, 1.5, 1.4, 1.3, 1.35, 2800, 100, 28.7, 2.79, 14.79, 17.99, 242177, 10405, 252582) ON CONFLICT (ship_id) DO NOTHING;
INSERT INTO ship_resistances (ship_id, armor_hp, dmg_mult_physical, dmg_mult_energy, dmg_mult_distortion, dmg_mult_thermal, dmg_mult_biochemical, dmg_mult_stun, sig_mult_cross_section, sig_mult_infrared, sig_mult_electromagnetic, pen_resist_base, pen_resist_physical, pen_resist_energy, pen_resist_distortion, base_em_signature, base_ir_signature, base_cs_signature, cross_section_x, cross_section_y, cross_section_z, em_total_shields, em_total_quantum, ir_total_shields, ir_total_quantum) VALUES ((SELECT id FROM ships WHERE reference = 'DRAK_Cutlass_Black_Exec_Stealth'), 9113, 0.75, 0.6, 1, 1, 1, 1, 1, 1, 1, 1, 1, 1, 0, 11945, 3994, NULL, 8886, 4690, 13713, 11945, 33945, 3994, 4210) ON CONFLICT (ship_id) DO NOTHING;
INSERT INTO ship_fuel (ship_id, hydrogen_capacity, fuel_intake_rate, fuel_usage_main, fuel_usage_retro, fuel_usage_maneuvering, maneuvering_time_till_empty, intake_to_main_ratio, quantum_capacity, quantum_range, quantum_speed, quantum_spool_time, quantum_travel_time_po, quantum_fuel_usage_po, thrust_main, thrust_retro, thrust_maneuvering, power_generation, power_used_shields, power_used_quantum, cooling_generation, cooling_used_shields, cooling_used_quantum, shield_hp_total, shield_regen_total) VALUES ((SELECT id FROM ships WHERE reference = 'DRAK_Cutlass_Black_Exec_Stealth'), 36000, 20, 197.72, 30.66, 874.63, 56.69, 0.1, 1800, 165137614679, 201000000, 6, 209, 457, 18830926, 2920000, 69970000, 18, 26, 24, 68, 37, 39, 9350, 679) ON CONFLICT (ship_id) DO NOTHING;
INSERT INTO ship_insurance (ship_id, expedited_cost, expedited_claim_time, standard_claim_time) VALUES ((SELECT id FROM ships WHERE reference = 'DRAK_Cutlass_Black_Exec_Stealth'), 6251, 3.33, 9.99) ON CONFLICT (ship_id) DO NOTHING;
INSERT INTO ship_flight_stats (ship_id, scm_speed, max_speed, boost_speed_forward, boost_speed_backward, pitch, yaw, roll, pitch_boosted, yaw_boosted, roll_boosted, accel_forward, accel_backward, accel_up, accel_down, accel_strafe, accel_forward_g, accel_backward_g, accel_up_g, accel_down_g, accel_strafe_g, boost_mult_forward, boost_mult_backward, boost_mult_up, boost_mult_strafe, boost_capacitor_max, boost_regen_per_sec, boost_regen_time, zero_to_scm, zero_to_max, scm_to_zero, mass_empty, mass_loadout, mass_total) VALUES ((SELECT id FROM ships WHERE reference = 'DRAK_Cutlass_Blue'), 220, 1165, 467, 230, 38, 34, 110, 45.6, 40.8, 132, 76.47, 9.99, 0, 0, 0, 7.8, 1.02, 0, 0, 0, 1.5, 1.4, 1.3, 1.35, 2800, 100, 28.7, 2.88, 15.23, 22.02, 222300, 13347, 235647) ON CONFLICT (ship_id) DO NOTHING;
INSERT INTO ship_resistances (ship_id, armor_hp, dmg_mult_physical, dmg_mult_energy, dmg_mult_distortion, dmg_mult_thermal, dmg_mult_biochemical, dmg_mult_stun, sig_mult_cross_section, sig_mult_infrared, sig_mult_electromagnetic, pen_resist_base, pen_resist_physical, pen_resist_energy, pen_resist_distortion, base_em_signature, base_ir_signature, base_cs_signature, cross_section_x, cross_section_y, cross_section_z, em_total_shields, em_total_quantum, ir_total_shields, ir_total_quantum) VALUES ((SELECT id FROM ships WHERE reference = 'DRAK_Cutlass_Blue'), 6075, 0.75, 0.6, 1, 1, 1, 1, 1, 1, 1, 1, 1, 1, 0, 22895, 7069, NULL, 10158, 5361, 15676, 22895, 55615, 7069, 7069) ON CONFLICT (ship_id) DO NOTHING;
INSERT INTO ship_fuel (ship_id, hydrogen_capacity, fuel_intake_rate, fuel_usage_main, fuel_usage_retro, fuel_usage_maneuvering, maneuvering_time_till_empty, intake_to_main_ratio, quantum_capacity, quantum_range, quantum_speed, quantum_spool_time, quantum_travel_time_po, quantum_fuel_usage_po, thrust_main, thrust_retro, thrust_maneuvering, power_generation, power_used_shields, power_used_quantum, cooling_generation, cooling_used_shields, cooling_used_quantum, shield_hp_total, shield_regen_total) VALUES ((SELECT id FROM ships WHERE reference = 'DRAK_Cutlass_Blue'), 36000, 20, 178.5, 23.31, 811.17, 61.63, 0.11, 1800, 275229357798, 262000000, 6, 160, 274, 17000000, 2220000, 64894000, 20, 29.7, 25.7, 68, 43.7, 43.7, 9000, 564) ON CONFLICT (ship_id) DO NOTHING;
INSERT INTO ship_insurance (ship_id, expedited_cost, expedited_claim_time, standard_claim_time) VALUES ((SELECT id FROM ships WHERE reference = 'DRAK_Cutlass_Blue'), 6643, 3.33, 9.99) ON CONFLICT (ship_id) DO NOTHING;
INSERT INTO ship_flight_stats (ship_id, scm_speed, max_speed, boost_speed_forward, boost_speed_backward, pitch, yaw, roll, pitch_boosted, yaw_boosted, roll_boosted, accel_forward, accel_backward, accel_up, accel_down, accel_strafe, accel_forward_g, accel_backward_g, accel_up_g, accel_down_g, accel_strafe_g, boost_mult_forward, boost_mult_backward, boost_mult_up, boost_mult_strafe, boost_capacitor_max, boost_regen_per_sec, boost_regen_time, zero_to_scm, zero_to_max, scm_to_zero, mass_empty, mass_loadout, mass_total) VALUES ((SELECT id FROM ships WHERE reference = 'DRAK_Cutlass_Blue_BIS2950'), 220, 1165, 467, 230, 38, 34, 110, 45.6, 40.8, 132, 76.47, 9.99, 0, 0, 0, 7.8, 1.02, 0, 0, 0, 1.5, 1.4, 1.3, 1.35, 2800, 100, 28.7, 2.88, 15.23, 22.02, 222300, 13347, 235647) ON CONFLICT (ship_id) DO NOTHING;
INSERT INTO ship_resistances (ship_id, armor_hp, dmg_mult_physical, dmg_mult_energy, dmg_mult_distortion, dmg_mult_thermal, dmg_mult_biochemical, dmg_mult_stun, sig_mult_cross_section, sig_mult_infrared, sig_mult_electromagnetic, pen_resist_base, pen_resist_physical, pen_resist_energy, pen_resist_distortion, base_em_signature, base_ir_signature, base_cs_signature, cross_section_x, cross_section_y, cross_section_z, em_total_shields, em_total_quantum, ir_total_shields, ir_total_quantum) VALUES ((SELECT id FROM ships WHERE reference = 'DRAK_Cutlass_Blue_BIS2950'), 6075, 0.75, 0.6, 1, 1, 1, 1, 1, 1, 1, 1, 1, 1, 0, 22895, 7069, NULL, 10158, 5361, 15676, 22895, 55615, 7069, 7069) ON CONFLICT (ship_id) DO NOTHING;
INSERT INTO ship_fuel (ship_id, hydrogen_capacity, fuel_intake_rate, fuel_usage_main, fuel_usage_retro, fuel_usage_maneuvering, maneuvering_time_till_empty, intake_to_main_ratio, quantum_capacity, quantum_range, quantum_speed, quantum_spool_time, quantum_travel_time_po, quantum_fuel_usage_po, thrust_main, thrust_retro, thrust_maneuvering, power_generation, power_used_shields, power_used_quantum, cooling_generation, cooling_used_shields, cooling_used_quantum, shield_hp_total, shield_regen_total) VALUES ((SELECT id FROM ships WHERE reference = 'DRAK_Cutlass_Blue_BIS2950'), 36000, 20, 178.5, 23.31, 811.17, 61.63, 0.11, 1800, 275229357798, 262000000, 6, 160, 274, 17000000, 2220000, 64894000, 20, 29.7, 25.7, 68, 43.7, 43.7, 9000, 564) ON CONFLICT (ship_id) DO NOTHING;
INSERT INTO ship_insurance (ship_id, expedited_cost, expedited_claim_time, standard_claim_time) VALUES ((SELECT id FROM ships WHERE reference = 'DRAK_Cutlass_Blue_BIS2950'), 6643, 3.33, 9.99) ON CONFLICT (ship_id) DO NOTHING;
INSERT INTO ship_flight_stats (ship_id, scm_speed, max_speed, boost_speed_forward, boost_speed_backward, pitch, yaw, roll, pitch_boosted, yaw_boosted, roll_boosted, accel_forward, accel_backward, accel_up, accel_down, accel_strafe, accel_forward_g, accel_backward_g, accel_up_g, accel_down_g, accel_strafe_g, boost_mult_forward, boost_mult_backward, boost_mult_up, boost_mult_strafe, boost_capacitor_max, boost_regen_per_sec, boost_regen_time, zero_to_scm, zero_to_max, scm_to_zero, mass_empty, mass_loadout, mass_total) VALUES ((SELECT id FROM ships WHERE reference = 'DRAK_Cutlass_Red'), 212, 1125, 460, 230, 37, 32, 107, 44.4, 38.4, 128.4, 74.94, 9.54, 0, 0, 0, 7.64, 0.97, 0, 0, 0, 1.5, 1.4, 1.3, 1.35, 2800, 100, 28.7, 2.83, 15.01, 22.22, 222300, 11019, 233319) ON CONFLICT (ship_id) DO NOTHING;
INSERT INTO ship_resistances (ship_id, armor_hp, dmg_mult_physical, dmg_mult_energy, dmg_mult_distortion, dmg_mult_thermal, dmg_mult_biochemical, dmg_mult_stun, sig_mult_cross_section, sig_mult_infrared, sig_mult_electromagnetic, pen_resist_base, pen_resist_physical, pen_resist_energy, pen_resist_distortion, base_em_signature, base_ir_signature, base_cs_signature, cross_section_x, cross_section_y, cross_section_z, em_total_shields, em_total_quantum, ir_total_shields, ir_total_quantum) VALUES ((SELECT id FROM ships WHERE reference = 'DRAK_Cutlass_Red'), 6075, 0.75, 0.6, 1, 1, 1, 1, 1, 1, 1, 1, 1, 1, 0, 22808, 8115, NULL, 8334, 4398, 12861, 22808, 55528, 8115, 8115) ON CONFLICT (ship_id) DO NOTHING;
INSERT INTO ship_fuel (ship_id, hydrogen_capacity, fuel_intake_rate, fuel_usage_main, fuel_usage_retro, fuel_usage_maneuvering, maneuvering_time_till_empty, intake_to_main_ratio, quantum_capacity, quantum_range, quantum_speed, quantum_spool_time, quantum_travel_time_po, quantum_fuel_usage_po, thrust_main, thrust_retro, thrust_maneuvering, power_generation, power_used_shields, power_used_quantum, cooling_generation, cooling_used_shields, cooling_used_quantum, shield_hp_total, shield_regen_total) VALUES ((SELECT id FROM ships WHERE reference = 'DRAK_Cutlass_Red'), 36000, 20, 174.93, 22.26, 805.41, 62.32, 0.11, 1800, 275229357798, 262000000, 6, 160, 274, 16660000, 2120000, 64433000, 19, 27.2, 23.2, 82, 38.2, 38.2, 9000, 564) ON CONFLICT (ship_id) DO NOTHING;
INSERT INTO ship_insurance (ship_id, expedited_cost, expedited_claim_time, standard_claim_time) VALUES ((SELECT id FROM ships WHERE reference = 'DRAK_Cutlass_Red'), 6310, 5, 14.99) ON CONFLICT (ship_id) DO NOTHING;
INSERT INTO ship_flight_stats (ship_id, scm_speed, max_speed, boost_speed_forward, boost_speed_backward, pitch, yaw, roll, pitch_boosted, yaw_boosted, roll_boosted, accel_forward, accel_backward, accel_up, accel_down, accel_strafe, accel_forward_g, accel_backward_g, accel_up_g, accel_down_g, accel_strafe_g, boost_mult_forward, boost_mult_backward, boost_mult_up, boost_mult_strafe, boost_capacitor_max, boost_regen_per_sec, boost_regen_time, zero_to_scm, zero_to_max, scm_to_zero, mass_empty, mass_loadout, mass_total) VALUES ((SELECT id FROM ships WHERE reference = 'DRAK_Cutlass_Red_BIS2950'), 212, 1125, 460, 230, 37, 32, 107, 44.4, 38.4, 128.4, 74.94, 9.54, 0, 0, 0, 7.64, 0.97, 0, 0, 0, 1.5, 1.4, 1.3, 1.35, 2800, 100, 28.7, 2.83, 15.01, 22.22, 222300, 11019, 233319) ON CONFLICT (ship_id) DO NOTHING;
INSERT INTO ship_resistances (ship_id, armor_hp, dmg_mult_physical, dmg_mult_energy, dmg_mult_distortion, dmg_mult_thermal, dmg_mult_biochemical, dmg_mult_stun, sig_mult_cross_section, sig_mult_infrared, sig_mult_electromagnetic, pen_resist_base, pen_resist_physical, pen_resist_energy, pen_resist_distortion, base_em_signature, base_ir_signature, base_cs_signature, cross_section_x, cross_section_y, cross_section_z, em_total_shields, em_total_quantum, ir_total_shields, ir_total_quantum) VALUES ((SELECT id FROM ships WHERE reference = 'DRAK_Cutlass_Red_BIS2950'), 6075, 0.75, 0.6, 1, 1, 1, 1, 1, 1, 1, 1, 1, 1, 0, 22808, 8115, NULL, 8334, 4398, 12861, 22808, 55528, 8115, 8115) ON CONFLICT (ship_id) DO NOTHING;
INSERT INTO ship_fuel (ship_id, hydrogen_capacity, fuel_intake_rate, fuel_usage_main, fuel_usage_retro, fuel_usage_maneuvering, maneuvering_time_till_empty, intake_to_main_ratio, quantum_capacity, quantum_range, quantum_speed, quantum_spool_time, quantum_travel_time_po, quantum_fuel_usage_po, thrust_main, thrust_retro, thrust_maneuvering, power_generation, power_used_shields, power_used_quantum, cooling_generation, cooling_used_shields, cooling_used_quantum, shield_hp_total, shield_regen_total) VALUES ((SELECT id FROM ships WHERE reference = 'DRAK_Cutlass_Red_BIS2950'), 36000, 20, 174.93, 22.26, 805.41, 62.32, 0.11, 1800, 275229357798, 262000000, 6, 160, 274, 16660000, 2120000, 64433000, 19, 27.2, 23.2, 82, 38.2, 38.2, 9000, 564) ON CONFLICT (ship_id) DO NOTHING;
INSERT INTO ship_insurance (ship_id, expedited_cost, expedited_claim_time, standard_claim_time) VALUES ((SELECT id FROM ships WHERE reference = 'DRAK_Cutlass_Red_BIS2950'), 6310, 5, 14.99) ON CONFLICT (ship_id) DO NOTHING;
INSERT INTO ship_flight_stats (ship_id, scm_speed, max_speed, boost_speed_forward, boost_speed_backward, pitch, yaw, roll, pitch_boosted, yaw_boosted, roll_boosted, accel_forward, accel_backward, accel_up, accel_down, accel_strafe, accel_forward_g, accel_backward_g, accel_up_g, accel_down_g, accel_strafe_g, boost_mult_forward, boost_mult_backward, boost_mult_up, boost_mult_strafe, boost_capacitor_max, boost_regen_per_sec, boost_regen_time, zero_to_scm, zero_to_max, scm_to_zero, mass_empty, mass_loadout, mass_total) VALUES ((SELECT id FROM ships WHERE reference = 'DRAK_Cutlass_Steel'), 200, 1100, 420, 240, 35, 30, 100, 42, 36, 120, 76.96, 8.73, 0, 0, 0, 7.85, 0.89, 0, 0, 0, 1.5, 1.4, 1.3, 1.2, 20, 0.75, 27.6, 2.6, 14.29, 22.91, 242177, 26339, 268516) ON CONFLICT (ship_id) DO NOTHING;
INSERT INTO ship_resistances (ship_id, armor_hp, dmg_mult_physical, dmg_mult_energy, dmg_mult_distortion, dmg_mult_thermal, dmg_mult_biochemical, dmg_mult_stun, sig_mult_cross_section, sig_mult_infrared, sig_mult_electromagnetic, pen_resist_base, pen_resist_physical, pen_resist_energy, pen_resist_distortion, base_em_signature, base_ir_signature, base_cs_signature, cross_section_x, cross_section_y, cross_section_z, em_total_shields, em_total_quantum, ir_total_shields, ir_total_quantum) VALUES ((SELECT id FROM ships WHERE reference = 'DRAK_Cutlass_Steel'), 13669, 0.7, 0.5, 1, 1, 1, 1, 1, 1, 1, 1, 1, 1, 0, 26504, 9419, NULL, 9320, 4919, 14383, 26504, 51154, 9419, 9419) ON CONFLICT (ship_id) DO NOTHING;
INSERT INTO ship_fuel (ship_id, hydrogen_capacity, fuel_intake_rate, fuel_usage_main, fuel_usage_retro, fuel_usage_maneuvering, maneuvering_time_till_empty, intake_to_main_ratio, quantum_capacity, quantum_range, quantum_speed, quantum_spool_time, quantum_travel_time_po, quantum_fuel_usage_po, thrust_main, thrust_retro, thrust_maneuvering, power_generation, power_used_shields, power_used_quantum, cooling_generation, cooling_used_shields, cooling_used_quantum, shield_hp_total, shield_regen_total) VALUES ((SELECT id FROM ships WHERE reference = 'DRAK_Cutlass_Steel'), 36000, 20, 195.71, 22.21, 629.03, 70.56, 0.1, 1800, 86914534042, 231000000, 6, 182, 868, 18638648, 2115366, 50322622, 20, 32.9, 28.9, 92, 45.9, 45.9, 13200, 828) ON CONFLICT (ship_id) DO NOTHING;
INSERT INTO ship_insurance (ship_id, expedited_cost, expedited_claim_time, standard_claim_time) VALUES ((SELECT id FROM ships WHERE reference = 'DRAK_Cutlass_Steel'), 7051, 4, 11.99) ON CONFLICT (ship_id) DO NOTHING;
INSERT INTO ship_flight_stats (ship_id, scm_speed, max_speed, boost_speed_forward, boost_speed_backward, pitch, yaw, roll, pitch_boosted, yaw_boosted, roll_boosted, accel_forward, accel_backward, accel_up, accel_down, accel_strafe, accel_forward_g, accel_backward_g, accel_up_g, accel_down_g, accel_strafe_g, boost_mult_forward, boost_mult_backward, boost_mult_up, boost_mult_strafe, boost_capacitor_max, boost_regen_per_sec, boost_regen_time, zero_to_scm, zero_to_max, scm_to_zero, mass_empty, mass_loadout, mass_total) VALUES ((SELECT id FROM ships WHERE reference = 'DRAK_Cutter'), 180, 1010, 380, 160, 36, 36, 100, 43.2, 43.2, 120, 12.81, 34.28, 78.36, 0, 0, 1.31, 3.5, 7.99, 0, 0, 1.4, 1.35, 1.3, 1.3, 20, 0.75, 26.9, 14.05, 78.84, 5.25, 81677, 8202, 89879) ON CONFLICT (ship_id) DO NOTHING;
INSERT INTO ship_resistances (ship_id, armor_hp, dmg_mult_physical, dmg_mult_energy, dmg_mult_distortion, dmg_mult_thermal, dmg_mult_biochemical, dmg_mult_stun, sig_mult_cross_section, sig_mult_infrared, sig_mult_electromagnetic, pen_resist_base, pen_resist_physical, pen_resist_energy, pen_resist_distortion, base_em_signature, base_ir_signature, base_cs_signature, cross_section_x, cross_section_y, cross_section_z, em_total_shields, em_total_quantum, ir_total_shields, ir_total_quantum) VALUES ((SELECT id FROM ships WHERE reference = 'DRAK_Cutter'), 2475, 0.7, 0.5, 1, 1, 1, 1, 1, 1, 1, 1, 1, 1, 0, 10294, 3662, NULL, 4460, 3777, 5983, 10294, 31144, 3662, 3662) ON CONFLICT (ship_id) DO NOTHING;
INSERT INTO ship_fuel (ship_id, hydrogen_capacity, fuel_intake_rate, fuel_usage_main, fuel_usage_retro, fuel_usage_maneuvering, maneuvering_time_till_empty, intake_to_main_ratio, quantum_capacity, quantum_range, quantum_speed, quantum_spool_time, quantum_travel_time_po, quantum_fuel_usage_po, thrust_main, thrust_retro, thrust_maneuvering, power_generation, power_used_shields, power_used_quantum, cooling_generation, cooling_used_shields, cooling_used_quantum, shield_hp_total, shield_regen_total) VALUES ((SELECT id FROM ships WHERE reference = 'DRAK_Cutter'), 12000, 15, 13.08, 35, 242.6, 89.3, 1.15, 1100, 187074829932, 168000000, 4, 250, 247, 1046000, 2800000, 19408000, 14, 15.2, 13.2, 23, 23.2, 23.2, 2700, 178) ON CONFLICT (ship_id) DO NOTHING;
INSERT INTO ship_insurance (ship_id, expedited_cost, expedited_claim_time, standard_claim_time) VALUES ((SELECT id FROM ships WHERE reference = 'DRAK_Cutter'), 2280, 1.12, 3.37) ON CONFLICT (ship_id) DO NOTHING;
INSERT INTO ship_flight_stats (ship_id, scm_speed, max_speed, boost_speed_forward, boost_speed_backward, pitch, yaw, roll, pitch_boosted, yaw_boosted, roll_boosted, accel_forward, accel_backward, accel_up, accel_down, accel_strafe, accel_forward_g, accel_backward_g, accel_up_g, accel_down_g, accel_strafe_g, boost_mult_forward, boost_mult_backward, boost_mult_up, boost_mult_strafe, boost_capacitor_max, boost_regen_per_sec, boost_regen_time, zero_to_scm, zero_to_max, scm_to_zero, mass_empty, mass_loadout, mass_total) VALUES ((SELECT id FROM ships WHERE reference = 'DRAK_Cutter_Rambler'), 180, 1010, 380, 160, 36, 36, 100, 43.2, 43.2, 120, 12.81, 34.28, 78.36, 0, 0, 1.31, 3.5, 7.99, 0, 0, 1.4, 1.35, 1.3, 1.3, 20, 0.75, 26.9, 14.05, 78.84, 5.25, 81677, 8206, 89883) ON CONFLICT (ship_id) DO NOTHING;
INSERT INTO ship_resistances (ship_id, armor_hp, dmg_mult_physical, dmg_mult_energy, dmg_mult_distortion, dmg_mult_thermal, dmg_mult_biochemical, dmg_mult_stun, sig_mult_cross_section, sig_mult_infrared, sig_mult_electromagnetic, pen_resist_base, pen_resist_physical, pen_resist_energy, pen_resist_distortion, base_em_signature, base_ir_signature, base_cs_signature, cross_section_x, cross_section_y, cross_section_z, em_total_shields, em_total_quantum, ir_total_shields, ir_total_quantum) VALUES ((SELECT id FROM ships WHERE reference = 'DRAK_Cutter_Rambler'), 2475, 0.7, 0.5, 1, 1, 1, 1, 1, 1, 1, 1, 1, 1, 0, 10294, 3662, NULL, 4460, 3777, 5983, 10294, 31144, 3662, 3662) ON CONFLICT (ship_id) DO NOTHING;
INSERT INTO ship_fuel (ship_id, hydrogen_capacity, fuel_intake_rate, fuel_usage_main, fuel_usage_retro, fuel_usage_maneuvering, maneuvering_time_till_empty, intake_to_main_ratio, quantum_capacity, quantum_range, quantum_speed, quantum_spool_time, quantum_travel_time_po, quantum_fuel_usage_po, thrust_main, thrust_retro, thrust_maneuvering, power_generation, power_used_shields, power_used_quantum, cooling_generation, cooling_used_shields, cooling_used_quantum, shield_hp_total, shield_regen_total) VALUES ((SELECT id FROM ships WHERE reference = 'DRAK_Cutter_Rambler'), 12000, 15, 13.08, 35, 242.6, 89.3, 1.15, 1100, 187074829932, 168000000, 4, 250, 247, 1046000, 2800000, 19408000, 14, 15.2, 13.2, 23, 23.2, 23.2, 2700, 178) ON CONFLICT (ship_id) DO NOTHING;
INSERT INTO ship_insurance (ship_id, expedited_cost, expedited_claim_time, standard_claim_time) VALUES ((SELECT id FROM ships WHERE reference = 'DRAK_Cutter_Rambler'), 480, 0, 1.25) ON CONFLICT (ship_id) DO NOTHING;
INSERT INTO ship_flight_stats (ship_id, scm_speed, max_speed, boost_speed_forward, boost_speed_backward, pitch, yaw, roll, pitch_boosted, yaw_boosted, roll_boosted, accel_forward, accel_backward, accel_up, accel_down, accel_strafe, accel_forward_g, accel_backward_g, accel_up_g, accel_down_g, accel_strafe_g, boost_mult_forward, boost_mult_backward, boost_mult_up, boost_mult_strafe, boost_capacitor_max, boost_regen_per_sec, boost_regen_time, zero_to_scm, zero_to_max, scm_to_zero, mass_empty, mass_loadout, mass_total) VALUES ((SELECT id FROM ships WHERE reference = 'DRAK_Cutter_Scout'), 180, 1010, 380, 160, 36, 36, 100, 43.2, 43.2, 120, 11.93, 31.94, 74.14, 0, 0, 1.22, 3.26, 7.56, 0, 0, 1.4, 1.35, 1.3, 1.3, 20, 0.75, 26.9, 15.09, 84.66, 5.64, 87677, 9757, 97434) ON CONFLICT (ship_id) DO NOTHING;
INSERT INTO ship_resistances (ship_id, armor_hp, dmg_mult_physical, dmg_mult_energy, dmg_mult_distortion, dmg_mult_thermal, dmg_mult_biochemical, dmg_mult_stun, sig_mult_cross_section, sig_mult_infrared, sig_mult_electromagnetic, pen_resist_base, pen_resist_physical, pen_resist_energy, pen_resist_distortion, base_em_signature, base_ir_signature, base_cs_signature, cross_section_x, cross_section_y, cross_section_z, em_total_shields, em_total_quantum, ir_total_shields, ir_total_quantum) VALUES ((SELECT id FROM ships WHERE reference = 'DRAK_Cutter_Scout'), 2475, 0.7, 0.5, 1, 1, 1, 1, 1, 1, 1, 1, 1, 1, 0, 15653, 5692, NULL, 4460, 3777, 5983, 15653, 36503, 5692, 5692) ON CONFLICT (ship_id) DO NOTHING;
INSERT INTO ship_fuel (ship_id, hydrogen_capacity, fuel_intake_rate, fuel_usage_main, fuel_usage_retro, fuel_usage_maneuvering, maneuvering_time_till_empty, intake_to_main_ratio, quantum_capacity, quantum_range, quantum_speed, quantum_spool_time, quantum_travel_time_po, quantum_fuel_usage_po, thrust_main, thrust_retro, thrust_maneuvering, power_generation, power_used_shields, power_used_quantum, cooling_generation, cooling_used_shields, cooling_used_quantum, shield_hp_total, shield_regen_total) VALUES ((SELECT id FROM ships WHERE reference = 'DRAK_Cutter_Scout'), 12000, 15, 13.08, 35, 242.6, 89.3, 1.15, 1100, 187074829932, 168000000, 4, 250, 247, 1046000, 2800000, 19408000, 20, 19.2, 17.2, 41, 27.2, 27.2, 2700, 178) ON CONFLICT (ship_id) DO NOTHING;
INSERT INTO ship_insurance (ship_id, expedited_cost, expedited_claim_time, standard_claim_time) VALUES ((SELECT id FROM ships WHERE reference = 'DRAK_Cutter_Scout'), 2622, 1.28, 3.87) ON CONFLICT (ship_id) DO NOTHING;
INSERT INTO ship_flight_stats (ship_id, scm_speed, max_speed, boost_speed_forward, boost_speed_backward, pitch, yaw, roll, pitch_boosted, yaw_boosted, roll_boosted, accel_forward, accel_backward, accel_up, accel_down, accel_strafe, accel_forward_g, accel_backward_g, accel_up_g, accel_down_g, accel_strafe_g, boost_mult_forward, boost_mult_backward, boost_mult_up, boost_mult_strafe, boost_capacitor_max, boost_regen_per_sec, boost_regen_time, zero_to_scm, zero_to_max, scm_to_zero, mass_empty, mass_loadout, mass_total) VALUES ((SELECT id FROM ships WHERE reference = 'DRAK_Dragonfly'), 190, 523, 270, 120, 70, 70, 130, 84, 84, 156, 14.38, 24.11, 0, 0, 0, 1.47, 2.46, 0, 0, 0, 1.35, 1.35, 1.2, 1.3, 20, 1.25, 19.5, 13.21, 36.37, 7.88, 5600, 743, 6343) ON CONFLICT (ship_id) DO NOTHING;
INSERT INTO ship_resistances (ship_id, armor_hp, dmg_mult_physical, dmg_mult_energy, dmg_mult_distortion, dmg_mult_thermal, dmg_mult_biochemical, dmg_mult_stun, sig_mult_cross_section, sig_mult_infrared, sig_mult_electromagnetic, pen_resist_base, pen_resist_physical, pen_resist_energy, pen_resist_distortion, base_em_signature, base_ir_signature, base_cs_signature, cross_section_x, cross_section_y, cross_section_z, em_total_shields, em_total_quantum, ir_total_shields, ir_total_quantum) VALUES ((SELECT id FROM ships WHERE reference = 'DRAK_Dragonfly'), 1463, 0.75, 0.6, 1, 1, 1, 1, 1, 0.27, 0.4, 1, 1, 1, 0, 1283, 304, NULL, 452, 334, 564, 1283, 1283, 304, 304) ON CONFLICT (ship_id) DO NOTHING;
INSERT INTO ship_fuel (ship_id, hydrogen_capacity, fuel_intake_rate, fuel_usage_main, fuel_usage_retro, fuel_usage_maneuvering, maneuvering_time_till_empty, intake_to_main_ratio, quantum_capacity, quantum_range, quantum_speed, quantum_spool_time, quantum_travel_time_po, quantum_fuel_usage_po, thrust_main, thrust_retro, thrust_maneuvering, power_generation, power_used_shields, power_used_quantum, cooling_generation, cooling_used_shields, cooling_used_quantum, shield_hp_total, shield_regen_total) VALUES ((SELECT id FROM ships WHERE reference = 'DRAK_Dragonfly'), 1500, 0, 1.01, 1.69, 1.89, 767.26, 0, NULL, NULL, NULL, NULL, NULL, NULL, 80500, 135000, 385400, 10, 5.2, 5.2, 16, 7.2, 7.2, NULL, NULL) ON CONFLICT (ship_id) DO NOTHING;
INSERT INTO ship_insurance (ship_id, expedited_cost, expedited_claim_time, standard_claim_time) VALUES ((SELECT id FROM ships WHERE reference = 'DRAK_Dragonfly'), 55, 0, 0.10125) ON CONFLICT (ship_id) DO NOTHING;
INSERT INTO ship_flight_stats (ship_id, scm_speed, max_speed, boost_speed_forward, boost_speed_backward, pitch, yaw, roll, pitch_boosted, yaw_boosted, roll_boosted, accel_forward, accel_backward, accel_up, accel_down, accel_strafe, accel_forward_g, accel_backward_g, accel_up_g, accel_down_g, accel_strafe_g, boost_mult_forward, boost_mult_backward, boost_mult_up, boost_mult_strafe, boost_capacitor_max, boost_regen_per_sec, boost_regen_time, zero_to_scm, zero_to_max, scm_to_zero, mass_empty, mass_loadout, mass_total) VALUES ((SELECT id FROM ships WHERE reference = 'DRAK_Dragonfly_Pink'), 190, 523, 270, 120, 70, 70, 130, 84, 84, 156, 14.38, 24.11, 0, 0, 0, 1.47, 2.46, 0, 0, 0, 1.35, 1.35, 1.2, 1.3, 20, 1.25, 19.5, 13.21, 36.37, 7.88, 5600, 743, 6343) ON CONFLICT (ship_id) DO NOTHING;
INSERT INTO ship_resistances (ship_id, armor_hp, dmg_mult_physical, dmg_mult_energy, dmg_mult_distortion, dmg_mult_thermal, dmg_mult_biochemical, dmg_mult_stun, sig_mult_cross_section, sig_mult_infrared, sig_mult_electromagnetic, pen_resist_base, pen_resist_physical, pen_resist_energy, pen_resist_distortion, base_em_signature, base_ir_signature, base_cs_signature, cross_section_x, cross_section_y, cross_section_z, em_total_shields, em_total_quantum, ir_total_shields, ir_total_quantum) VALUES ((SELECT id FROM ships WHERE reference = 'DRAK_Dragonfly_Pink'), 1463, 0.75, 0.6, 1, 1, 1, 1, 1, 0.27, 0.4, 1, 1, 1, 0, 1283, 304, NULL, 452, 334, 564, 1283, 1283, 304, 304) ON CONFLICT (ship_id) DO NOTHING;
INSERT INTO ship_fuel (ship_id, hydrogen_capacity, fuel_intake_rate, fuel_usage_main, fuel_usage_retro, fuel_usage_maneuvering, maneuvering_time_till_empty, intake_to_main_ratio, quantum_capacity, quantum_range, quantum_speed, quantum_spool_time, quantum_travel_time_po, quantum_fuel_usage_po, thrust_main, thrust_retro, thrust_maneuvering, power_generation, power_used_shields, power_used_quantum, cooling_generation, cooling_used_shields, cooling_used_quantum, shield_hp_total, shield_regen_total) VALUES ((SELECT id FROM ships WHERE reference = 'DRAK_Dragonfly_Pink'), 1500, 0, 1.01, 1.69, 1.89, 767.26, 0, NULL, NULL, NULL, NULL, NULL, NULL, 80500, 135000, 385400, 10, 5.2, 5.2, 16, 7.2, 7.2, NULL, NULL) ON CONFLICT (ship_id) DO NOTHING;
INSERT INTO ship_insurance (ship_id, expedited_cost, expedited_claim_time, standard_claim_time) VALUES ((SELECT id FROM ships WHERE reference = 'DRAK_Dragonfly_Pink'), 55, 0, 0.10125) ON CONFLICT (ship_id) DO NOTHING;
INSERT INTO ship_flight_stats (ship_id, scm_speed, max_speed, boost_speed_forward, boost_speed_backward, pitch, yaw, roll, pitch_boosted, yaw_boosted, roll_boosted, accel_forward, accel_backward, accel_up, accel_down, accel_strafe, accel_forward_g, accel_backward_g, accel_up_g, accel_down_g, accel_strafe_g, boost_mult_forward, boost_mult_backward, boost_mult_up, boost_mult_strafe, boost_capacitor_max, boost_regen_per_sec, boost_regen_time, zero_to_scm, zero_to_max, scm_to_zero, mass_empty, mass_loadout, mass_total) VALUES ((SELECT id FROM ships WHERE reference = 'DRAK_Dragonfly_Yellow'), 190, 523, 270, 120, 70, 70, 130, 84, 84, 156, 14.38, 24.11, 0, 0, 0, 1.47, 2.46, 0, 0, 0, 1.35, 1.35, 1.2, 1.3, 20, 1.25, 19.5, 13.21, 36.37, 7.88, 5600, 743, 6343) ON CONFLICT (ship_id) DO NOTHING;
INSERT INTO ship_resistances (ship_id, armor_hp, dmg_mult_physical, dmg_mult_energy, dmg_mult_distortion, dmg_mult_thermal, dmg_mult_biochemical, dmg_mult_stun, sig_mult_cross_section, sig_mult_infrared, sig_mult_electromagnetic, pen_resist_base, pen_resist_physical, pen_resist_energy, pen_resist_distortion, base_em_signature, base_ir_signature, base_cs_signature, cross_section_x, cross_section_y, cross_section_z, em_total_shields, em_total_quantum, ir_total_shields, ir_total_quantum) VALUES ((SELECT id FROM ships WHERE reference = 'DRAK_Dragonfly_Yellow'), 1463, 0.75, 0.6, 1, 1, 1, 1, 1, 0.27, 0.4, 1, 1, 1, 0, 1283, 304, NULL, 452, 334, 564, 1283, 1283, 304, 304) ON CONFLICT (ship_id) DO NOTHING;
INSERT INTO ship_fuel (ship_id, hydrogen_capacity, fuel_intake_rate, fuel_usage_main, fuel_usage_retro, fuel_usage_maneuvering, maneuvering_time_till_empty, intake_to_main_ratio, quantum_capacity, quantum_range, quantum_speed, quantum_spool_time, quantum_travel_time_po, quantum_fuel_usage_po, thrust_main, thrust_retro, thrust_maneuvering, power_generation, power_used_shields, power_used_quantum, cooling_generation, cooling_used_shields, cooling_used_quantum, shield_hp_total, shield_regen_total) VALUES ((SELECT id FROM ships WHERE reference = 'DRAK_Dragonfly_Yellow'), 1500, 0, 1.01, 1.69, 1.89, 767.26, 0, NULL, NULL, NULL, NULL, NULL, NULL, 80500, 135000, 385400, 10, 5.2, 5.2, 16, 7.2, 7.2, NULL, NULL) ON CONFLICT (ship_id) DO NOTHING;
INSERT INTO ship_insurance (ship_id, expedited_cost, expedited_claim_time, standard_claim_time) VALUES ((SELECT id FROM ships WHERE reference = 'DRAK_Dragonfly_Yellow'), 55, 0, 0.10125) ON CONFLICT (ship_id) DO NOTHING;
INSERT INTO ship_flight_stats (ship_id, scm_speed, max_speed, boost_speed_forward, boost_speed_backward, pitch, yaw, roll, pitch_boosted, yaw_boosted, roll_boosted, accel_forward, accel_backward, accel_up, accel_down, accel_strafe, accel_forward_g, accel_backward_g, accel_up_g, accel_down_g, accel_strafe_g, boost_mult_forward, boost_mult_backward, boost_mult_up, boost_mult_strafe, boost_capacitor_max, boost_regen_per_sec, boost_regen_time, zero_to_scm, zero_to_max, scm_to_zero, mass_empty, mass_loadout, mass_total) VALUES ((SELECT id FROM ships WHERE reference = 'DRAK_Golem'), 203, 1010, 280, 210, 43, 43, 140, 51.6, 51.6, 168, 96.83, 43.2, 16.47, 0, 0, 9.87, 4.41, 1.68, 0, 0, 1.55, 1.4, 1.3, 1.3, 20, 0.75, 26.9, 2.1, 10.43, 4.7, 69217, 8819, 78036) ON CONFLICT (ship_id) DO NOTHING;
INSERT INTO ship_resistances (ship_id, armor_hp, dmg_mult_physical, dmg_mult_energy, dmg_mult_distortion, dmg_mult_thermal, dmg_mult_biochemical, dmg_mult_stun, sig_mult_cross_section, sig_mult_infrared, sig_mult_electromagnetic, pen_resist_base, pen_resist_physical, pen_resist_energy, pen_resist_distortion, base_em_signature, base_ir_signature, base_cs_signature, cross_section_x, cross_section_y, cross_section_z, em_total_shields, em_total_quantum, ir_total_shields, ir_total_quantum) VALUES ((SELECT id FROM ships WHERE reference = 'DRAK_Golem'), 8415, 0.7, 0.5, 1, 1, 1, 1, 1, 1.1, 1.1, 1, 1, 1, 0, 14599, 5365, NULL, NULL, NULL, NULL, 14599, 40240, 5365, 5365) ON CONFLICT (ship_id) DO NOTHING;
INSERT INTO ship_fuel (ship_id, hydrogen_capacity, fuel_intake_rate, fuel_usage_main, fuel_usage_retro, fuel_usage_maneuvering, maneuvering_time_till_empty, intake_to_main_ratio, quantum_capacity, quantum_range, quantum_speed, quantum_spool_time, quantum_travel_time_po, quantum_fuel_usage_po, thrust_main, thrust_retro, thrust_maneuvering, power_generation, power_used_shields, power_used_quantum, cooling_generation, cooling_used_shields, cooling_used_quantum, shield_hp_total, shield_regen_total) VALUES ((SELECT id FROM ships WHERE reference = 'DRAK_Golem'), 24000, 15, 83.78, 37.38, 217.4, 124.69, 0.18, 950, 163793103448, 215000000, 4, 195, 243, 6702000, 2990000, 17392000, 15, 15.9, 12.9, 32, 23.9, 23.9, 2700, 170) ON CONFLICT (ship_id) DO NOTHING;
INSERT INTO ship_insurance (ship_id, expedited_cost, expedited_claim_time, standard_claim_time) VALUES ((SELECT id FROM ships WHERE reference = 'DRAK_Golem'), 1030, 0.75, 3) ON CONFLICT (ship_id) DO NOTHING;
INSERT INTO ship_flight_stats (ship_id, scm_speed, max_speed, boost_speed_forward, boost_speed_backward, pitch, yaw, roll, pitch_boosted, yaw_boosted, roll_boosted, accel_forward, accel_backward, accel_up, accel_down, accel_strafe, accel_forward_g, accel_backward_g, accel_up_g, accel_down_g, accel_strafe_g, boost_mult_forward, boost_mult_backward, boost_mult_up, boost_mult_strafe, boost_capacitor_max, boost_regen_per_sec, boost_regen_time, zero_to_scm, zero_to_max, scm_to_zero, mass_empty, mass_loadout, mass_total) VALUES ((SELECT id FROM ships WHERE reference = 'DRAK_Golem_Collector_Indust'), 203, 1010, 280, 210, 43, 43, 140, 51.6, 51.6, 168, 96.83, 43.2, 16.47, 0, 0, 9.87, 4.41, 1.68, 0, 0, 1.55, 1.4, 1.3, 1.3, 20, 0.75, 26.9, 2.1, 10.43, 4.7, 69217, 8835, 78052) ON CONFLICT (ship_id) DO NOTHING;
INSERT INTO ship_resistances (ship_id, armor_hp, dmg_mult_physical, dmg_mult_energy, dmg_mult_distortion, dmg_mult_thermal, dmg_mult_biochemical, dmg_mult_stun, sig_mult_cross_section, sig_mult_infrared, sig_mult_electromagnetic, pen_resist_base, pen_resist_physical, pen_resist_energy, pen_resist_distortion, base_em_signature, base_ir_signature, base_cs_signature, cross_section_x, cross_section_y, cross_section_z, em_total_shields, em_total_quantum, ir_total_shields, ir_total_quantum) VALUES ((SELECT id FROM ships WHERE reference = 'DRAK_Golem_Collector_Indust'), 8415, 0.7, 0.5, 1, 1, 1, 1, 1, 1.1, 1.1, 1, 1, 1, 0, 14880, 5432, NULL, NULL, NULL, NULL, 14880, 40521, 5432, 5432) ON CONFLICT (ship_id) DO NOTHING;
INSERT INTO ship_fuel (ship_id, hydrogen_capacity, fuel_intake_rate, fuel_usage_main, fuel_usage_retro, fuel_usage_maneuvering, maneuvering_time_till_empty, intake_to_main_ratio, quantum_capacity, quantum_range, quantum_speed, quantum_spool_time, quantum_travel_time_po, quantum_fuel_usage_po, thrust_main, thrust_retro, thrust_maneuvering, power_generation, power_used_shields, power_used_quantum, cooling_generation, cooling_used_shields, cooling_used_quantum, shield_hp_total, shield_regen_total) VALUES ((SELECT id FROM ships WHERE reference = 'DRAK_Golem_Collector_Indust'), 24000, 15, 83.78, 37.38, 217.4, 124.69, 0.18, 950, 163793103448, 215000000, 4, 195, 243, 6702000, 2990000, 17392000, 15, 16.2, 13.2, 32, 24.2, 24.2, 2700, 170) ON CONFLICT (ship_id) DO NOTHING;
INSERT INTO ship_insurance (ship_id, expedited_cost, expedited_claim_time, standard_claim_time) VALUES ((SELECT id FROM ships WHERE reference = 'DRAK_Golem_Collector_Indust'), 1030, 0.75, 3) ON CONFLICT (ship_id) DO NOTHING;
INSERT INTO ship_flight_stats (ship_id, scm_speed, max_speed, boost_speed_forward, boost_speed_backward, pitch, yaw, roll, pitch_boosted, yaw_boosted, roll_boosted, accel_forward, accel_backward, accel_up, accel_down, accel_strafe, accel_forward_g, accel_backward_g, accel_up_g, accel_down_g, accel_strafe_g, boost_mult_forward, boost_mult_backward, boost_mult_up, boost_mult_strafe, boost_capacitor_max, boost_regen_per_sec, boost_regen_time, zero_to_scm, zero_to_max, scm_to_zero, mass_empty, mass_loadout, mass_total) VALUES ((SELECT id FROM ships WHERE reference = 'DRAK_Golem_OX'), 200, 1000, 280, 210, 40, 40, 135, 48, 48, 162, 87.93, 39.23, 14.96, 0, 0, 8.97, 4, 1.53, 0, 0, 1.55, 1.4, 1.3, 1.3, 20, 0.75, 26.9, 2.27, 11.37, 5.1, 76217, 6338, 82555) ON CONFLICT (ship_id) DO NOTHING;
INSERT INTO ship_resistances (ship_id, armor_hp, dmg_mult_physical, dmg_mult_energy, dmg_mult_distortion, dmg_mult_thermal, dmg_mult_biochemical, dmg_mult_stun, sig_mult_cross_section, sig_mult_infrared, sig_mult_electromagnetic, pen_resist_base, pen_resist_physical, pen_resist_energy, pen_resist_distortion, base_em_signature, base_ir_signature, base_cs_signature, cross_section_x, cross_section_y, cross_section_z, em_total_shields, em_total_quantum, ir_total_shields, ir_total_quantum) VALUES ((SELECT id FROM ships WHERE reference = 'DRAK_Golem_OX'), 8415, 0.7, 0.5, 1, 1, 1, 1, 1, 1.1, 1.1, 1, 1, 1, 0, 14599, 5365, NULL, 632, 1010, 502, 14599, 40240, 5365, 5365) ON CONFLICT (ship_id) DO NOTHING;
INSERT INTO ship_fuel (ship_id, hydrogen_capacity, fuel_intake_rate, fuel_usage_main, fuel_usage_retro, fuel_usage_maneuvering, maneuvering_time_till_empty, intake_to_main_ratio, quantum_capacity, quantum_range, quantum_speed, quantum_spool_time, quantum_travel_time_po, quantum_fuel_usage_po, thrust_main, thrust_retro, thrust_maneuvering, power_generation, power_used_shields, power_used_quantum, cooling_generation, cooling_used_shields, cooling_used_quantum, shield_hp_total, shield_regen_total) VALUES ((SELECT id FROM ships WHERE reference = 'DRAK_Golem_OX'), 24000, 15, 83.78, 37.38, 217.4, 124.69, 0.18, 1100, 189655172414, 215000000, 4, 195, 243, 6702000, 2990000, 17392000, 15, 15.9, 12.9, 32, 23.9, 23.9, 2700, 170) ON CONFLICT (ship_id) DO NOTHING;
INSERT INTO ship_insurance (ship_id, expedited_cost, expedited_claim_time, standard_claim_time) VALUES ((SELECT id FROM ships WHERE reference = 'DRAK_Golem_OX'), 1030, 0.75, 3) ON CONFLICT (ship_id) DO NOTHING;
INSERT INTO ship_flight_stats (ship_id, scm_speed, max_speed, boost_speed_forward, boost_speed_backward, pitch, yaw, roll, pitch_boosted, yaw_boosted, roll_boosted, accel_forward, accel_backward, accel_up, accel_down, accel_strafe, accel_forward_g, accel_backward_g, accel_up_g, accel_down_g, accel_strafe_g, boost_mult_forward, boost_mult_backward, boost_mult_up, boost_mult_strafe, boost_capacitor_max, boost_regen_per_sec, boost_regen_time, zero_to_scm, zero_to_max, scm_to_zero, mass_empty, mass_loadout, mass_total) VALUES ((SELECT id FROM ships WHERE reference = 'DRAK_Golem_Teach'), 203, 1010, 280, 210, 43, 43, 140, 51.6, 51.6, 168, 96.83, 43.2, 16.47, 0, 0, 9.87, 4.41, 1.68, 0, 0, 1.55, 1.4, 1.3, 1.3, 20, 0.75, 26.9, 2.1, 10.43, 4.7, 69217, 8749, 77966) ON CONFLICT (ship_id) DO NOTHING;
INSERT INTO ship_resistances (ship_id, armor_hp, dmg_mult_physical, dmg_mult_energy, dmg_mult_distortion, dmg_mult_thermal, dmg_mult_biochemical, dmg_mult_stun, sig_mult_cross_section, sig_mult_infrared, sig_mult_electromagnetic, pen_resist_base, pen_resist_physical, pen_resist_energy, pen_resist_distortion, base_em_signature, base_ir_signature, base_cs_signature, cross_section_x, cross_section_y, cross_section_z, em_total_shields, em_total_quantum, ir_total_shields, ir_total_quantum) VALUES ((SELECT id FROM ships WHERE reference = 'DRAK_Golem_Teach'), 8415, 0.7, 0.5, 1, 1, 1, 1, 1, 1.1, 1.1, 1, 1, 1, 0, 14599, 5365, NULL, NULL, NULL, NULL, 14599, 32760, 5365, 4916) ON CONFLICT (ship_id) DO NOTHING;
INSERT INTO ship_fuel (ship_id, hydrogen_capacity, fuel_intake_rate, fuel_usage_main, fuel_usage_retro, fuel_usage_maneuvering, maneuvering_time_till_empty, intake_to_main_ratio, quantum_capacity, quantum_range, quantum_speed, quantum_spool_time, quantum_travel_time_po, quantum_fuel_usage_po, thrust_main, thrust_retro, thrust_maneuvering, power_generation, power_used_shields, power_used_quantum, cooling_generation, cooling_used_shields, cooling_used_quantum, shield_hp_total, shield_regen_total) VALUES ((SELECT id FROM ships WHERE reference = 'DRAK_Golem_Teach'), 24000, 15, 83.78, 37.38, 217.4, 124.69, 0.18, 950, 125894513650, 231000000, 4, 182, 316, 6702000, 2990000, 17392000, 15, 15.9, 12.9, 32, 23.9, 21.9, 2700, 178) ON CONFLICT (ship_id) DO NOTHING;
INSERT INTO ship_insurance (ship_id, expedited_cost, expedited_claim_time, standard_claim_time) VALUES ((SELECT id FROM ships WHERE reference = 'DRAK_Golem_Teach'), 1030, 0.75, 3) ON CONFLICT (ship_id) DO NOTHING;
INSERT INTO ship_flight_stats (ship_id, scm_speed, max_speed, boost_speed_forward, boost_speed_backward, pitch, yaw, roll, pitch_boosted, yaw_boosted, roll_boosted, accel_forward, accel_backward, accel_up, accel_down, accel_strafe, accel_forward_g, accel_backward_g, accel_up_g, accel_down_g, accel_strafe_g, boost_mult_forward, boost_mult_backward, boost_mult_up, boost_mult_strafe, boost_capacitor_max, boost_regen_per_sec, boost_regen_time, zero_to_scm, zero_to_max, scm_to_zero, mass_empty, mass_loadout, mass_total) VALUES ((SELECT id FROM ships WHERE reference = 'DRAK_Herald'), 245, 1450, 670, 260, 47, 40, 150, 61.1, 48, 180, 150.73, 0, 0, 0, 0, 15.37, 0, 0, 0, 0, 1.8, 1.3, 1.35, 1.35, 20, 0.75, 27.1, 1.63, 9.62, NULL, 62205, 7596, 69801) ON CONFLICT (ship_id) DO NOTHING;
INSERT INTO ship_resistances (ship_id, armor_hp, dmg_mult_physical, dmg_mult_energy, dmg_mult_distortion, dmg_mult_thermal, dmg_mult_biochemical, dmg_mult_stun, sig_mult_cross_section, sig_mult_infrared, sig_mult_electromagnetic, pen_resist_base, pen_resist_physical, pen_resist_energy, pen_resist_distortion, base_em_signature, base_ir_signature, base_cs_signature, cross_section_x, cross_section_y, cross_section_z, em_total_shields, em_total_quantum, ir_total_shields, ir_total_quantum) VALUES ((SELECT id FROM ships WHERE reference = 'DRAK_Herald'), 6120, 0.75, 0.6, 1, 1, 1, 1, 1, 1, 1, 1, 1, 1, 0, 6930, 2256, NULL, 5146, 3859, 9648, 6930, 21430, 2256, 2256) ON CONFLICT (ship_id) DO NOTHING;
INSERT INTO ship_fuel (ship_id, hydrogen_capacity, fuel_intake_rate, fuel_usage_main, fuel_usage_retro, fuel_usage_maneuvering, maneuvering_time_till_empty, intake_to_main_ratio, quantum_capacity, quantum_range, quantum_speed, quantum_spool_time, quantum_travel_time_po, quantum_fuel_usage_po, thrust_main, thrust_retro, thrust_maneuvering, power_generation, power_used_shields, power_used_quantum, cooling_generation, cooling_used_shields, cooling_used_quantum, shield_hp_total, shield_regen_total) VALUES ((SELECT id FROM ships WHERE reference = 'DRAK_Herald'), 10500, 0, 96.81, 0, 72.92, 78.79, 0, 1300, 132653061224, 165000000, 4, 254, 411, 9375972, 0, 16670561.600000001, 14, 14.3, 12.3, 44, 21.3, 21.3, 5610, 351) ON CONFLICT (ship_id) DO NOTHING;
INSERT INTO ship_insurance (ship_id, expedited_cost, expedited_claim_time, standard_claim_time) VALUES ((SELECT id FROM ships WHERE reference = 'DRAK_Herald'), 1015, 0.675, 2.025) ON CONFLICT (ship_id) DO NOTHING;
INSERT INTO ship_flight_stats (ship_id, scm_speed, max_speed, boost_speed_forward, boost_speed_backward, pitch, yaw, roll, pitch_boosted, yaw_boosted, roll_boosted, accel_forward, accel_backward, accel_up, accel_down, accel_strafe, accel_forward_g, accel_backward_g, accel_up_g, accel_down_g, accel_strafe_g, boost_mult_forward, boost_mult_backward, boost_mult_up, boost_mult_strafe, boost_capacitor_max, boost_regen_per_sec, boost_regen_time, zero_to_scm, zero_to_max, scm_to_zero, mass_empty, mass_loadout, mass_total) VALUES ((SELECT id FROM ships WHERE reference = 'DRAK_Mule'), NULL, NULL, NULL, NULL, NULL, NULL, NULL, NULL, NULL, NULL, NULL, NULL, NULL, NULL, NULL, NULL, NULL, NULL, NULL, NULL, NULL, NULL, NULL, NULL, NULL, NULL, NULL, NULL, NULL, NULL, 7553, 286, 7839) ON CONFLICT (ship_id) DO NOTHING;
INSERT INTO ship_resistances (ship_id, armor_hp, dmg_mult_physical, dmg_mult_energy, dmg_mult_distortion, dmg_mult_thermal, dmg_mult_biochemical, dmg_mult_stun, sig_mult_cross_section, sig_mult_infrared, sig_mult_electromagnetic, pen_resist_base, pen_resist_physical, pen_resist_energy, pen_resist_distortion, base_em_signature, base_ir_signature, base_cs_signature, cross_section_x, cross_section_y, cross_section_z, em_total_shields, em_total_quantum, ir_total_shields, ir_total_quantum) VALUES ((SELECT id FROM ships WHERE reference = 'DRAK_Mule'), 2925, 0.6, 0.4, 1, 1, 1, 1, 1, 0.9, 0.8, 1, 1, 1, 0, 4573, 1313, NULL, 1011, 1184, 505, 4573, 4573, 1313, 1313) ON CONFLICT (ship_id) DO NOTHING;
INSERT INTO ship_fuel (ship_id, hydrogen_capacity, fuel_intake_rate, fuel_usage_main, fuel_usage_retro, fuel_usage_maneuvering, maneuvering_time_till_empty, intake_to_main_ratio, quantum_capacity, quantum_range, quantum_speed, quantum_spool_time, quantum_travel_time_po, quantum_fuel_usage_po, thrust_main, thrust_retro, thrust_maneuvering, power_generation, power_used_shields, power_used_quantum, cooling_generation, cooling_used_shields, cooling_used_quantum, shield_hp_total, shield_regen_total) VALUES ((SELECT id FROM ships WHERE reference = 'DRAK_Mule'), 0, 0, 0, 0, 0, NULL, NULL, NULL, NULL, NULL, NULL, NULL, NULL, 0, 0, 0, 12, 5, 5, 14, 9, 9, NULL, NULL) ON CONFLICT (ship_id) DO NOTHING;
INSERT INTO ship_insurance (ship_id, expedited_cost, expedited_claim_time, standard_claim_time) VALUES ((SELECT id FROM ships WHERE reference = 'DRAK_Mule'), 1215, 1.0125, 3.04) ON CONFLICT (ship_id) DO NOTHING;
INSERT INTO ship_flight_stats (ship_id, scm_speed, max_speed, boost_speed_forward, boost_speed_backward, pitch, yaw, roll, pitch_boosted, yaw_boosted, roll_boosted, accel_forward, accel_backward, accel_up, accel_down, accel_strafe, accel_forward_g, accel_backward_g, accel_up_g, accel_down_g, accel_strafe_g, boost_mult_forward, boost_mult_backward, boost_mult_up, boost_mult_strafe, boost_capacitor_max, boost_regen_per_sec, boost_regen_time, zero_to_scm, zero_to_max, scm_to_zero, mass_empty, mass_loadout, mass_total) VALUES ((SELECT id FROM ships WHERE reference = 'DRAK_Vulture'), 200, 1100, 350, 240, 55, 55, 125, 66, 66, 150, 57.27, 31.21, 1, 0, 0, 5.84, 3.18, 0.1, 0, 0, 1.3, 1.4, 1.4, 1.35, 20, 0.75, 27.8, 3.49, 19.21, 6.41, 182983, 5991, 188974) ON CONFLICT (ship_id) DO NOTHING;
INSERT INTO ship_resistances (ship_id, armor_hp, dmg_mult_physical, dmg_mult_energy, dmg_mult_distortion, dmg_mult_thermal, dmg_mult_biochemical, dmg_mult_stun, sig_mult_cross_section, sig_mult_infrared, sig_mult_electromagnetic, pen_resist_base, pen_resist_physical, pen_resist_energy, pen_resist_distortion, base_em_signature, base_ir_signature, base_cs_signature, cross_section_x, cross_section_y, cross_section_z, em_total_shields, em_total_quantum, ir_total_shields, ir_total_quantum) VALUES ((SELECT id FROM ships WHERE reference = 'DRAK_Vulture'), 8415, 0.7, 0.5, 1, 1, 1, 1, 1, 1, 1, 1, 1, 1, 0, 27282, 7122, NULL, 6009, 3339, 12520, 27282, 49102, 7122, 5897) ON CONFLICT (ship_id) DO NOTHING;
INSERT INTO ship_fuel (ship_id, hydrogen_capacity, fuel_intake_rate, fuel_usage_main, fuel_usage_retro, fuel_usage_maneuvering, maneuvering_time_till_empty, intake_to_main_ratio, quantum_capacity, quantum_range, quantum_speed, quantum_spool_time, quantum_travel_time_po, quantum_fuel_usage_po, thrust_main, thrust_retro, thrust_maneuvering, power_generation, power_used_shields, power_used_quantum, cooling_generation, cooling_used_shields, cooling_used_quantum, shield_hp_total, shield_regen_total) VALUES ((SELECT id FROM ships WHERE reference = 'DRAK_Vulture'), 36000, 20, 131, 71.38, 357.25, 116.27, 0.15, 1100, 189655172414, 215000000, 4, 195, 243, 10480000, 5710000, 28580000, 18, 22.9, 16.9, 64, 34.9, 28.9, 8100, 509) ON CONFLICT (ship_id) DO NOTHING;
INSERT INTO ship_insurance (ship_id, expedited_cost, expedited_claim_time, standard_claim_time) VALUES ((SELECT id FROM ships WHERE reference = 'DRAK_Vulture'), 3040, 3, 9) ON CONFLICT (ship_id) DO NOTHING;
INSERT INTO ship_flight_stats (ship_id, scm_speed, max_speed, boost_speed_forward, boost_speed_backward, pitch, yaw, roll, pitch_boosted, yaw_boosted, roll_boosted, accel_forward, accel_backward, accel_up, accel_down, accel_strafe, accel_forward_g, accel_backward_g, accel_up_g, accel_down_g, accel_strafe_g, boost_mult_forward, boost_mult_backward, boost_mult_up, boost_mult_strafe, boost_capacitor_max, boost_regen_per_sec, boost_regen_time, zero_to_scm, zero_to_max, scm_to_zero, mass_empty, mass_loadout, mass_total) VALUES ((SELECT id FROM ships WHERE reference = 'DRAK_Vulture_Teach'), 200, 1100, 350, 240, 55, 55, 125, 66, 66, 150, 57.27, 31.21, 1, 0, 0, 5.84, 3.18, 0.1, 0, 0, 1.3, 1.4, 1.4, 1.35, 20, 0.75, 27.8, 3.49, 19.21, 6.41, 182983, 5991, 188974) ON CONFLICT (ship_id) DO NOTHING;
INSERT INTO ship_resistances (ship_id, armor_hp, dmg_mult_physical, dmg_mult_energy, dmg_mult_distortion, dmg_mult_thermal, dmg_mult_biochemical, dmg_mult_stun, sig_mult_cross_section, sig_mult_infrared, sig_mult_electromagnetic, pen_resist_base, pen_resist_physical, pen_resist_energy, pen_resist_distortion, base_em_signature, base_ir_signature, base_cs_signature, cross_section_x, cross_section_y, cross_section_z, em_total_shields, em_total_quantum, ir_total_shields, ir_total_quantum) VALUES ((SELECT id FROM ships WHERE reference = 'DRAK_Vulture_Teach'), 8415, 0.7, 0.5, 1, 1, 1, 1, 1, 1, 1, 1, 1, 1, 0, 27282, 7122, NULL, 6009, 3339, 12520, 27282, 49102, 7122, 5897) ON CONFLICT (ship_id) DO NOTHING;
INSERT INTO ship_fuel (ship_id, hydrogen_capacity, fuel_intake_rate, fuel_usage_main, fuel_usage_retro, fuel_usage_maneuvering, maneuvering_time_till_empty, intake_to_main_ratio, quantum_capacity, quantum_range, quantum_speed, quantum_spool_time, quantum_travel_time_po, quantum_fuel_usage_po, thrust_main, thrust_retro, thrust_maneuvering, power_generation, power_used_shields, power_used_quantum, cooling_generation, cooling_used_shields, cooling_used_quantum, shield_hp_total, shield_regen_total) VALUES ((SELECT id FROM ships WHERE reference = 'DRAK_Vulture_Teach'), 36000, 20, 131, 71.38, 357.25, 116.27, 0.15, 1100, 189655172414, 215000000, 4, 195, 243, 10480000, 5710000, 28580000, 18, 22.9, 16.9, 64, 34.9, 28.9, 8100, 509) ON CONFLICT (ship_id) DO NOTHING;
INSERT INTO ship_insurance (ship_id, expedited_cost, expedited_claim_time, standard_claim_time) VALUES ((SELECT id FROM ships WHERE reference = 'DRAK_Vulture_Teach'), 3040, 3, 9) ON CONFLICT (ship_id) DO NOTHING;
INSERT INTO ship_flight_stats (ship_id, scm_speed, max_speed, boost_speed_forward, boost_speed_backward, pitch, yaw, roll, pitch_boosted, yaw_boosted, roll_boosted, accel_forward, accel_backward, accel_up, accel_down, accel_strafe, accel_forward_g, accel_backward_g, accel_up_g, accel_down_g, accel_strafe_g, boost_mult_forward, boost_mult_backward, boost_mult_up, boost_mult_strafe, boost_capacitor_max, boost_regen_per_sec, boost_regen_time, zero_to_scm, zero_to_max, scm_to_zero, mass_empty, mass_loadout, mass_total) VALUES ((SELECT id FROM ships WHERE reference = 'ESPR_Prowler'), 212, 1200, 450, 240, 38, 32, 110, 45.6, 38.4, 132, 25.49, 39.34, 0, 0, 0, 2.6, 4.01, 0, 0, 0, 1.5, 1.4, 1.3, 1.2, 20, 0.75, 27.6, 8.32, 47.08, 5.39, 148900, 50770, 199670) ON CONFLICT (ship_id) DO NOTHING;
INSERT INTO ship_resistances (ship_id, armor_hp, dmg_mult_physical, dmg_mult_energy, dmg_mult_distortion, dmg_mult_thermal, dmg_mult_biochemical, dmg_mult_stun, sig_mult_cross_section, sig_mult_infrared, sig_mult_electromagnetic, pen_resist_base, pen_resist_physical, pen_resist_energy, pen_resist_distortion, base_em_signature, base_ir_signature, base_cs_signature, cross_section_x, cross_section_y, cross_section_z, em_total_shields, em_total_quantum, ir_total_shields, ir_total_quantum) VALUES ((SELECT id FROM ships WHERE reference = 'ESPR_Prowler'), 15188, 0.7, 0.5, 1, 1, 1, 1, 0.55, 0.37, 0.35, 1, 1, 1, 0, 3757, 1124, NULL, 6765, 3372, 6787, 3757, 7782, 1124, 1047) ON CONFLICT (ship_id) DO NOTHING;
INSERT INTO ship_fuel (ship_id, hydrogen_capacity, fuel_intake_rate, fuel_usage_main, fuel_usage_retro, fuel_usage_maneuvering, maneuvering_time_till_empty, intake_to_main_ratio, quantum_capacity, quantum_range, quantum_speed, quantum_spool_time, quantum_travel_time_po, quantum_fuel_usage_po, thrust_main, thrust_retro, thrust_maneuvering, power_generation, power_used_shields, power_used_quantum, cooling_generation, cooling_used_shields, cooling_used_quantum, shield_hp_total, shield_regen_total) VALUES ((SELECT id FROM ships WHERE reference = 'ESPR_Prowler'), 39000, 0, 38.52, 59.45, 156.25, 334.35, 0, 2000, 107933081489, 171000000, 6, 245, 777, 3794908, 5857484, 49999459.9931296, 18, 21.2, 17.2, 64, 29.2, 27.2, 37400, 2344) ON CONFLICT (ship_id) DO NOTHING;
INSERT INTO ship_insurance (ship_id, expedited_cost, expedited_claim_time, standard_claim_time) VALUES ((SELECT id FROM ships WHERE reference = 'ESPR_Prowler'), 9993, 7.74, 23.22) ON CONFLICT (ship_id) DO NOTHING;
INSERT INTO ship_flight_stats (ship_id, scm_speed, max_speed, boost_speed_forward, boost_speed_backward, pitch, yaw, roll, pitch_boosted, yaw_boosted, roll_boosted, accel_forward, accel_backward, accel_up, accel_down, accel_strafe, accel_forward_g, accel_backward_g, accel_up_g, accel_down_g, accel_strafe_g, boost_mult_forward, boost_mult_backward, boost_mult_up, boost_mult_strafe, boost_capacitor_max, boost_regen_per_sec, boost_regen_time, zero_to_scm, zero_to_max, scm_to_zero, mass_empty, mass_loadout, mass_total) VALUES ((SELECT id FROM ships WHERE reference = 'ESPR_Prowler_Utility'), NULL, NULL, NULL, NULL, NULL, NULL, NULL, NULL, NULL, NULL, NULL, NULL, NULL, NULL, NULL, NULL, NULL, NULL, NULL, NULL, NULL, NULL, NULL, NULL, NULL, NULL, NULL, NULL, NULL, NULL, 171700, 46211, 217911) ON CONFLICT (ship_id) DO NOTHING;
INSERT INTO ship_resistances (ship_id, armor_hp, dmg_mult_physical, dmg_mult_energy, dmg_mult_distortion, dmg_mult_thermal, dmg_mult_biochemical, dmg_mult_stun, sig_mult_cross_section, sig_mult_infrared, sig_mult_electromagnetic, pen_resist_base, pen_resist_physical, pen_resist_energy, pen_resist_distortion, base_em_signature, base_ir_signature, base_cs_signature, cross_section_x, cross_section_y, cross_section_z, em_total_shields, em_total_quantum, ir_total_shields, ir_total_quantum) VALUES ((SELECT id FROM ships WHERE reference = 'ESPR_Prowler_Utility'), NULL, NULL, NULL, NULL, NULL, NULL, NULL, NULL, NULL, NULL, NULL, NULL, NULL, NULL, 5002, 1583, NULL, 6765, 3372, 6787, 5002, 9947, 1583, 1489) ON CONFLICT (ship_id) DO NOTHING;
INSERT INTO ship_fuel (ship_id, hydrogen_capacity, fuel_intake_rate, fuel_usage_main, fuel_usage_retro, fuel_usage_maneuvering, maneuvering_time_till_empty, intake_to_main_ratio, quantum_capacity, quantum_range, quantum_speed, quantum_spool_time, quantum_travel_time_po, quantum_fuel_usage_po, thrust_main, thrust_retro, thrust_maneuvering, power_generation, power_used_shields, power_used_quantum, cooling_generation, cooling_used_shields, cooling_used_quantum, shield_hp_total, shield_regen_total) VALUES ((SELECT id FROM ships WHERE reference = 'ESPR_Prowler_Utility'), 0, 0, 0, 0, 0, NULL, NULL, NULL, 0, 171000000, 6, 245, 777, 0, 0, 7.993129600000001, 18, 23.8, 19.8, 64, 33.8, 31.8, 37400, 2344) ON CONFLICT (ship_id) DO NOTHING;
INSERT INTO ship_insurance (ship_id, expedited_cost, expedited_claim_time, standard_claim_time) VALUES ((SELECT id FROM ships WHERE reference = 'ESPR_Prowler_Utility'), 9200, 5.25, 21) ON CONFLICT (ship_id) DO NOTHING;
INSERT INTO ship_flight_stats (ship_id, scm_speed, max_speed, boost_speed_forward, boost_speed_backward, pitch, yaw, roll, pitch_boosted, yaw_boosted, roll_boosted, accel_forward, accel_backward, accel_up, accel_down, accel_strafe, accel_forward_g, accel_backward_g, accel_up_g, accel_down_g, accel_strafe_g, boost_mult_forward, boost_mult_backward, boost_mult_up, boost_mult_strafe, boost_capacitor_max, boost_regen_per_sec, boost_regen_time, zero_to_scm, zero_to_max, scm_to_zero, mass_empty, mass_loadout, mass_total) VALUES ((SELECT id FROM ships WHERE reference = 'ESPR_Prowler_Utility_Collector_Indust'), NULL, NULL, NULL, NULL, NULL, NULL, NULL, NULL, NULL, NULL, NULL, NULL, NULL, NULL, NULL, NULL, NULL, NULL, NULL, NULL, NULL, NULL, NULL, NULL, NULL, NULL, NULL, NULL, NULL, NULL, 171700, 46901, 218601) ON CONFLICT (ship_id) DO NOTHING;
INSERT INTO ship_resistances (ship_id, armor_hp, dmg_mult_physical, dmg_mult_energy, dmg_mult_distortion, dmg_mult_thermal, dmg_mult_biochemical, dmg_mult_stun, sig_mult_cross_section, sig_mult_infrared, sig_mult_electromagnetic, pen_resist_base, pen_resist_physical, pen_resist_energy, pen_resist_distortion, base_em_signature, base_ir_signature, base_cs_signature, cross_section_x, cross_section_y, cross_section_z, em_total_shields, em_total_quantum, ir_total_shields, ir_total_quantum) VALUES ((SELECT id FROM ships WHERE reference = 'ESPR_Prowler_Utility_Collector_Indust'), NULL, NULL, NULL, NULL, NULL, NULL, NULL, NULL, NULL, NULL, NULL, NULL, NULL, NULL, 7662, 4283, NULL, 6765, 3372, 6787, 7662, 20880, 4283, 3518) ON CONFLICT (ship_id) DO NOTHING;
INSERT INTO ship_fuel (ship_id, hydrogen_capacity, fuel_intake_rate, fuel_usage_main, fuel_usage_retro, fuel_usage_maneuvering, maneuvering_time_till_empty, intake_to_main_ratio, quantum_capacity, quantum_range, quantum_speed, quantum_spool_time, quantum_travel_time_po, quantum_fuel_usage_po, thrust_main, thrust_retro, thrust_maneuvering, power_generation, power_used_shields, power_used_quantum, cooling_generation, cooling_used_shields, cooling_used_quantum, shield_hp_total, shield_regen_total) VALUES ((SELECT id FROM ships WHERE reference = 'ESPR_Prowler_Utility_Collector_Indust'), 0, 0, 0, 0, 0, NULL, NULL, NULL, 0, 314000000, 6, 134, 256, 0, 0, 7.993129600000001, 18, 30.8, 22.8, 82, 44.8, 36.8, 36000, 2376) ON CONFLICT (ship_id) DO NOTHING;
INSERT INTO ship_insurance (ship_id, expedited_cost, expedited_claim_time, standard_claim_time) VALUES ((SELECT id FROM ships WHERE reference = 'ESPR_Prowler_Utility_Collector_Indust'), 9200, 5.25, 21) ON CONFLICT (ship_id) DO NOTHING;
INSERT INTO ship_flight_stats (ship_id, scm_speed, max_speed, boost_speed_forward, boost_speed_backward, pitch, yaw, roll, pitch_boosted, yaw_boosted, roll_boosted, accel_forward, accel_backward, accel_up, accel_down, accel_strafe, accel_forward_g, accel_backward_g, accel_up_g, accel_down_g, accel_strafe_g, boost_mult_forward, boost_mult_backward, boost_mult_up, boost_mult_strafe, boost_capacitor_max, boost_regen_per_sec, boost_regen_time, zero_to_scm, zero_to_max, scm_to_zero, mass_empty, mass_loadout, mass_total) VALUES ((SELECT id FROM ships WHERE reference = 'ESPR_Talon'), 225, 1190, 500, 260, 68, 54, 195, 81.6, 64.8, 234, 161.74, 52.62, 42.84, 0, 0, 16.49, 5.37, 4.37, 0, 0, 1.55, 1.4, 1.3, 1.3, 20, 0.75, 26.9, 1.39, 7.36, 4.28, 46242, 13966, 60208) ON CONFLICT (ship_id) DO NOTHING;
INSERT INTO ship_resistances (ship_id, armor_hp, dmg_mult_physical, dmg_mult_energy, dmg_mult_distortion, dmg_mult_thermal, dmg_mult_biochemical, dmg_mult_stun, sig_mult_cross_section, sig_mult_infrared, sig_mult_electromagnetic, pen_resist_base, pen_resist_physical, pen_resist_energy, pen_resist_distortion, base_em_signature, base_ir_signature, base_cs_signature, cross_section_x, cross_section_y, cross_section_z, em_total_shields, em_total_quantum, ir_total_shields, ir_total_quantum) VALUES ((SELECT id FROM ships WHERE reference = 'ESPR_Talon'), 3750, 0.75, 0.6, 1, 1, 1, 1, 0.6, 0.6, 0.6, 1, 1, 1, 0, 5100, 1627, NULL, 4045, 2556, 5017, 5100, 9300, 1627, 1627) ON CONFLICT (ship_id) DO NOTHING;
INSERT INTO ship_fuel (ship_id, hydrogen_capacity, fuel_intake_rate, fuel_usage_main, fuel_usage_retro, fuel_usage_maneuvering, maneuvering_time_till_empty, intake_to_main_ratio, quantum_capacity, quantum_range, quantum_speed, quantum_spool_time, quantum_travel_time_po, quantum_fuel_usage_po, thrust_main, thrust_retro, thrust_maneuvering, power_generation, power_used_shields, power_used_quantum, cooling_generation, cooling_used_shields, cooling_used_quantum, shield_hp_total, shield_regen_total) VALUES ((SELECT id FROM ships WHERE reference = 'ESPR_Talon'), 8000, 0, 69.37, 22.57, 60.11, 80.46, 0, 1100, 66026410564, 140000000, 4, 299, 699, 7479260, 2433082, 19235803.599999998, 14, 17.6, 15.6, 44, 25.6, 25.6, 5610, 351) ON CONFLICT (ship_id) DO NOTHING;
INSERT INTO ship_insurance (ship_id, expedited_cost, expedited_claim_time, standard_claim_time) VALUES ((SELECT id FROM ships WHERE reference = 'ESPR_Talon'), 5243, 3.78, 11.34) ON CONFLICT (ship_id) DO NOTHING;
INSERT INTO ship_flight_stats (ship_id, scm_speed, max_speed, boost_speed_forward, boost_speed_backward, pitch, yaw, roll, pitch_boosted, yaw_boosted, roll_boosted, accel_forward, accel_backward, accel_up, accel_down, accel_strafe, accel_forward_g, accel_backward_g, accel_up_g, accel_down_g, accel_strafe_g, boost_mult_forward, boost_mult_backward, boost_mult_up, boost_mult_strafe, boost_capacitor_max, boost_regen_per_sec, boost_regen_time, zero_to_scm, zero_to_max, scm_to_zero, mass_empty, mass_loadout, mass_total) VALUES ((SELECT id FROM ships WHERE reference = 'ESPR_Talon_Shrike'), 225, 1190, 500, 260, 68, 54, 195, 81.6, 64.8, 234, 161.74, 52.62, 42.84, 0, 0, 16.49, 5.37, 4.37, 0, 0, 1.55, 1.4, 1.3, 1.3, 20, 0.75, 26.9, 1.39, 7.36, 4.28, 46242, 13628, 59870) ON CONFLICT (ship_id) DO NOTHING;
INSERT INTO ship_resistances (ship_id, armor_hp, dmg_mult_physical, dmg_mult_energy, dmg_mult_distortion, dmg_mult_thermal, dmg_mult_biochemical, dmg_mult_stun, sig_mult_cross_section, sig_mult_infrared, sig_mult_electromagnetic, pen_resist_base, pen_resist_physical, pen_resist_energy, pen_resist_distortion, base_em_signature, base_ir_signature, base_cs_signature, cross_section_x, cross_section_y, cross_section_z, em_total_shields, em_total_quantum, ir_total_shields, ir_total_quantum) VALUES ((SELECT id FROM ships WHERE reference = 'ESPR_Talon_Shrike'), 3750, 0.75, 0.6, 1, 1, 1, 1, 0.6, 0.6, 0.6, 1, 1, 1, 0, 4622, 1551, NULL, 4045, 2556, 5017, 4622, 8822, 1551, 1551) ON CONFLICT (ship_id) DO NOTHING;
INSERT INTO ship_fuel (ship_id, hydrogen_capacity, fuel_intake_rate, fuel_usage_main, fuel_usage_retro, fuel_usage_maneuvering, maneuvering_time_till_empty, intake_to_main_ratio, quantum_capacity, quantum_range, quantum_speed, quantum_spool_time, quantum_travel_time_po, quantum_fuel_usage_po, thrust_main, thrust_retro, thrust_maneuvering, power_generation, power_used_shields, power_used_quantum, cooling_generation, cooling_used_shields, cooling_used_quantum, shield_hp_total, shield_regen_total) VALUES ((SELECT id FROM ships WHERE reference = 'ESPR_Talon_Shrike'), 8000, 0, 69.37, 22.57, 60.11, 80.46, 0, 1100, 66026410564, 140000000, 4, 299, 699, 7479260, 2433082, 19235803.599999998, 14, 16.4, 14.4, 44, 24.4, 24.4, 5610, 351) ON CONFLICT (ship_id) DO NOTHING;
INSERT INTO ship_insurance (ship_id, expedited_cost, expedited_claim_time, standard_claim_time) VALUES ((SELECT id FROM ships WHERE reference = 'ESPR_Talon_Shrike'), 7183, 3.78, 11.34) ON CONFLICT (ship_id) DO NOTHING;
INSERT INTO ship_flight_stats (ship_id, scm_speed, max_speed, boost_speed_forward, boost_speed_backward, pitch, yaw, roll, pitch_boosted, yaw_boosted, roll_boosted, accel_forward, accel_backward, accel_up, accel_down, accel_strafe, accel_forward_g, accel_backward_g, accel_up_g, accel_down_g, accel_strafe_g, boost_mult_forward, boost_mult_backward, boost_mult_up, boost_mult_strafe, boost_capacitor_max, boost_regen_per_sec, boost_regen_time, zero_to_scm, zero_to_max, scm_to_zero, mass_empty, mass_loadout, mass_total) VALUES ((SELECT id FROM ships WHERE reference = 'GAMA_Syulen'), 225, 1175, 450, 230, 42, 42, 135, 50.4, 50.4, 162, 108.56, 48.27, 0, 0, 0, 11.07, 4.92, 0, 0, 0, 1.55, 1.4, 1.3, 1.3, 20, 0.75, 26.9, 2.07, 10.82, 4.66, 77877, 15687, 93564) ON CONFLICT (ship_id) DO NOTHING;
INSERT INTO ship_resistances (ship_id, armor_hp, dmg_mult_physical, dmg_mult_energy, dmg_mult_distortion, dmg_mult_thermal, dmg_mult_biochemical, dmg_mult_stun, sig_mult_cross_section, sig_mult_infrared, sig_mult_electromagnetic, pen_resist_base, pen_resist_physical, pen_resist_energy, pen_resist_distortion, base_em_signature, base_ir_signature, base_cs_signature, cross_section_x, cross_section_y, cross_section_z, em_total_shields, em_total_quantum, ir_total_shields, ir_total_quantum) VALUES ((SELECT id FROM ships WHERE reference = 'GAMA_Syulen'), 5440, 0.75, 0.6, 1, 1, 1, 1, 1, 1, 1, 1, 1, 1, 0, 12207, 4577, NULL, NULL, NULL, NULL, 12207, 32307, 4577, 3946) ON CONFLICT (ship_id) DO NOTHING;
INSERT INTO ship_fuel (ship_id, hydrogen_capacity, fuel_intake_rate, fuel_usage_main, fuel_usage_retro, fuel_usage_maneuvering, maneuvering_time_till_empty, intake_to_main_ratio, quantum_capacity, quantum_range, quantum_speed, quantum_spool_time, quantum_travel_time_po, quantum_fuel_usage_po, thrust_main, thrust_retro, thrust_maneuvering, power_generation, power_used_shields, power_used_quantum, cooling_generation, cooling_used_shields, cooling_used_quantum, shield_hp_total, shield_regen_total) VALUES ((SELECT id FROM ships WHERE reference = 'GAMA_Syulen'), 40000, 0, 67.63, 30.07, 182.42, 251.83, 0, 1100, 187074829932, 168000000, 4, 250, 247, 8454000, 3759000, 30403000, 14, 19, 15, 23, 29, 25, 5400, 356) ON CONFLICT (ship_id) DO NOTHING;
INSERT INTO ship_insurance (ship_id, expedited_cost, expedited_claim_time, standard_claim_time) VALUES ((SELECT id FROM ships WHERE reference = 'GAMA_Syulen'), 2000, 1.1, 2.95) ON CONFLICT (ship_id) DO NOTHING;
INSERT INTO ship_flight_stats (ship_id, scm_speed, max_speed, boost_speed_forward, boost_speed_backward, pitch, yaw, roll, pitch_boosted, yaw_boosted, roll_boosted, accel_forward, accel_backward, accel_up, accel_down, accel_strafe, accel_forward_g, accel_backward_g, accel_up_g, accel_down_g, accel_strafe_g, boost_mult_forward, boost_mult_backward, boost_mult_up, boost_mult_strafe, boost_capacitor_max, boost_regen_per_sec, boost_regen_time, zero_to_scm, zero_to_max, scm_to_zero, mass_empty, mass_loadout, mass_total) VALUES ((SELECT id FROM ships WHERE reference = 'GAMA_Syulen_Exec_Military'), 225, 1175, 450, 230, 42, 42, 135, 50.4, 50.4, 162, 108.56, 48.27, 0, 0, 0, 11.07, 4.92, 0, 0, 0, 1.55, 1.4, 1.3, 1.3, 20, 0.75, 26.9, 2.07, 10.82, 4.66, 77877, 15566, 93443) ON CONFLICT (ship_id) DO NOTHING;
INSERT INTO ship_resistances (ship_id, armor_hp, dmg_mult_physical, dmg_mult_energy, dmg_mult_distortion, dmg_mult_thermal, dmg_mult_biochemical, dmg_mult_stun, sig_mult_cross_section, sig_mult_infrared, sig_mult_electromagnetic, pen_resist_base, pen_resist_physical, pen_resist_energy, pen_resist_distortion, base_em_signature, base_ir_signature, base_cs_signature, cross_section_x, cross_section_y, cross_section_z, em_total_shields, em_total_quantum, ir_total_shields, ir_total_quantum) VALUES ((SELECT id FROM ships WHERE reference = 'GAMA_Syulen_Exec_Military'), 5440, 0.75, 0.6, 1, 1, 1, 1, 1, 1, 1, 1, 1, 1, 0, 12086, 6930, NULL, NULL, NULL, NULL, 12086, 34406, 6930, 5679) ON CONFLICT (ship_id) DO NOTHING;
INSERT INTO ship_fuel (ship_id, hydrogen_capacity, fuel_intake_rate, fuel_usage_main, fuel_usage_retro, fuel_usage_maneuvering, maneuvering_time_till_empty, intake_to_main_ratio, quantum_capacity, quantum_range, quantum_speed, quantum_spool_time, quantum_travel_time_po, quantum_fuel_usage_po, thrust_main, thrust_retro, thrust_maneuvering, power_generation, power_used_shields, power_used_quantum, cooling_generation, cooling_used_shields, cooling_used_quantum, shield_hp_total, shield_regen_total) VALUES ((SELECT id FROM ships WHERE reference = 'GAMA_Syulen_Exec_Military'), 40000, 0, 67.63, 30.07, 182.42, 251.83, 0, 1100, 200437317784, 257000000, 4, 163, 230, 8454000, 3759000, 30403000, 14, 21.25, 15.25, 38, 33.25, 27.25, 7920, 576) ON CONFLICT (ship_id) DO NOTHING;
INSERT INTO ship_insurance (ship_id, expedited_cost, expedited_claim_time, standard_claim_time) VALUES ((SELECT id FROM ships WHERE reference = 'GAMA_Syulen_Exec_Military'), 2000, 1.1, 2.95) ON CONFLICT (ship_id) DO NOTHING;
INSERT INTO ship_flight_stats (ship_id, scm_speed, max_speed, boost_speed_forward, boost_speed_backward, pitch, yaw, roll, pitch_boosted, yaw_boosted, roll_boosted, accel_forward, accel_backward, accel_up, accel_down, accel_strafe, accel_forward_g, accel_backward_g, accel_up_g, accel_down_g, accel_strafe_g, boost_mult_forward, boost_mult_backward, boost_mult_up, boost_mult_strafe, boost_capacitor_max, boost_regen_per_sec, boost_regen_time, zero_to_scm, zero_to_max, scm_to_zero, mass_empty, mass_loadout, mass_total) VALUES ((SELECT id FROM ships WHERE reference = 'GAMA_Syulen_Exec_Stealth'), 225, 1175, 450, 230, 42, 42, 135, 50.4, 50.4, 162, 108.56, 48.27, 0, 0, 0, 11.07, 4.92, 0, 0, 0, 1.55, 1.4, 1.3, 1.3, 20, 0.75, 26.9, 2.07, 10.82, 4.66, 77877, 15418, 93295) ON CONFLICT (ship_id) DO NOTHING;
INSERT INTO ship_resistances (ship_id, armor_hp, dmg_mult_physical, dmg_mult_energy, dmg_mult_distortion, dmg_mult_thermal, dmg_mult_biochemical, dmg_mult_stun, sig_mult_cross_section, sig_mult_infrared, sig_mult_electromagnetic, pen_resist_base, pen_resist_physical, pen_resist_energy, pen_resist_distortion, base_em_signature, base_ir_signature, base_cs_signature, cross_section_x, cross_section_y, cross_section_z, em_total_shields, em_total_quantum, ir_total_shields, ir_total_quantum) VALUES ((SELECT id FROM ships WHERE reference = 'GAMA_Syulen_Exec_Stealth'), 5440, 0.75, 0.6, 1, 1, 1, 1, 1, 1, 1, 1, 1, 1, 0, 7198, 2516, NULL, NULL, NULL, NULL, 7198, 31498, 2516, 2731) ON CONFLICT (ship_id) DO NOTHING;
INSERT INTO ship_fuel (ship_id, hydrogen_capacity, fuel_intake_rate, fuel_usage_main, fuel_usage_retro, fuel_usage_maneuvering, maneuvering_time_till_empty, intake_to_main_ratio, quantum_capacity, quantum_range, quantum_speed, quantum_spool_time, quantum_travel_time_po, quantum_fuel_usage_po, thrust_main, thrust_retro, thrust_maneuvering, power_generation, power_used_shields, power_used_quantum, cooling_generation, cooling_used_shields, cooling_used_quantum, shield_hp_total, shield_regen_total) VALUES ((SELECT id FROM ships WHERE reference = 'GAMA_Syulen_Exec_Stealth'), 40000, 0, 67.63, 30.07, 182.42, 251.83, 0, 1100, 200437317784, 257000000, 4, 163, 230, 8454000, 3759000, 30403000, 14, 15.5, 13.5, 24, 23.5, 25.5, 5610, 408) ON CONFLICT (ship_id) DO NOTHING;
INSERT INTO ship_insurance (ship_id, expedited_cost, expedited_claim_time, standard_claim_time) VALUES ((SELECT id FROM ships WHERE reference = 'GAMA_Syulen_Exec_Stealth'), 2000, 1.1, 2.95) ON CONFLICT (ship_id) DO NOTHING;
INSERT INTO ship_flight_stats (ship_id, scm_speed, max_speed, boost_speed_forward, boost_speed_backward, pitch, yaw, roll, pitch_boosted, yaw_boosted, roll_boosted, accel_forward, accel_backward, accel_up, accel_down, accel_strafe, accel_forward_g, accel_backward_g, accel_up_g, accel_down_g, accel_strafe_g, boost_mult_forward, boost_mult_backward, boost_mult_up, boost_mult_strafe, boost_capacitor_max, boost_regen_per_sec, boost_regen_time, zero_to_scm, zero_to_max, scm_to_zero, mass_empty, mass_loadout, mass_total) VALUES ((SELECT id FROM ships WHERE reference = 'GLSN_Shiv'), 219, 1175, 479, 230, 50, 42, 137, 60, 50.4, 164.4, 109.58, 39.12, 0, 0, 0, 11.17, 3.99, 0, 0, 0, 1.5, 1.4, 1.3, 1.35, 20, 0.75, 26.9, 2, 10.72, 5.6, 206577, 14029, 220606) ON CONFLICT (ship_id) DO NOTHING;
INSERT INTO ship_resistances (ship_id, armor_hp, dmg_mult_physical, dmg_mult_energy, dmg_mult_distortion, dmg_mult_thermal, dmg_mult_biochemical, dmg_mult_stun, sig_mult_cross_section, sig_mult_infrared, sig_mult_electromagnetic, pen_resist_base, pen_resist_physical, pen_resist_energy, pen_resist_distortion, base_em_signature, base_ir_signature, base_cs_signature, cross_section_x, cross_section_y, cross_section_z, em_total_shields, em_total_quantum, ir_total_shields, ir_total_quantum) VALUES ((SELECT id FROM ships WHERE reference = 'GLSN_Shiv'), 10125, 0.75, 0.6, 1, 1, 1, 1, 1, 1, 1, 1, 1, 1, 0, 17643, 6179, NULL, 4380, 8628, 10213, 17643, 39013, 6179, 6179) ON CONFLICT (ship_id) DO NOTHING;
INSERT INTO ship_fuel (ship_id, hydrogen_capacity, fuel_intake_rate, fuel_usage_main, fuel_usage_retro, fuel_usage_maneuvering, maneuvering_time_till_empty, intake_to_main_ratio, quantum_capacity, quantum_range, quantum_speed, quantum_spool_time, quantum_travel_time_po, quantum_fuel_usage_po, thrust_main, thrust_retro, thrust_maneuvering, power_generation, power_used_shields, power_used_quantum, cooling_generation, cooling_used_shields, cooling_used_quantum, shield_hp_total, shield_regen_total) VALUES ((SELECT id FROM ships WHERE reference = 'GLSN_Shiv'), 32000, 20, 237.68, 84.86, 633.35, 57.72, 0.08, 1650, 151376146789, 201000000, 6, 209, 457, 22636652, 8081904, 50668126, 18, 27.2, 24.2, 68, 38.2, 38.2, 9000, 564) ON CONFLICT (ship_id) DO NOTHING;
INSERT INTO ship_insurance (ship_id, expedited_cost, expedited_claim_time, standard_claim_time) VALUES ((SELECT id FROM ships WHERE reference = 'GLSN_Shiv'), 14820, 4.5, 18) ON CONFLICT (ship_id) DO NOTHING;
INSERT INTO ship_flight_stats (ship_id, scm_speed, max_speed, boost_speed_forward, boost_speed_backward, pitch, yaw, roll, pitch_boosted, yaw_boosted, roll_boosted, accel_forward, accel_backward, accel_up, accel_down, accel_strafe, accel_forward_g, accel_backward_g, accel_up_g, accel_down_g, accel_strafe_g, boost_mult_forward, boost_mult_backward, boost_mult_up, boost_mult_strafe, boost_capacitor_max, boost_regen_per_sec, boost_regen_time, zero_to_scm, zero_to_max, scm_to_zero, mass_empty, mass_loadout, mass_total) VALUES ((SELECT id FROM ships WHERE reference = 'GRIN_MDC'), NULL, NULL, NULL, NULL, NULL, NULL, NULL, NULL, NULL, NULL, NULL, NULL, NULL, NULL, NULL, NULL, NULL, NULL, NULL, NULL, NULL, NULL, NULL, NULL, NULL, NULL, NULL, NULL, NULL, NULL, 53700, 1407, 55107) ON CONFLICT (ship_id) DO NOTHING;
INSERT INTO ship_resistances (ship_id, armor_hp, dmg_mult_physical, dmg_mult_energy, dmg_mult_distortion, dmg_mult_thermal, dmg_mult_biochemical, dmg_mult_stun, sig_mult_cross_section, sig_mult_infrared, sig_mult_electromagnetic, pen_resist_base, pen_resist_physical, pen_resist_energy, pen_resist_distortion, base_em_signature, base_ir_signature, base_cs_signature, cross_section_x, cross_section_y, cross_section_z, em_total_shields, em_total_quantum, ir_total_shields, ir_total_quantum) VALUES ((SELECT id FROM ships WHERE reference = 'GRIN_MDC'), 1463, 0.6, 0.4, 1, 1, 1, 1, 1, 0.4, 0.4, 1, 1, 1, 0, 1804, 694, NULL, NULL, NULL, NULL, 1804, 1804, 694, 694) ON CONFLICT (ship_id) DO NOTHING;
INSERT INTO ship_fuel (ship_id, hydrogen_capacity, fuel_intake_rate, fuel_usage_main, fuel_usage_retro, fuel_usage_maneuvering, maneuvering_time_till_empty, intake_to_main_ratio, quantum_capacity, quantum_range, quantum_speed, quantum_spool_time, quantum_travel_time_po, quantum_fuel_usage_po, thrust_main, thrust_retro, thrust_maneuvering, power_generation, power_used_shields, power_used_quantum, cooling_generation, cooling_used_shields, cooling_used_quantum, shield_hp_total, shield_regen_total) VALUES ((SELECT id FROM ships WHERE reference = 'GRIN_MDC'), 23625, 0, 0, 0, 0, NULL, NULL, NULL, NULL, NULL, NULL, NULL, NULL, 0, 0, 0, 11, 6.1, 6.1, 16, 11.1, 11.1, 900, 34) ON CONFLICT (ship_id) DO NOTHING;
INSERT INTO ship_insurance (ship_id, expedited_cost, expedited_claim_time, standard_claim_time) VALUES ((SELECT id FROM ships WHERE reference = 'GRIN_MDC'), 5060, 1.3, 5.1) ON CONFLICT (ship_id) DO NOTHING;
INSERT INTO ship_flight_stats (ship_id, scm_speed, max_speed, boost_speed_forward, boost_speed_backward, pitch, yaw, roll, pitch_boosted, yaw_boosted, roll_boosted, accel_forward, accel_backward, accel_up, accel_down, accel_strafe, accel_forward_g, accel_backward_g, accel_up_g, accel_down_g, accel_strafe_g, boost_mult_forward, boost_mult_backward, boost_mult_up, boost_mult_strafe, boost_capacitor_max, boost_regen_per_sec, boost_regen_time, zero_to_scm, zero_to_max, scm_to_zero, mass_empty, mass_loadout, mass_total) VALUES ((SELECT id FROM ships WHERE reference = 'GRIN_MTC'), NULL, NULL, NULL, NULL, NULL, NULL, NULL, NULL, NULL, NULL, NULL, NULL, NULL, NULL, NULL, NULL, NULL, NULL, NULL, NULL, NULL, NULL, NULL, NULL, NULL, NULL, NULL, NULL, NULL, NULL, 53700, 603, 54303) ON CONFLICT (ship_id) DO NOTHING;
INSERT INTO ship_resistances (ship_id, armor_hp, dmg_mult_physical, dmg_mult_energy, dmg_mult_distortion, dmg_mult_thermal, dmg_mult_biochemical, dmg_mult_stun, sig_mult_cross_section, sig_mult_infrared, sig_mult_electromagnetic, pen_resist_base, pen_resist_physical, pen_resist_energy, pen_resist_distortion, base_em_signature, base_ir_signature, base_cs_signature, cross_section_x, cross_section_y, cross_section_z, em_total_shields, em_total_quantum, ir_total_shields, ir_total_quantum) VALUES ((SELECT id FROM ships WHERE reference = 'GRIN_MTC'), 1463, 0.6, 0.4, 1, 1, 1, 1, 1, 0.4, 0.4, 1, 1, 1, 0, 2184, 763, NULL, NULL, NULL, NULL, 2184, 2184, 763, 763) ON CONFLICT (ship_id) DO NOTHING;
INSERT INTO ship_fuel (ship_id, hydrogen_capacity, fuel_intake_rate, fuel_usage_main, fuel_usage_retro, fuel_usage_maneuvering, maneuvering_time_till_empty, intake_to_main_ratio, quantum_capacity, quantum_range, quantum_speed, quantum_spool_time, quantum_travel_time_po, quantum_fuel_usage_po, thrust_main, thrust_retro, thrust_maneuvering, power_generation, power_used_shields, power_used_quantum, cooling_generation, cooling_used_shields, cooling_used_quantum, shield_hp_total, shield_regen_total) VALUES ((SELECT id FROM ships WHERE reference = 'GRIN_MTC'), 23625, 0, 0, 0, 0, NULL, NULL, NULL, NULL, NULL, NULL, NULL, NULL, 0, 0, 0, 11, 7.2, 7.2, 16, 12.2, 12.2, 900, 34) ON CONFLICT (ship_id) DO NOTHING;
INSERT INTO ship_insurance (ship_id, expedited_cost, expedited_claim_time, standard_claim_time) VALUES ((SELECT id FROM ships WHERE reference = 'GRIN_MTC'), 540, 0.54, 2.17) ON CONFLICT (ship_id) DO NOTHING;
INSERT INTO ship_flight_stats (ship_id, scm_speed, max_speed, boost_speed_forward, boost_speed_backward, pitch, yaw, roll, pitch_boosted, yaw_boosted, roll_boosted, accel_forward, accel_backward, accel_up, accel_down, accel_strafe, accel_forward_g, accel_backward_g, accel_up_g, accel_down_g, accel_strafe_g, boost_mult_forward, boost_mult_backward, boost_mult_up, boost_mult_strafe, boost_capacitor_max, boost_regen_per_sec, boost_regen_time, zero_to_scm, zero_to_max, scm_to_zero, mass_empty, mass_loadout, mass_total) VALUES ((SELECT id FROM ships WHERE reference = 'GRIN_PTV'), NULL, NULL, NULL, NULL, NULL, NULL, NULL, NULL, NULL, NULL, NULL, NULL, NULL, NULL, NULL, NULL, NULL, NULL, NULL, NULL, NULL, NULL, NULL, NULL, NULL, NULL, NULL, NULL, NULL, NULL, 14690, 124, 14814) ON CONFLICT (ship_id) DO NOTHING;
INSERT INTO ship_resistances (ship_id, armor_hp, dmg_mult_physical, dmg_mult_energy, dmg_mult_distortion, dmg_mult_thermal, dmg_mult_biochemical, dmg_mult_stun, sig_mult_cross_section, sig_mult_infrared, sig_mult_electromagnetic, pen_resist_base, pen_resist_physical, pen_resist_energy, pen_resist_distortion, base_em_signature, base_ir_signature, base_cs_signature, cross_section_x, cross_section_y, cross_section_z, em_total_shields, em_total_quantum, ir_total_shields, ir_total_quantum) VALUES ((SELECT id FROM ships WHERE reference = 'GRIN_PTV'), NULL, NULL, NULL, NULL, NULL, NULL, NULL, NULL, NULL, NULL, NULL, NULL, NULL, NULL, 1500, 781, NULL, 814, 857, 429, 1500, 1500, 781, 781) ON CONFLICT (ship_id) DO NOTHING;
INSERT INTO ship_fuel (ship_id, hydrogen_capacity, fuel_intake_rate, fuel_usage_main, fuel_usage_retro, fuel_usage_maneuvering, maneuvering_time_till_empty, intake_to_main_ratio, quantum_capacity, quantum_range, quantum_speed, quantum_spool_time, quantum_travel_time_po, quantum_fuel_usage_po, thrust_main, thrust_retro, thrust_maneuvering, power_generation, power_used_shields, power_used_quantum, cooling_generation, cooling_used_shields, cooling_used_quantum, shield_hp_total, shield_regen_total) VALUES ((SELECT id FROM ships WHERE reference = 'GRIN_PTV'), 1000, 15, 0, 0, 0, NULL, NULL, NULL, NULL, NULL, NULL, NULL, NULL, 0, 0, 0, 10, 3, 3, 16, 5, 5, NULL, NULL) ON CONFLICT (ship_id) DO NOTHING;
INSERT INTO ship_insurance (ship_id, expedited_cost, expedited_claim_time, standard_claim_time) VALUES ((SELECT id FROM ships WHERE reference = 'GRIN_PTV'), 115, 0.09, 0.28) ON CONFLICT (ship_id) DO NOTHING;
INSERT INTO ship_flight_stats (ship_id, scm_speed, max_speed, boost_speed_forward, boost_speed_backward, pitch, yaw, roll, pitch_boosted, yaw_boosted, roll_boosted, accel_forward, accel_backward, accel_up, accel_down, accel_strafe, accel_forward_g, accel_backward_g, accel_up_g, accel_down_g, accel_strafe_g, boost_mult_forward, boost_mult_backward, boost_mult_up, boost_mult_strafe, boost_capacitor_max, boost_regen_per_sec, boost_regen_time, zero_to_scm, zero_to_max, scm_to_zero, mass_empty, mass_loadout, mass_total) VALUES ((SELECT id FROM ships WHERE reference = 'GRIN_ROC'), NULL, NULL, NULL, NULL, NULL, NULL, NULL, NULL, NULL, NULL, NULL, NULL, NULL, NULL, NULL, NULL, NULL, NULL, NULL, NULL, NULL, NULL, NULL, NULL, NULL, NULL, NULL, NULL, NULL, NULL, 22470, 558, 23028) ON CONFLICT (ship_id) DO NOTHING;
INSERT INTO ship_resistances (ship_id, armor_hp, dmg_mult_physical, dmg_mult_energy, dmg_mult_distortion, dmg_mult_thermal, dmg_mult_biochemical, dmg_mult_stun, sig_mult_cross_section, sig_mult_infrared, sig_mult_electromagnetic, pen_resist_base, pen_resist_physical, pen_resist_energy, pen_resist_distortion, base_em_signature, base_ir_signature, base_cs_signature, cross_section_x, cross_section_y, cross_section_z, em_total_shields, em_total_quantum, ir_total_shields, ir_total_quantum) VALUES ((SELECT id FROM ships WHERE reference = 'GRIN_ROC'), 2486, 0.6, 0.4, 1, 1, 1, 1, 1, 0.4, 0.4, 1, 1, 1, 0, 2690, 688, NULL, 720, 559, 821, 2690, 2690, 688, 688) ON CONFLICT (ship_id) DO NOTHING;
INSERT INTO ship_fuel (ship_id, hydrogen_capacity, fuel_intake_rate, fuel_usage_main, fuel_usage_retro, fuel_usage_maneuvering, maneuvering_time_till_empty, intake_to_main_ratio, quantum_capacity, quantum_range, quantum_speed, quantum_spool_time, quantum_travel_time_po, quantum_fuel_usage_po, thrust_main, thrust_retro, thrust_maneuvering, power_generation, power_used_shields, power_used_quantum, cooling_generation, cooling_used_shields, cooling_used_quantum, shield_hp_total, shield_regen_total) VALUES ((SELECT id FROM ships WHERE reference = 'GRIN_ROC'), 0, 0, 0, 0, 0, NULL, NULL, NULL, NULL, NULL, NULL, NULL, NULL, 0, 0, 0, 12, 6, 6, 16, 11, 11, NULL, NULL) ON CONFLICT (ship_id) DO NOTHING;
INSERT INTO ship_insurance (ship_id, expedited_cost, expedited_claim_time, standard_claim_time) VALUES ((SELECT id FROM ships WHERE reference = 'GRIN_ROC'), 1460, 1.11, 3.54) ON CONFLICT (ship_id) DO NOTHING;
INSERT INTO ship_flight_stats (ship_id, scm_speed, max_speed, boost_speed_forward, boost_speed_backward, pitch, yaw, roll, pitch_boosted, yaw_boosted, roll_boosted, accel_forward, accel_backward, accel_up, accel_down, accel_strafe, accel_forward_g, accel_backward_g, accel_up_g, accel_down_g, accel_strafe_g, boost_mult_forward, boost_mult_backward, boost_mult_up, boost_mult_strafe, boost_capacitor_max, boost_regen_per_sec, boost_regen_time, zero_to_scm, zero_to_max, scm_to_zero, mass_empty, mass_loadout, mass_total) VALUES ((SELECT id FROM ships WHERE reference = 'GRIN_ROC_DS'), NULL, NULL, NULL, NULL, NULL, NULL, NULL, NULL, NULL, NULL, NULL, NULL, NULL, NULL, NULL, NULL, NULL, NULL, NULL, NULL, NULL, NULL, NULL, NULL, NULL, NULL, NULL, NULL, NULL, NULL, 30580, 528, 31108) ON CONFLICT (ship_id) DO NOTHING;
INSERT INTO ship_resistances (ship_id, armor_hp, dmg_mult_physical, dmg_mult_energy, dmg_mult_distortion, dmg_mult_thermal, dmg_mult_biochemical, dmg_mult_stun, sig_mult_cross_section, sig_mult_infrared, sig_mult_electromagnetic, pen_resist_base, pen_resist_physical, pen_resist_energy, pen_resist_distortion, base_em_signature, base_ir_signature, base_cs_signature, cross_section_x, cross_section_y, cross_section_z, em_total_shields, em_total_quantum, ir_total_shields, ir_total_quantum) VALUES ((SELECT id FROM ships WHERE reference = 'GRIN_ROC_DS'), 2486, 0.6, 0.4, 1, 1, 1, 1, 1, 0.4, 0.4, 1, 1, 1, 0, 3010, 688, NULL, 815, 793, 642, 3010, 3010, 688, 688) ON CONFLICT (ship_id) DO NOTHING;
INSERT INTO ship_fuel (ship_id, hydrogen_capacity, fuel_intake_rate, fuel_usage_main, fuel_usage_retro, fuel_usage_maneuvering, maneuvering_time_till_empty, intake_to_main_ratio, quantum_capacity, quantum_range, quantum_speed, quantum_spool_time, quantum_travel_time_po, quantum_fuel_usage_po, thrust_main, thrust_retro, thrust_maneuvering, power_generation, power_used_shields, power_used_quantum, cooling_generation, cooling_used_shields, cooling_used_quantum, shield_hp_total, shield_regen_total) VALUES ((SELECT id FROM ships WHERE reference = 'GRIN_ROC_DS'), 0, 0, 0, 0, 0, NULL, NULL, NULL, NULL, NULL, NULL, NULL, NULL, 0, 0, 0, 12, 6, 6, 16, 11, 11, NULL, NULL) ON CONFLICT (ship_id) DO NOTHING;
INSERT INTO ship_insurance (ship_id, expedited_cost, expedited_claim_time, standard_claim_time) VALUES ((SELECT id FROM ships WHERE reference = 'GRIN_ROC_DS'), 1825, 1.39, 4.43) ON CONFLICT (ship_id) DO NOTHING;
INSERT INTO ship_flight_stats (ship_id, scm_speed, max_speed, boost_speed_forward, boost_speed_backward, pitch, yaw, roll, pitch_boosted, yaw_boosted, roll_boosted, accel_forward, accel_backward, accel_up, accel_down, accel_strafe, accel_forward_g, accel_backward_g, accel_up_g, accel_down_g, accel_strafe_g, boost_mult_forward, boost_mult_backward, boost_mult_up, boost_mult_strafe, boost_capacitor_max, boost_regen_per_sec, boost_regen_time, zero_to_scm, zero_to_max, scm_to_zero, mass_empty, mass_loadout, mass_total) VALUES ((SELECT id FROM ships WHERE reference = 'GRIN_STV'), NULL, NULL, NULL, NULL, NULL, NULL, NULL, NULL, NULL, NULL, NULL, NULL, NULL, NULL, NULL, NULL, NULL, NULL, NULL, NULL, NULL, NULL, NULL, NULL, NULL, NULL, NULL, NULL, NULL, NULL, 22070, 164, 22234) ON CONFLICT (ship_id) DO NOTHING;
INSERT INTO ship_resistances (ship_id, armor_hp, dmg_mult_physical, dmg_mult_energy, dmg_mult_distortion, dmg_mult_thermal, dmg_mult_biochemical, dmg_mult_stun, sig_mult_cross_section, sig_mult_infrared, sig_mult_electromagnetic, pen_resist_base, pen_resist_physical, pen_resist_energy, pen_resist_distortion, base_em_signature, base_ir_signature, base_cs_signature, cross_section_x, cross_section_y, cross_section_z, em_total_shields, em_total_quantum, ir_total_shields, ir_total_quantum) VALUES ((SELECT id FROM ships WHERE reference = 'GRIN_STV'), 1463, 0.75, 0.6, 1, 1, 1, 1, 1, 0.7, 1, 1, 1, 1, 0, 3050, 984, NULL, 574, 319, 906, 3050, 3050, 984, 984) ON CONFLICT (ship_id) DO NOTHING;
INSERT INTO ship_fuel (ship_id, hydrogen_capacity, fuel_intake_rate, fuel_usage_main, fuel_usage_retro, fuel_usage_maneuvering, maneuvering_time_till_empty, intake_to_main_ratio, quantum_capacity, quantum_range, quantum_speed, quantum_spool_time, quantum_travel_time_po, quantum_fuel_usage_po, thrust_main, thrust_retro, thrust_maneuvering, power_generation, power_used_shields, power_used_quantum, cooling_generation, cooling_used_shields, cooling_used_quantum, shield_hp_total, shield_regen_total) VALUES ((SELECT id FROM ships WHERE reference = 'GRIN_STV'), 0, 0, 0, 0, 0, NULL, NULL, NULL, NULL, NULL, NULL, NULL, NULL, 0, 0, 0, 10, 5, 5, 16, 9, 9, NULL, NULL) ON CONFLICT (ship_id) DO NOTHING;
INSERT INTO ship_insurance (ship_id, expedited_cost, expedited_claim_time, standard_claim_time) VALUES ((SELECT id FROM ships WHERE reference = 'GRIN_STV'), 540, 0.54, 2.17) ON CONFLICT (ship_id) DO NOTHING;
INSERT INTO ship_flight_stats (ship_id, scm_speed, max_speed, boost_speed_forward, boost_speed_backward, pitch, yaw, roll, pitch_boosted, yaw_boosted, roll_boosted, accel_forward, accel_backward, accel_up, accel_down, accel_strafe, accel_forward_g, accel_backward_g, accel_up_g, accel_down_g, accel_strafe_g, boost_mult_forward, boost_mult_backward, boost_mult_up, boost_mult_strafe, boost_capacitor_max, boost_regen_per_sec, boost_regen_time, zero_to_scm, zero_to_max, scm_to_zero, mass_empty, mass_loadout, mass_total) VALUES ((SELECT id FROM ships WHERE reference = 'KRIG_L21_Wolf'), 230, 1225, 510, 250, 72, 52, 210, 86.4, 62.4, 252, 228.03, 72.05, 0, 0, 0, 23.25, 7.35, 0, 0, 0, 1.4, 1.3, 1.3, 1.35, 20, 0.75, 26.9, 1.01, 5.37, 3.19, 23350, 13125, 36475) ON CONFLICT (ship_id) DO NOTHING;
INSERT INTO ship_resistances (ship_id, armor_hp, dmg_mult_physical, dmg_mult_energy, dmg_mult_distortion, dmg_mult_thermal, dmg_mult_biochemical, dmg_mult_stun, sig_mult_cross_section, sig_mult_infrared, sig_mult_electromagnetic, pen_resist_base, pen_resist_physical, pen_resist_energy, pen_resist_distortion, base_em_signature, base_ir_signature, base_cs_signature, cross_section_x, cross_section_y, cross_section_z, em_total_shields, em_total_quantum, ir_total_shields, ir_total_quantum) VALUES ((SELECT id FROM ships WHERE reference = 'KRIG_L21_Wolf'), 3375, 0.75, 0.6, 1, 1, 1, 1, 1.12, 1.12, 1.12, 1, 1, 1, 0, 14143, 4985, NULL, 5000, 833, 3200, 14143, 36655, 4985, 4278) ON CONFLICT (ship_id) DO NOTHING;
INSERT INTO ship_fuel (ship_id, hydrogen_capacity, fuel_intake_rate, fuel_usage_main, fuel_usage_retro, fuel_usage_maneuvering, maneuvering_time_till_empty, intake_to_main_ratio, quantum_capacity, quantum_range, quantum_speed, quantum_spool_time, quantum_travel_time_po, quantum_fuel_usage_po, thrust_main, thrust_retro, thrust_maneuvering, power_generation, power_used_shields, power_used_quantum, cooling_generation, cooling_used_shields, cooling_used_quantum, shield_hp_total, shield_regen_total) VALUES ((SELECT id FROM ships WHERE reference = 'KRIG_L21_Wolf'), 9000, 0, 66.56, 21.03, 156.77, 62.09, 0, 900, 153061224490, 168000000, 4, 250, 247, 5324400, 1682382.8, 12541606.391418, 14, 18.2, 14.2, 46, 28.2, 24.2, 5400, 356) ON CONFLICT (ship_id) DO NOTHING;
INSERT INTO ship_insurance (ship_id, expedited_cost, expedited_claim_time, standard_claim_time) VALUES ((SELECT id FROM ships WHERE reference = 'KRIG_L21_Wolf'), 6190, 1.75, 7) ON CONFLICT (ship_id) DO NOTHING;
INSERT INTO ship_flight_stats (ship_id, scm_speed, max_speed, boost_speed_forward, boost_speed_backward, pitch, yaw, roll, pitch_boosted, yaw_boosted, roll_boosted, accel_forward, accel_backward, accel_up, accel_down, accel_strafe, accel_forward_g, accel_backward_g, accel_up_g, accel_down_g, accel_strafe_g, boost_mult_forward, boost_mult_backward, boost_mult_up, boost_mult_strafe, boost_capacitor_max, boost_regen_per_sec, boost_regen_time, zero_to_scm, zero_to_max, scm_to_zero, mass_empty, mass_loadout, mass_total) VALUES ((SELECT id FROM ships WHERE reference = 'KRIG_L21_Wolf_Collector_Military'), 230, 1225, 510, 250, 72, 52, 210, 86.4, 62.4, 252, 228.03, 72.05, 0, 0, 0, 23.25, 7.35, 0, 0, 0, 1.4, 1.3, 1.3, 1.35, 20, 0.75, 26.9, 1.01, 5.37, 3.19, 23350, 13415, 36765) ON CONFLICT (ship_id) DO NOTHING;
INSERT INTO ship_resistances (ship_id, armor_hp, dmg_mult_physical, dmg_mult_energy, dmg_mult_distortion, dmg_mult_thermal, dmg_mult_biochemical, dmg_mult_stun, sig_mult_cross_section, sig_mult_infrared, sig_mult_electromagnetic, pen_resist_base, pen_resist_physical, pen_resist_energy, pen_resist_distortion, base_em_signature, base_ir_signature, base_cs_signature, cross_section_x, cross_section_y, cross_section_z, em_total_shields, em_total_quantum, ir_total_shields, ir_total_quantum) VALUES ((SELECT id FROM ships WHERE reference = 'KRIG_L21_Wolf_Collector_Military'), 3375, 0.75, 0.6, 1, 1, 1, 1, 1.12, 1.12, 1.12, 1, 1, 1, 0, 20798, 7983, NULL, 5000, 833, 3200, 20798, 39076, 7983, 6583) ON CONFLICT (ship_id) DO NOTHING;
INSERT INTO ship_fuel (ship_id, hydrogen_capacity, fuel_intake_rate, fuel_usage_main, fuel_usage_retro, fuel_usage_maneuvering, maneuvering_time_till_empty, intake_to_main_ratio, quantum_capacity, quantum_range, quantum_speed, quantum_spool_time, quantum_travel_time_po, quantum_fuel_usage_po, thrust_main, thrust_retro, thrust_maneuvering, power_generation, power_used_shields, power_used_quantum, cooling_generation, cooling_used_shields, cooling_used_quantum, shield_hp_total, shield_regen_total) VALUES ((SELECT id FROM ships WHERE reference = 'KRIG_L21_Wolf_Collector_Military'), 9000, 0, 66.56, 21.03, 156.77, 62.09, 0, 900, 41743970315, 266000000, 4, 158, 904, 5324400, 1682382.8, 12541606.391418, 17, 22.2, 16.2, 76, 34.2, 28.2, 7920, 576) ON CONFLICT (ship_id) DO NOTHING;
INSERT INTO ship_insurance (ship_id, expedited_cost, expedited_claim_time, standard_claim_time) VALUES ((SELECT id FROM ships WHERE reference = 'KRIG_L21_Wolf_Collector_Military'), 6190, 1.75, 7) ON CONFLICT (ship_id) DO NOTHING;
INSERT INTO ship_flight_stats (ship_id, scm_speed, max_speed, boost_speed_forward, boost_speed_backward, pitch, yaw, roll, pitch_boosted, yaw_boosted, roll_boosted, accel_forward, accel_backward, accel_up, accel_down, accel_strafe, accel_forward_g, accel_backward_g, accel_up_g, accel_down_g, accel_strafe_g, boost_mult_forward, boost_mult_backward, boost_mult_up, boost_mult_strafe, boost_capacitor_max, boost_regen_per_sec, boost_regen_time, zero_to_scm, zero_to_max, scm_to_zero, mass_empty, mass_loadout, mass_total) VALUES ((SELECT id FROM ships WHERE reference = 'KRIG_L21_Wolf_Collector_Stealth'), 230, 1225, 510, 250, 72, 52, 210, 86.4, 62.4, 252, 228.03, 72.05, 0, 0, 0, 23.25, 7.35, 0, 0, 0, 1.4, 1.3, 1.3, 1.35, 20, 0.75, 26.9, 1.01, 5.37, 3.19, 23350, 12811, 36161) ON CONFLICT (ship_id) DO NOTHING;
INSERT INTO ship_resistances (ship_id, armor_hp, dmg_mult_physical, dmg_mult_energy, dmg_mult_distortion, dmg_mult_thermal, dmg_mult_biochemical, dmg_mult_stun, sig_mult_cross_section, sig_mult_infrared, sig_mult_electromagnetic, pen_resist_base, pen_resist_physical, pen_resist_energy, pen_resist_distortion, base_em_signature, base_ir_signature, base_cs_signature, cross_section_x, cross_section_y, cross_section_z, em_total_shields, em_total_quantum, ir_total_shields, ir_total_quantum) VALUES ((SELECT id FROM ships WHERE reference = 'KRIG_L21_Wolf_Collector_Stealth'), 3375, 0.75, 0.6, 1, 1, 1, 1, 1.12, 1.12, 1.12, 1, 1, 1, 0, 7463, 2633, NULL, 5000, 833, 3200, 7463, 15303, 2633, 2633) ON CONFLICT (ship_id) DO NOTHING;
INSERT INTO ship_fuel (ship_id, hydrogen_capacity, fuel_intake_rate, fuel_usage_main, fuel_usage_retro, fuel_usage_maneuvering, maneuvering_time_till_empty, intake_to_main_ratio, quantum_capacity, quantum_range, quantum_speed, quantum_spool_time, quantum_travel_time_po, quantum_fuel_usage_po, thrust_main, thrust_retro, thrust_maneuvering, power_generation, power_used_shields, power_used_quantum, cooling_generation, cooling_used_shields, cooling_used_quantum, shield_hp_total, shield_regen_total) VALUES ((SELECT id FROM ships WHERE reference = 'KRIG_L21_Wolf_Collector_Stealth'), 9000, 0, 66.56, 21.03, 156.77, 62.09, 0, 900, 51020408163, 168000000, 4, 250, 740, 5324400, 1682382.8, 12541606.391418, 13, 14.2, 12.2, 44, 22.2, 22.2, 5610, 371) ON CONFLICT (ship_id) DO NOTHING;
INSERT INTO ship_insurance (ship_id, expedited_cost, expedited_claim_time, standard_claim_time) VALUES ((SELECT id FROM ships WHERE reference = 'KRIG_L21_Wolf_Collector_Stealth'), 6190, 1.75, 7) ON CONFLICT (ship_id) DO NOTHING;
INSERT INTO ship_flight_stats (ship_id, scm_speed, max_speed, boost_speed_forward, boost_speed_backward, pitch, yaw, roll, pitch_boosted, yaw_boosted, roll_boosted, accel_forward, accel_backward, accel_up, accel_down, accel_strafe, accel_forward_g, accel_backward_g, accel_up_g, accel_down_g, accel_strafe_g, boost_mult_forward, boost_mult_backward, boost_mult_up, boost_mult_strafe, boost_capacitor_max, boost_regen_per_sec, boost_regen_time, zero_to_scm, zero_to_max, scm_to_zero, mass_empty, mass_loadout, mass_total) VALUES ((SELECT id FROM ships WHERE reference = 'KRIG_L22_AlphaWolf'), 225, 1225, 500, 250, 74, 54, 210, 88.8, 64.8, 252, 213.82, 72.31, 0, 0, 0, 21.8, 7.37, 0, 0, 0, 1.4, 1.3, 1.3, 1.35, 20, 0.75, 26.9, 1.05, 5.73, 3.11, 23350, 13303, 36653) ON CONFLICT (ship_id) DO NOTHING;
INSERT INTO ship_resistances (ship_id, armor_hp, dmg_mult_physical, dmg_mult_energy, dmg_mult_distortion, dmg_mult_thermal, dmg_mult_biochemical, dmg_mult_stun, sig_mult_cross_section, sig_mult_infrared, sig_mult_electromagnetic, pen_resist_base, pen_resist_physical, pen_resist_energy, pen_resist_distortion, base_em_signature, base_ir_signature, base_cs_signature, cross_section_x, cross_section_y, cross_section_z, em_total_shields, em_total_quantum, ir_total_shields, ir_total_quantum) VALUES ((SELECT id FROM ships WHERE reference = 'KRIG_L22_AlphaWolf'), 3375, 0.75, 0.6, 1, 1, 1, 1, 1.12, 1.12, 1.12, 1, 1, 1, 0, 15160, 5374, NULL, 5000, 833, 3200, 15160, 34536, 5374, 5020) ON CONFLICT (ship_id) DO NOTHING;
INSERT INTO ship_fuel (ship_id, hydrogen_capacity, fuel_intake_rate, fuel_usage_main, fuel_usage_retro, fuel_usage_maneuvering, maneuvering_time_till_empty, intake_to_main_ratio, quantum_capacity, quantum_range, quantum_speed, quantum_spool_time, quantum_travel_time_po, quantum_fuel_usage_po, thrust_main, thrust_retro, thrust_maneuvering, power_generation, power_used_shields, power_used_quantum, cooling_generation, cooling_used_shields, cooling_used_quantum, shield_hp_total, shield_regen_total) VALUES ((SELECT id FROM ships WHERE reference = 'KRIG_L22_AlphaWolf'), 9000, 0, 62.41, 21.11, 164.46, 62.22, 0, 900, 41743970315, 266000000, 4, 158, 904, 4992602, 1688548.8, 13156754.196564004, 14, 20.4, 16.4, 46, 30.4, 28.4, 5400, 356) ON CONFLICT (ship_id) DO NOTHING;
INSERT INTO ship_insurance (ship_id, expedited_cost, expedited_claim_time, standard_claim_time) VALUES ((SELECT id FROM ships WHERE reference = 'KRIG_L22_AlphaWolf'), 7270, 2.22, 8.83) ON CONFLICT (ship_id) DO NOTHING;
INSERT INTO ship_flight_stats (ship_id, scm_speed, max_speed, boost_speed_forward, boost_speed_backward, pitch, yaw, roll, pitch_boosted, yaw_boosted, roll_boosted, accel_forward, accel_backward, accel_up, accel_down, accel_strafe, accel_forward_g, accel_backward_g, accel_up_g, accel_down_g, accel_strafe_g, boost_mult_forward, boost_mult_backward, boost_mult_up, boost_mult_strafe, boost_capacitor_max, boost_regen_per_sec, boost_regen_time, zero_to_scm, zero_to_max, scm_to_zero, mass_empty, mass_loadout, mass_total) VALUES ((SELECT id FROM ships WHERE reference = 'KRIG_P52_Merlin'), 275, 1450, 605, 290, 58, 50, 200, 69.6, 60, 240, 227.56, 48.4, 0, 0, 0, 23.2, 4.94, 0, 0, 0, 1.65, 1.3, 1.35, 1.35, 25, 0.75, 33.5, 1.21, 6.37, 5.68, 7599, 3982, 11581) ON CONFLICT (ship_id) DO NOTHING;
INSERT INTO ship_resistances (ship_id, armor_hp, dmg_mult_physical, dmg_mult_energy, dmg_mult_distortion, dmg_mult_thermal, dmg_mult_biochemical, dmg_mult_stun, sig_mult_cross_section, sig_mult_infrared, sig_mult_electromagnetic, pen_resist_base, pen_resist_physical, pen_resist_energy, pen_resist_distortion, base_em_signature, base_ir_signature, base_cs_signature, cross_section_x, cross_section_y, cross_section_z, em_total_shields, em_total_quantum, ir_total_shields, ir_total_quantum) VALUES ((SELECT id FROM ships WHERE reference = 'KRIG_P52_Merlin'), 450, 0.85, 0.7, 1, 1, 1, 1, 1.1, 1.1, 1.1, 1, 1, 1, 0, 11414, 3554, NULL, 5928, 988, 3794, 11414, 10050, 3554, 2538) ON CONFLICT (ship_id) DO NOTHING;
INSERT INTO ship_fuel (ship_id, hydrogen_capacity, fuel_intake_rate, fuel_usage_main, fuel_usage_retro, fuel_usage_maneuvering, maneuvering_time_till_empty, intake_to_main_ratio, quantum_capacity, quantum_range, quantum_speed, quantum_spool_time, quantum_travel_time_po, quantum_fuel_usage_po, thrust_main, thrust_retro, thrust_maneuvering, power_generation, power_used_shields, power_used_quantum, cooling_generation, cooling_used_shields, cooling_used_quantum, shield_hp_total, shield_regen_total) VALUES ((SELECT id FROM ships WHERE reference = 'KRIG_P52_Merlin'), 7000, 0, 16.19, 3.44, 7.37, 352.2, 0, NULL, NULL, NULL, NULL, NULL, NULL, 1729257, 367787.8, 2358986.4, 14, 15, 12, 52, 21, 15, 3960, 235) ON CONFLICT (ship_id) DO NOTHING;
INSERT INTO ship_insurance (ship_id, expedited_cost, expedited_claim_time, standard_claim_time) VALUES ((SELECT id FROM ships WHERE reference = 'KRIG_P52_Merlin'), 1375, 0.88, 2.65) ON CONFLICT (ship_id) DO NOTHING;
INSERT INTO ship_flight_stats (ship_id, scm_speed, max_speed, boost_speed_forward, boost_speed_backward, pitch, yaw, roll, pitch_boosted, yaw_boosted, roll_boosted, accel_forward, accel_backward, accel_up, accel_down, accel_strafe, accel_forward_g, accel_backward_g, accel_up_g, accel_down_g, accel_strafe_g, boost_mult_forward, boost_mult_backward, boost_mult_up, boost_mult_strafe, boost_capacitor_max, boost_regen_per_sec, boost_regen_time, zero_to_scm, zero_to_max, scm_to_zero, mass_empty, mass_loadout, mass_total) VALUES ((SELECT id FROM ships WHERE reference = 'KRIG_P72_Archimedes'), 270, 1550, 620, 295, 57, 57, 190, 68.4, 68.4, 228, 190.21, 42.68, 0, 0, 0, 19.4, 4.35, 0, 0, 0, 1.65, 1.3, 1.35, 1.35, 25, 0.75, 33.5, 1.42, 8.15, 6.33, 7599, 2297, 9896) ON CONFLICT (ship_id) DO NOTHING;
INSERT INTO ship_resistances (ship_id, armor_hp, dmg_mult_physical, dmg_mult_energy, dmg_mult_distortion, dmg_mult_thermal, dmg_mult_biochemical, dmg_mult_stun, sig_mult_cross_section, sig_mult_infrared, sig_mult_electromagnetic, pen_resist_base, pen_resist_physical, pen_resist_energy, pen_resist_distortion, base_em_signature, base_ir_signature, base_cs_signature, cross_section_x, cross_section_y, cross_section_z, em_total_shields, em_total_quantum, ir_total_shields, ir_total_quantum) VALUES ((SELECT id FROM ships WHERE reference = 'KRIG_P72_Archimedes'), 450, 0.85, 0.7, 1, 1, 1, 1, 1.1, 1.1, 1.1, 1, 1, 1, 0, 15219, 5120, NULL, 5906, 984, 3780, 15219, 14319, 5120, 4181) ON CONFLICT (ship_id) DO NOTHING;
INSERT INTO ship_fuel (ship_id, hydrogen_capacity, fuel_intake_rate, fuel_usage_main, fuel_usage_retro, fuel_usage_maneuvering, maneuvering_time_till_empty, intake_to_main_ratio, quantum_capacity, quantum_range, quantum_speed, quantum_spool_time, quantum_travel_time_po, quantum_fuel_usage_po, thrust_main, thrust_retro, thrust_maneuvering, power_generation, power_used_shields, power_used_quantum, cooling_generation, cooling_used_shields, cooling_used_quantum, shield_hp_total, shield_regen_total) VALUES ((SELECT id FROM ships WHERE reference = 'KRIG_P72_Archimedes'), 7000, 3.5, 13.53, 3.04, 6.48, 417.41, 0.26, NULL, NULL, NULL, NULL, NULL, NULL, 1445379, 324312.4, 2073926.1800000002, 16, 16.8, 14.8, 68, 21.8, 17.8, 2400, 150) ON CONFLICT (ship_id) DO NOTHING;
INSERT INTO ship_insurance (ship_id, expedited_cost, expedited_claim_time, standard_claim_time) VALUES ((SELECT id FROM ships WHERE reference = 'KRIG_P72_Archimedes'), 1375, 0.88, 2.65) ON CONFLICT (ship_id) DO NOTHING;
INSERT INTO ship_flight_stats (ship_id, scm_speed, max_speed, boost_speed_forward, boost_speed_backward, pitch, yaw, roll, pitch_boosted, yaw_boosted, roll_boosted, accel_forward, accel_backward, accel_up, accel_down, accel_strafe, accel_forward_g, accel_backward_g, accel_up_g, accel_down_g, accel_strafe_g, boost_mult_forward, boost_mult_backward, boost_mult_up, boost_mult_strafe, boost_capacitor_max, boost_regen_per_sec, boost_regen_time, zero_to_scm, zero_to_max, scm_to_zero, mass_empty, mass_loadout, mass_total) VALUES ((SELECT id FROM ships WHERE reference = 'KRIG_P72_Archimedes_Emerald'), 270, 1550, 620, 295, 57, 57, 190, 68.4, 68.4, 228, 190.21, 42.68, 0, 0, 0, 19.4, 4.35, 0, 0, 0, 1.65, 1.3, 1.35, 1.35, 25, 0.75, 33.5, 1.42, 8.15, 6.33, 7599, 2297, 9896) ON CONFLICT (ship_id) DO NOTHING;
INSERT INTO ship_resistances (ship_id, armor_hp, dmg_mult_physical, dmg_mult_energy, dmg_mult_distortion, dmg_mult_thermal, dmg_mult_biochemical, dmg_mult_stun, sig_mult_cross_section, sig_mult_infrared, sig_mult_electromagnetic, pen_resist_base, pen_resist_physical, pen_resist_energy, pen_resist_distortion, base_em_signature, base_ir_signature, base_cs_signature, cross_section_x, cross_section_y, cross_section_z, em_total_shields, em_total_quantum, ir_total_shields, ir_total_quantum) VALUES ((SELECT id FROM ships WHERE reference = 'KRIG_P72_Archimedes_Emerald'), 450, 0.85, 0.7, 1, 1, 1, 1, 1.1, 1.1, 1.1, 1, 1, 1, 0, 15219, 5120, NULL, 5906, 984, 3780, 15219, 14319, 5120, 4181) ON CONFLICT (ship_id) DO NOTHING;
INSERT INTO ship_fuel (ship_id, hydrogen_capacity, fuel_intake_rate, fuel_usage_main, fuel_usage_retro, fuel_usage_maneuvering, maneuvering_time_till_empty, intake_to_main_ratio, quantum_capacity, quantum_range, quantum_speed, quantum_spool_time, quantum_travel_time_po, quantum_fuel_usage_po, thrust_main, thrust_retro, thrust_maneuvering, power_generation, power_used_shields, power_used_quantum, cooling_generation, cooling_used_shields, cooling_used_quantum, shield_hp_total, shield_regen_total) VALUES ((SELECT id FROM ships WHERE reference = 'KRIG_P72_Archimedes_Emerald'), 7000, 3.5, 13.53, 3.04, 6.48, 417.41, 0.26, NULL, NULL, NULL, NULL, NULL, NULL, 1445379, 324312.4, 2073926.1800000002, 16, 16.8, 14.8, 68, 21.8, 17.8, 2400, 150) ON CONFLICT (ship_id) DO NOTHING;
INSERT INTO ship_insurance (ship_id, expedited_cost, expedited_claim_time, standard_claim_time) VALUES ((SELECT id FROM ships WHERE reference = 'KRIG_P72_Archimedes_Emerald'), 1375, 0.88, 2.65) ON CONFLICT (ship_id) DO NOTHING;
INSERT INTO ship_flight_stats (ship_id, scm_speed, max_speed, boost_speed_forward, boost_speed_backward, pitch, yaw, roll, pitch_boosted, yaw_boosted, roll_boosted, accel_forward, accel_backward, accel_up, accel_down, accel_strafe, accel_forward_g, accel_backward_g, accel_up_g, accel_down_g, accel_strafe_g, boost_mult_forward, boost_mult_backward, boost_mult_up, boost_mult_strafe, boost_capacitor_max, boost_regen_per_sec, boost_regen_time, zero_to_scm, zero_to_max, scm_to_zero, mass_empty, mass_loadout, mass_total) VALUES ((SELECT id FROM ships WHERE reference = 'MISC_Fortune'), 143, 975, 350, 150, 32, 32, 75, 38.4, 38.4, 90, 54.6, 40.68, 0, 0, 0, 5.57, 4.15, 0, 0, 0, 1.4, 1.4, 1.4, 1.3, 20, 0.75, 28.7, 2.62, 17.86, 3.52, 137700, 25633, 163333) ON CONFLICT (ship_id) DO NOTHING;
INSERT INTO ship_resistances (ship_id, armor_hp, dmg_mult_physical, dmg_mult_energy, dmg_mult_distortion, dmg_mult_thermal, dmg_mult_biochemical, dmg_mult_stun, sig_mult_cross_section, sig_mult_infrared, sig_mult_electromagnetic, pen_resist_base, pen_resist_physical, pen_resist_energy, pen_resist_distortion, base_em_signature, base_ir_signature, base_cs_signature, cross_section_x, cross_section_y, cross_section_z, em_total_shields, em_total_quantum, ir_total_shields, ir_total_quantum) VALUES ((SELECT id FROM ships WHERE reference = 'MISC_Fortune'), 5143, 0.7, 0.5, 1, 1, 1, 1, 1.5, 1.5, 1.5, 1, 1, 1, 0, 25850, 9847, NULL, 6800, 3200, 11000, 25850, 58580, 9847, 7935) ON CONFLICT (ship_id) DO NOTHING;
INSERT INTO ship_fuel (ship_id, hydrogen_capacity, fuel_intake_rate, fuel_usage_main, fuel_usage_retro, fuel_usage_maneuvering, maneuvering_time_till_empty, intake_to_main_ratio, quantum_capacity, quantum_range, quantum_speed, quantum_spool_time, quantum_travel_time_po, quantum_fuel_usage_po, thrust_main, thrust_retro, thrust_maneuvering, power_generation, power_used_shields, power_used_quantum, cooling_generation, cooling_used_shields, cooling_used_quantum, shield_hp_total, shield_regen_total) VALUES ((SELECT id FROM ships WHERE reference = 'MISC_Fortune'), 21000, 13, 76.96, 57.35, 62.45, 194.11, 0.17, 1800, 310344827586, 215000000, 4, 195, 243, 7517735, 5602014, 19984954, 19, 19.9, 13.9, 41, 30.9, 24.9, 8100, 509) ON CONFLICT (ship_id) DO NOTHING;
INSERT INTO ship_insurance (ship_id, expedited_cost, expedited_claim_time, standard_claim_time) VALUES ((SELECT id FROM ships WHERE reference = 'MISC_Fortune'), 3900, 1.3, 5.18) ON CONFLICT (ship_id) DO NOTHING;
INSERT INTO ship_flight_stats (ship_id, scm_speed, max_speed, boost_speed_forward, boost_speed_backward, pitch, yaw, roll, pitch_boosted, yaw_boosted, roll_boosted, accel_forward, accel_backward, accel_up, accel_down, accel_strafe, accel_forward_g, accel_backward_g, accel_up_g, accel_down_g, accel_strafe_g, boost_mult_forward, boost_mult_backward, boost_mult_up, boost_mult_strafe, boost_capacitor_max, boost_regen_per_sec, boost_regen_time, zero_to_scm, zero_to_max, scm_to_zero, mass_empty, mass_loadout, mass_total) VALUES ((SELECT id FROM ships WHERE reference = 'MISC_Fortune_Collector_Industrial'), 143, 975, 350, 150, 32, 32, 75, 38.4, 38.4, 90, 54.6, 40.68, 0, 0, 0, 5.57, 4.15, 0, 0, 0, 1.4, 1.4, 1.4, 1.3, 20, 0.75, 28.7, 2.62, 17.86, 3.52, 137700, 24693, 162393) ON CONFLICT (ship_id) DO NOTHING;
INSERT INTO ship_resistances (ship_id, armor_hp, dmg_mult_physical, dmg_mult_energy, dmg_mult_distortion, dmg_mult_thermal, dmg_mult_biochemical, dmg_mult_stun, sig_mult_cross_section, sig_mult_infrared, sig_mult_electromagnetic, pen_resist_base, pen_resist_physical, pen_resist_energy, pen_resist_distortion, base_em_signature, base_ir_signature, base_cs_signature, cross_section_x, cross_section_y, cross_section_z, em_total_shields, em_total_quantum, ir_total_shields, ir_total_quantum) VALUES ((SELECT id FROM ships WHERE reference = 'MISC_Fortune_Collector_Industrial'), 5143, 0.7, 0.5, 1, 1, 1, 1, 1.5, 1.5, 1.5, 1, 1, 1, 0, 18481, 6027, NULL, 6800, 3200, 11000, 18481, 42781, 6027, 5096) ON CONFLICT (ship_id) DO NOTHING;
INSERT INTO ship_fuel (ship_id, hydrogen_capacity, fuel_intake_rate, fuel_usage_main, fuel_usage_retro, fuel_usage_maneuvering, maneuvering_time_till_empty, intake_to_main_ratio, quantum_capacity, quantum_range, quantum_speed, quantum_spool_time, quantum_travel_time_po, quantum_fuel_usage_po, thrust_main, thrust_retro, thrust_maneuvering, power_generation, power_used_shields, power_used_quantum, cooling_generation, cooling_used_shields, cooling_used_quantum, shield_hp_total, shield_regen_total) VALUES ((SELECT id FROM ships WHERE reference = 'MISC_Fortune_Collector_Industrial'), 21000, 13, 76.96, 57.35, 62.45, 194.11, 0.17, 1800, 238536973231, 231000000, 4, 182, 316, 7517735, 5602014, 19984954, 19, 16.9, 12.9, 39, 25.9, 21.9, 11250, 818) ON CONFLICT (ship_id) DO NOTHING;
INSERT INTO ship_insurance (ship_id, expedited_cost, expedited_claim_time, standard_claim_time) VALUES ((SELECT id FROM ships WHERE reference = 'MISC_Fortune_Collector_Industrial'), 3900, 1.3, 5.18) ON CONFLICT (ship_id) DO NOTHING;
INSERT INTO ship_flight_stats (ship_id, scm_speed, max_speed, boost_speed_forward, boost_speed_backward, pitch, yaw, roll, pitch_boosted, yaw_boosted, roll_boosted, accel_forward, accel_backward, accel_up, accel_down, accel_strafe, accel_forward_g, accel_backward_g, accel_up_g, accel_down_g, accel_strafe_g, boost_mult_forward, boost_mult_backward, boost_mult_up, boost_mult_strafe, boost_capacitor_max, boost_regen_per_sec, boost_regen_time, zero_to_scm, zero_to_max, scm_to_zero, mass_empty, mass_loadout, mass_total) VALUES ((SELECT id FROM ships WHERE reference = 'MISC_Fortune_Teach'), 143, 975, 350, 150, 32, 32, 75, 38.4, 38.4, 90, 54.6, 40.68, 0, 0, 0, 5.57, 4.15, 0, 0, 0, 1.4, 1.4, 1.4, 1.3, 20, 0.75, 28.7, 2.62, 17.86, 3.52, 137700, 25633, 163333) ON CONFLICT (ship_id) DO NOTHING;
INSERT INTO ship_resistances (ship_id, armor_hp, dmg_mult_physical, dmg_mult_energy, dmg_mult_distortion, dmg_mult_thermal, dmg_mult_biochemical, dmg_mult_stun, sig_mult_cross_section, sig_mult_infrared, sig_mult_electromagnetic, pen_resist_base, pen_resist_physical, pen_resist_energy, pen_resist_distortion, base_em_signature, base_ir_signature, base_cs_signature, cross_section_x, cross_section_y, cross_section_z, em_total_shields, em_total_quantum, ir_total_shields, ir_total_quantum) VALUES ((SELECT id FROM ships WHERE reference = 'MISC_Fortune_Teach'), 5143, 0.7, 0.5, 1, 1, 1, 1, 1.5, 1.5, 1.5, 1, 1, 1, 0, 25850, 9847, NULL, 6800, 3200, 11000, 25850, 58580, 9847, 7935) ON CONFLICT (ship_id) DO NOTHING;
INSERT INTO ship_fuel (ship_id, hydrogen_capacity, fuel_intake_rate, fuel_usage_main, fuel_usage_retro, fuel_usage_maneuvering, maneuvering_time_till_empty, intake_to_main_ratio, quantum_capacity, quantum_range, quantum_speed, quantum_spool_time, quantum_travel_time_po, quantum_fuel_usage_po, thrust_main, thrust_retro, thrust_maneuvering, power_generation, power_used_shields, power_used_quantum, cooling_generation, cooling_used_shields, cooling_used_quantum, shield_hp_total, shield_regen_total) VALUES ((SELECT id FROM ships WHERE reference = 'MISC_Fortune_Teach'), 21000, 13, 76.96, 57.35, 62.45, 194.11, 0.17, 1800, 310344827586, 215000000, 4, 195, 243, 7517735, 5602014, 19984954, 19, 19.9, 13.9, 41, 30.9, 24.9, 8100, 509) ON CONFLICT (ship_id) DO NOTHING;
INSERT INTO ship_insurance (ship_id, expedited_cost, expedited_claim_time, standard_claim_time) VALUES ((SELECT id FROM ships WHERE reference = 'MISC_Fortune_Teach'), 3900, 1.3, 5.18) ON CONFLICT (ship_id) DO NOTHING;
INSERT INTO ship_flight_stats (ship_id, scm_speed, max_speed, boost_speed_forward, boost_speed_backward, pitch, yaw, roll, pitch_boosted, yaw_boosted, roll_boosted, accel_forward, accel_backward, accel_up, accel_down, accel_strafe, accel_forward_g, accel_backward_g, accel_up_g, accel_down_g, accel_strafe_g, boost_mult_forward, boost_mult_backward, boost_mult_up, boost_mult_strafe, boost_capacitor_max, boost_regen_per_sec, boost_regen_time, zero_to_scm, zero_to_max, scm_to_zero, mass_empty, mass_loadout, mass_total) VALUES ((SELECT id FROM ships WHERE reference = 'MISC_Freelancer'), 197, 1050, 400, 205, 32, 32, 103, 38.4, 38.4, 123.6, 65.12, 27.31, 0, 0, 0, 6.64, 2.78, 0, 0, 0, 1.3, 1.4, 1.4, 1.35, 20, 0.75, 27.4, 3.03, 16.12, 7.21, 219396, 22630, 242026) ON CONFLICT (ship_id) DO NOTHING;
INSERT INTO ship_resistances (ship_id, armor_hp, dmg_mult_physical, dmg_mult_energy, dmg_mult_distortion, dmg_mult_thermal, dmg_mult_biochemical, dmg_mult_stun, sig_mult_cross_section, sig_mult_infrared, sig_mult_electromagnetic, pen_resist_base, pen_resist_physical, pen_resist_energy, pen_resist_distortion, base_em_signature, base_ir_signature, base_cs_signature, cross_section_x, cross_section_y, cross_section_z, em_total_shields, em_total_quantum, ir_total_shields, ir_total_quantum) VALUES ((SELECT id FROM ships WHERE reference = 'MISC_Freelancer'), 13200, 0.75, 0.6, 1, 1, 1, 1, 1, 1, 1, 1, 1, 1, 0, 31747, 7441, NULL, 10042, 3747, 14988, 31747, 51547, 7441, 6471) ON CONFLICT (ship_id) DO NOTHING;
INSERT INTO ship_fuel (ship_id, hydrogen_capacity, fuel_intake_rate, fuel_usage_main, fuel_usage_retro, fuel_usage_maneuvering, maneuvering_time_till_empty, intake_to_main_ratio, quantum_capacity, quantum_range, quantum_speed, quantum_spool_time, quantum_travel_time_po, quantum_fuel_usage_po, thrust_main, thrust_retro, thrust_maneuvering, power_generation, power_used_shields, power_used_quantum, cooling_generation, cooling_used_shields, cooling_used_quantum, shield_hp_total, shield_regen_total) VALUES ((SELECT id FROM ships WHERE reference = 'MISC_Freelancer'), 108000, 50, 153.77, 64.49, 55.91, 594.3, 0.33, 1800, 165137614679, 201000000, 6, 209, 457, 14287720, 5992272, 17890368, 22, 32, 26, 68, 46, 40, 37500, 2352) ON CONFLICT (ship_id) DO NOTHING;
INSERT INTO ship_insurance (ship_id, expedited_cost, expedited_claim_time, standard_claim_time) VALUES ((SELECT id FROM ships WHERE reference = 'MISC_Freelancer'), 6503, 4.33, 12.99) ON CONFLICT (ship_id) DO NOTHING;
INSERT INTO ship_flight_stats (ship_id, scm_speed, max_speed, boost_speed_forward, boost_speed_backward, pitch, yaw, roll, pitch_boosted, yaw_boosted, roll_boosted, accel_forward, accel_backward, accel_up, accel_down, accel_strafe, accel_forward_g, accel_backward_g, accel_up_g, accel_down_g, accel_strafe_g, boost_mult_forward, boost_mult_backward, boost_mult_up, boost_mult_strafe, boost_capacitor_max, boost_regen_per_sec, boost_regen_time, zero_to_scm, zero_to_max, scm_to_zero, mass_empty, mass_loadout, mass_total) VALUES ((SELECT id FROM ships WHERE reference = 'MISC_Freelancer_DUR'), 200, 1100, 403, 205, 32, 32, 103, 38.4, 38.4, 123.6, 69.66, 26.94, 0, 0, 0, 7.1, 2.75, 0, 0, 0, 1.3, 1.4, 1.4, 1.35, 20, 0.75, 27.4, 2.87, 15.79, 7.42, 222418, 19722, 242140) ON CONFLICT (ship_id) DO NOTHING;
INSERT INTO ship_resistances (ship_id, armor_hp, dmg_mult_physical, dmg_mult_energy, dmg_mult_distortion, dmg_mult_thermal, dmg_mult_biochemical, dmg_mult_stun, sig_mult_cross_section, sig_mult_infrared, sig_mult_electromagnetic, pen_resist_base, pen_resist_physical, pen_resist_energy, pen_resist_distortion, base_em_signature, base_ir_signature, base_cs_signature, cross_section_x, cross_section_y, cross_section_z, em_total_shields, em_total_quantum, ir_total_shields, ir_total_quantum) VALUES ((SELECT id FROM ships WHERE reference = 'MISC_Freelancer_DUR'), 13200, 0.75, 0.6, 1, 1, 1, 1, 1, 1, 1, 1, 1, 1, 0, 30036, 7279, NULL, 10783, 4024, 16094, 30036, 49836, 7279, 6309) ON CONFLICT (ship_id) DO NOTHING;
INSERT INTO ship_fuel (ship_id, hydrogen_capacity, fuel_intake_rate, fuel_usage_main, fuel_usage_retro, fuel_usage_maneuvering, maneuvering_time_till_empty, intake_to_main_ratio, quantum_capacity, quantum_range, quantum_speed, quantum_spool_time, quantum_travel_time_po, quantum_fuel_usage_po, thrust_main, thrust_retro, thrust_maneuvering, power_generation, power_used_shields, power_used_quantum, cooling_generation, cooling_used_shields, cooling_used_quantum, shield_hp_total, shield_regen_total) VALUES ((SELECT id FROM ships WHERE reference = 'MISC_Freelancer_DUR'), 140000, 50, 230.46, 64.49, 55.91, 541.76, 0.22, 2400, 220183486239, 201000000, 6, 209, 457, 15493344, 5992272, 17890368, 22, 31, 25, 68, 45, 39, 37500, 2352) ON CONFLICT (ship_id) DO NOTHING;
INSERT INTO ship_insurance (ship_id, expedited_cost, expedited_claim_time, standard_claim_time) VALUES ((SELECT id FROM ships WHERE reference = 'MISC_Freelancer_DUR'), 6035, 4.33, 12.99) ON CONFLICT (ship_id) DO NOTHING;
INSERT INTO ship_flight_stats (ship_id, scm_speed, max_speed, boost_speed_forward, boost_speed_backward, pitch, yaw, roll, pitch_boosted, yaw_boosted, roll_boosted, accel_forward, accel_backward, accel_up, accel_down, accel_strafe, accel_forward_g, accel_backward_g, accel_up_g, accel_down_g, accel_strafe_g, boost_mult_forward, boost_mult_backward, boost_mult_up, boost_mult_strafe, boost_capacitor_max, boost_regen_per_sec, boost_regen_time, zero_to_scm, zero_to_max, scm_to_zero, mass_empty, mass_loadout, mass_total) VALUES ((SELECT id FROM ships WHERE reference = 'MISC_Freelancer_MAX'), 195, 1025, 395, 205, 30, 30, 95, 36, 36, 114, 83.7, 26.95, 0, 0, 0, 8.54, 2.75, 0, 0, 0, 1.3, 1.4, 1.4, 1.35, 20, 0.75, 27.4, 2.33, 12.25, 7.24, 341408, 29222, 370630) ON CONFLICT (ship_id) DO NOTHING;
INSERT INTO ship_resistances (ship_id, armor_hp, dmg_mult_physical, dmg_mult_energy, dmg_mult_distortion, dmg_mult_thermal, dmg_mult_biochemical, dmg_mult_stun, sig_mult_cross_section, sig_mult_infrared, sig_mult_electromagnetic, pen_resist_base, pen_resist_physical, pen_resist_energy, pen_resist_distortion, base_em_signature, base_ir_signature, base_cs_signature, cross_section_x, cross_section_y, cross_section_z, em_total_shields, em_total_quantum, ir_total_shields, ir_total_quantum) VALUES ((SELECT id FROM ships WHERE reference = 'MISC_Freelancer_MAX'), 13200, 0.75, 0.6, 1, 1, 1, 1, 1, 1, 1, 1, 1, 1, 0, 31829, 7441, NULL, 12833, 4788, 19153, 31829, 51629, 7441, 6471) ON CONFLICT (ship_id) DO NOTHING;
INSERT INTO ship_fuel (ship_id, hydrogen_capacity, fuel_intake_rate, fuel_usage_main, fuel_usage_retro, fuel_usage_maneuvering, maneuvering_time_till_empty, intake_to_main_ratio, quantum_capacity, quantum_range, quantum_speed, quantum_spool_time, quantum_travel_time_po, quantum_fuel_usage_po, thrust_main, thrust_retro, thrust_maneuvering, power_generation, power_used_shields, power_used_quantum, cooling_generation, cooling_used_shields, cooling_used_quantum, shield_hp_total, shield_regen_total) VALUES ((SELECT id FROM ships WHERE reference = 'MISC_Freelancer_MAX'), 58500, 50, 307.54, 99.01, 55.91, 174.37, 0.16, 1800, 165137614679, 201000000, 6, 209, 457, 28575440, 9200000, 17890368, 22, 32, 26, 68, 46, 40, 37500, 2352) ON CONFLICT (ship_id) DO NOTHING;
INSERT INTO ship_insurance (ship_id, expedited_cost, expedited_claim_time, standard_claim_time) VALUES ((SELECT id FROM ships WHERE reference = 'MISC_Freelancer_MAX'), 8028, 5.49, 16.46) ON CONFLICT (ship_id) DO NOTHING;
INSERT INTO ship_flight_stats (ship_id, scm_speed, max_speed, boost_speed_forward, boost_speed_backward, pitch, yaw, roll, pitch_boosted, yaw_boosted, roll_boosted, accel_forward, accel_backward, accel_up, accel_down, accel_strafe, accel_forward_g, accel_backward_g, accel_up_g, accel_down_g, accel_strafe_g, boost_mult_forward, boost_mult_backward, boost_mult_up, boost_mult_strafe, boost_capacitor_max, boost_regen_per_sec, boost_regen_time, zero_to_scm, zero_to_max, scm_to_zero, mass_empty, mass_loadout, mass_total) VALUES ((SELECT id FROM ships WHERE reference = 'MISC_Freelancer_MIS'), 204, 1000, 410, 205, 35, 31, 107, 42, 37.2, 128.4, 63.91, 35.74, 0, 0, 0, 6.52, 3.64, 0, 0, 0, 1.3, 1.4, 1.4, 1.35, 20, 0.75, 27.4, 3.19, 15.65, 5.71, 223553, 26414, 249967) ON CONFLICT (ship_id) DO NOTHING;
INSERT INTO ship_resistances (ship_id, armor_hp, dmg_mult_physical, dmg_mult_energy, dmg_mult_distortion, dmg_mult_thermal, dmg_mult_biochemical, dmg_mult_stun, sig_mult_cross_section, sig_mult_infrared, sig_mult_electromagnetic, pen_resist_base, pen_resist_physical, pen_resist_energy, pen_resist_distortion, base_em_signature, base_ir_signature, base_cs_signature, cross_section_x, cross_section_y, cross_section_z, em_total_shields, em_total_quantum, ir_total_shields, ir_total_quantum) VALUES ((SELECT id FROM ships WHERE reference = 'MISC_Freelancer_MIS'), 19800, 0.75, 0.6, 1, 1, 1, 1, 1, 1, 1, 1, 1, 1, 0, 42132, 10671, NULL, 10222, 3814, 15257, 42132, 65132, 10671, 9030) ON CONFLICT (ship_id) DO NOTHING;
INSERT INTO ship_fuel (ship_id, hydrogen_capacity, fuel_intake_rate, fuel_usage_main, fuel_usage_retro, fuel_usage_maneuvering, maneuvering_time_till_empty, intake_to_main_ratio, quantum_capacity, quantum_range, quantum_speed, quantum_spool_time, quantum_travel_time_po, quantum_fuel_usage_po, thrust_main, thrust_retro, thrust_maneuvering, power_generation, power_used_shields, power_used_quantum, cooling_generation, cooling_used_shields, cooling_used_quantum, shield_hp_total, shield_regen_total) VALUES ((SELECT id FROM ships WHERE reference = 'MISC_Freelancer_MIS'), 58000, 50, 153.77, 85.99, 55.91, 319.16, 0.33, 1800, 86914534042, 231000000, 6, 182, 868, 14287720, 7989696, 17890368, 24, 36, 28, 92, 52, 44, 39600, 2483) ON CONFLICT (ship_id) DO NOTHING;
INSERT INTO ship_insurance (ship_id, expedited_cost, expedited_claim_time, standard_claim_time) VALUES ((SELECT id FROM ships WHERE reference = 'MISC_Freelancer_MIS'), 10465, 5.2, 15.59) ON CONFLICT (ship_id) DO NOTHING;
INSERT INTO ship_flight_stats (ship_id, scm_speed, max_speed, boost_speed_forward, boost_speed_backward, pitch, yaw, roll, pitch_boosted, yaw_boosted, roll_boosted, accel_forward, accel_backward, accel_up, accel_down, accel_strafe, accel_forward_g, accel_backward_g, accel_up_g, accel_down_g, accel_strafe_g, boost_mult_forward, boost_mult_backward, boost_mult_up, boost_mult_strafe, boost_capacitor_max, boost_regen_per_sec, boost_regen_time, zero_to_scm, zero_to_max, scm_to_zero, mass_empty, mass_loadout, mass_total) VALUES ((SELECT id FROM ships WHERE reference = 'MISC_Fury'), 230, 1263, 550, 260, 69, 69, 215, 82.8, 82.8, 258, 173.35, 0, 0, 0, 0, 17.68, 0, 0, 0, 0, 1.55, 1.4, 1.3, 1.3, 20, 0.75, 26.9, 1.33, 7.29, NULL, 13939, 5027, 18966) ON CONFLICT (ship_id) DO NOTHING;
INSERT INTO ship_resistances (ship_id, armor_hp, dmg_mult_physical, dmg_mult_energy, dmg_mult_distortion, dmg_mult_thermal, dmg_mult_biochemical, dmg_mult_stun, sig_mult_cross_section, sig_mult_infrared, sig_mult_electromagnetic, pen_resist_base, pen_resist_physical, pen_resist_energy, pen_resist_distortion, base_em_signature, base_ir_signature, base_cs_signature, cross_section_x, cross_section_y, cross_section_z, em_total_shields, em_total_quantum, ir_total_shields, ir_total_quantum) VALUES ((SELECT id FROM ships WHERE reference = 'MISC_Fury'), 2063, 0.85, 0.7, 1, 1, 1, 1, 1.15, 1.15, 1.15, 1, 1, 1, 0, 18130, 6219, NULL, 4592, 2332, 4327, 18130, 17842, 6219, 5747) ON CONFLICT (ship_id) DO NOTHING;
INSERT INTO ship_fuel (ship_id, hydrogen_capacity, fuel_intake_rate, fuel_usage_main, fuel_usage_retro, fuel_usage_maneuvering, maneuvering_time_till_empty, intake_to_main_ratio, quantum_capacity, quantum_range, quantum_speed, quantum_spool_time, quantum_travel_time_po, quantum_fuel_usage_po, thrust_main, thrust_retro, thrust_maneuvering, power_generation, power_used_shields, power_used_quantum, cooling_generation, cooling_used_shields, cooling_used_quantum, shield_hp_total, shield_regen_total) VALUES ((SELECT id FROM ships WHERE reference = 'MISC_Fury'), 2750, 0, 6.04, 0, 16.27, 194, 0, NULL, NULL, NULL, NULL, NULL, NULL, 2416393.1999999997, 0, 5423338.800000001, 15, 19.4, 18.4, 58, 26.4, 24.4, 2805, 166) ON CONFLICT (ship_id) DO NOTHING;
INSERT INTO ship_insurance (ship_id, expedited_cost, expedited_claim_time, standard_claim_time) VALUES ((SELECT id FROM ships WHERE reference = 'MISC_Fury'), 1483, 0.63, 1.89) ON CONFLICT (ship_id) DO NOTHING;
INSERT INTO ship_flight_stats (ship_id, scm_speed, max_speed, boost_speed_forward, boost_speed_backward, pitch, yaw, roll, pitch_boosted, yaw_boosted, roll_boosted, accel_forward, accel_backward, accel_up, accel_down, accel_strafe, accel_forward_g, accel_backward_g, accel_up_g, accel_down_g, accel_strafe_g, boost_mult_forward, boost_mult_backward, boost_mult_up, boost_mult_strafe, boost_capacitor_max, boost_regen_per_sec, boost_regen_time, zero_to_scm, zero_to_max, scm_to_zero, mass_empty, mass_loadout, mass_total) VALUES ((SELECT id FROM ships WHERE reference = 'MISC_Fury_LX'), 900, 1280, 1280, 900, 72, 72, 230, 86.4, 86.4, 276, 209.54, 0, 0, 0, 0, 21.37, 0, 0, 0, 0, 1.55, 1.35, 1.35, 1.35, 25, 0.75, 33.5, 4.3, 6.11, NULL, 12832, 3805, 16637) ON CONFLICT (ship_id) DO NOTHING;
INSERT INTO ship_resistances (ship_id, armor_hp, dmg_mult_physical, dmg_mult_energy, dmg_mult_distortion, dmg_mult_thermal, dmg_mult_biochemical, dmg_mult_stun, sig_mult_cross_section, sig_mult_infrared, sig_mult_electromagnetic, pen_resist_base, pen_resist_physical, pen_resist_energy, pen_resist_distortion, base_em_signature, base_ir_signature, base_cs_signature, cross_section_x, cross_section_y, cross_section_z, em_total_shields, em_total_quantum, ir_total_shields, ir_total_quantum) VALUES ((SELECT id FROM ships WHERE reference = 'MISC_Fury_LX'), 688, 0.85, 0.7, 1, 1, 1, 1, 1.2, 1.2, 1.2, 1, 1, 1, 0, 14991, 4989, NULL, 4592, 2332, 4327, 14991, 14009, 4989, 4158) ON CONFLICT (ship_id) DO NOTHING;
INSERT INTO ship_fuel (ship_id, hydrogen_capacity, fuel_intake_rate, fuel_usage_main, fuel_usage_retro, fuel_usage_maneuvering, maneuvering_time_till_empty, intake_to_main_ratio, quantum_capacity, quantum_range, quantum_speed, quantum_spool_time, quantum_travel_time_po, quantum_fuel_usage_po, thrust_main, thrust_retro, thrust_maneuvering, power_generation, power_used_shields, power_used_quantum, cooling_generation, cooling_used_shields, cooling_used_quantum, shield_hp_total, shield_regen_total) VALUES ((SELECT id FROM ships WHERE reference = 'MISC_Fury_LX'), 2750, 0, 6.72, 0, 17.28, 179.04, 0, NULL, NULL, NULL, NULL, NULL, NULL, 2688844.8, 0, 5761524.8, 15, 16, 14, 68, 24, 20, 2400, 143) ON CONFLICT (ship_id) DO NOTHING;
INSERT INTO ship_insurance (ship_id, expedited_cost, expedited_claim_time, standard_claim_time) VALUES ((SELECT id FROM ships WHERE reference = 'MISC_Fury_LX'), 1400, 0.6, 1.8) ON CONFLICT (ship_id) DO NOTHING;
INSERT INTO ship_flight_stats (ship_id, scm_speed, max_speed, boost_speed_forward, boost_speed_backward, pitch, yaw, roll, pitch_boosted, yaw_boosted, roll_boosted, accel_forward, accel_backward, accel_up, accel_down, accel_strafe, accel_forward_g, accel_backward_g, accel_up_g, accel_down_g, accel_strafe_g, boost_mult_forward, boost_mult_backward, boost_mult_up, boost_mult_strafe, boost_capacitor_max, boost_regen_per_sec, boost_regen_time, zero_to_scm, zero_to_max, scm_to_zero, mass_empty, mass_loadout, mass_total) VALUES ((SELECT id FROM ships WHERE reference = 'MISC_Fury_Miru'), 230, 1263, 550, 260, 69, 69, 215, 82.8, 82.8, 258, 183.29, 0, 0, 0, 0, 18.69, 0, 0, 0, 0, 1.55, 1.4, 1.3, 1.3, 20, 0.75, 26.9, 1.25, 6.89, NULL, 13939, 6098, 20037) ON CONFLICT (ship_id) DO NOTHING;
INSERT INTO ship_resistances (ship_id, armor_hp, dmg_mult_physical, dmg_mult_energy, dmg_mult_distortion, dmg_mult_thermal, dmg_mult_biochemical, dmg_mult_stun, sig_mult_cross_section, sig_mult_infrared, sig_mult_electromagnetic, pen_resist_base, pen_resist_physical, pen_resist_energy, pen_resist_distortion, base_em_signature, base_ir_signature, base_cs_signature, cross_section_x, cross_section_y, cross_section_z, em_total_shields, em_total_quantum, ir_total_shields, ir_total_quantum) VALUES ((SELECT id FROM ships WHERE reference = 'MISC_Fury_Miru'), 2063, 0.85, 0.7, 1, 1, 1, 1, 1.15, 1.15, 1.15, 1, 1, 1, 0, 15829, 5653, NULL, 4592, 2332, 4327, 15829, 15541, 5653, 5182) ON CONFLICT (ship_id) DO NOTHING;
INSERT INTO ship_fuel (ship_id, hydrogen_capacity, fuel_intake_rate, fuel_usage_main, fuel_usage_retro, fuel_usage_maneuvering, maneuvering_time_till_empty, intake_to_main_ratio, quantum_capacity, quantum_range, quantum_speed, quantum_spool_time, quantum_travel_time_po, quantum_fuel_usage_po, thrust_main, thrust_retro, thrust_maneuvering, power_generation, power_used_shields, power_used_quantum, cooling_generation, cooling_used_shields, cooling_used_quantum, shield_hp_total, shield_regen_total) VALUES ((SELECT id FROM ships WHERE reference = 'MISC_Fury_Miru'), 2750, 0, 6.39, 0, 17.19, 183.52, 0, NULL, NULL, NULL, NULL, NULL, NULL, 2554902.4, 0, 5729538.800000003, 15, 17, 16, 58, 24, 22, 2805, 166) ON CONFLICT (ship_id) DO NOTHING;
INSERT INTO ship_insurance (ship_id, expedited_cost, expedited_claim_time, standard_claim_time) VALUES ((SELECT id FROM ships WHERE reference = 'MISC_Fury_Miru'), 2299, 0.63, 1.89) ON CONFLICT (ship_id) DO NOTHING;
INSERT INTO ship_flight_stats (ship_id, scm_speed, max_speed, boost_speed_forward, boost_speed_backward, pitch, yaw, roll, pitch_boosted, yaw_boosted, roll_boosted, accel_forward, accel_backward, accel_up, accel_down, accel_strafe, accel_forward_g, accel_backward_g, accel_up_g, accel_down_g, accel_strafe_g, boost_mult_forward, boost_mult_backward, boost_mult_up, boost_mult_strafe, boost_capacitor_max, boost_regen_per_sec, boost_regen_time, zero_to_scm, zero_to_max, scm_to_zero, mass_empty, mass_loadout, mass_total) VALUES ((SELECT id FROM ships WHERE reference = 'MISC_Hull_A'), 185, 1050, 385, 195, 42, 42, 100, 50.4, 50.4, 120, 85.52, 45.64, 32.7, 0, 0, 8.72, 4.65, 3.33, 0, 0, 1.4, 1.4, 1.4, 1.3, 20, 0.75, 27.8, 2.16, 12.28, 4.05, 107050, 17955, 125005) ON CONFLICT (ship_id) DO NOTHING;
INSERT INTO ship_resistances (ship_id, armor_hp, dmg_mult_physical, dmg_mult_energy, dmg_mult_distortion, dmg_mult_thermal, dmg_mult_biochemical, dmg_mult_stun, sig_mult_cross_section, sig_mult_infrared, sig_mult_electromagnetic, pen_resist_base, pen_resist_physical, pen_resist_energy, pen_resist_distortion, base_em_signature, base_ir_signature, base_cs_signature, cross_section_x, cross_section_y, cross_section_z, em_total_shields, em_total_quantum, ir_total_shields, ir_total_quantum) VALUES ((SELECT id FROM ships WHERE reference = 'MISC_Hull_A'), 6050, 0.7, 0.5, 1, 1, 1, 1, 1, 1, 1, 1, 1, 1, 0, 12234, 3831, NULL, NULL, NULL, NULL, 12234, 35054, 3831, 3523) ON CONFLICT (ship_id) DO NOTHING;
INSERT INTO ship_fuel (ship_id, hydrogen_capacity, fuel_intake_rate, fuel_usage_main, fuel_usage_retro, fuel_usage_maneuvering, maneuvering_time_till_empty, intake_to_main_ratio, quantum_capacity, quantum_range, quantum_speed, quantum_spool_time, quantum_travel_time_po, quantum_fuel_usage_po, thrust_main, thrust_retro, thrust_maneuvering, power_generation, power_used_shields, power_used_quantum, cooling_generation, cooling_used_shields, cooling_used_quantum, shield_hp_total, shield_regen_total) VALUES ((SELECT id FROM ships WHERE reference = 'MISC_Hull_A'), 16400, 7, 114.43, 61.07, 34.37, 124.61, 0.06, 1800, 310344827586, 215000000, 4, 195, 243, 9154650, 4885546, 10998328, 14, 16.9, 12.9, 52, 24.9, 22.9, 9000, 535) ON CONFLICT (ship_id) DO NOTHING;
INSERT INTO ship_insurance (ship_id, expedited_cost, expedited_claim_time, standard_claim_time) VALUES ((SELECT id FROM ships WHERE reference = 'MISC_Hull_A'), 2700, 1.98, 5.95) ON CONFLICT (ship_id) DO NOTHING;
INSERT INTO ship_flight_stats (ship_id, scm_speed, max_speed, boost_speed_forward, boost_speed_backward, pitch, yaw, roll, pitch_boosted, yaw_boosted, roll_boosted, accel_forward, accel_backward, accel_up, accel_down, accel_strafe, accel_forward_g, accel_backward_g, accel_up_g, accel_down_g, accel_strafe_g, boost_mult_forward, boost_mult_backward, boost_mult_up, boost_mult_strafe, boost_capacitor_max, boost_regen_per_sec, boost_regen_time, zero_to_scm, zero_to_max, scm_to_zero, mass_empty, mass_loadout, mass_total) VALUES ((SELECT id FROM ships WHERE reference = 'MISC_Hull_C'), 110, 890, 290, 100, 16, 16, 25, 19.2, 19.2, 30, 37.99, 27.67, 3.85, 0, 0, 3.87, 2.82, 0.39, 0, 0, 1.35, 1.4, 1.4, 1.3, 20, 0.75, 27.8, 2.9, 23.43, 3.98, 726530, 202828, 929358) ON CONFLICT (ship_id) DO NOTHING;
INSERT INTO ship_resistances (ship_id, armor_hp, dmg_mult_physical, dmg_mult_energy, dmg_mult_distortion, dmg_mult_thermal, dmg_mult_biochemical, dmg_mult_stun, sig_mult_cross_section, sig_mult_infrared, sig_mult_electromagnetic, pen_resist_base, pen_resist_physical, pen_resist_energy, pen_resist_distortion, base_em_signature, base_ir_signature, base_cs_signature, cross_section_x, cross_section_y, cross_section_z, em_total_shields, em_total_quantum, ir_total_shields, ir_total_quantum) VALUES ((SELECT id FROM ships WHERE reference = 'MISC_Hull_C'), 15125, 0.7, 0.5, 1, 1, 1, 1, 1, 1, 1, 1, 1, 1, 0, 53225, 16087, NULL, 15791, 15791, 32871, 53225, 92865, 16087, 13970) ON CONFLICT (ship_id) DO NOTHING;
INSERT INTO ship_fuel (ship_id, hydrogen_capacity, fuel_intake_rate, fuel_usage_main, fuel_usage_retro, fuel_usage_maneuvering, maneuvering_time_till_empty, intake_to_main_ratio, quantum_capacity, quantum_range, quantum_speed, quantum_spool_time, quantum_travel_time_po, quantum_fuel_usage_po, thrust_main, thrust_retro, thrust_maneuvering, power_generation, power_used_shields, power_used_quantum, cooling_generation, cooling_used_shields, cooling_used_quantum, shield_hp_total, shield_regen_total) VALUES ((SELECT id FROM ships WHERE reference = 'MISC_Hull_C'), 877000, 50, 364.22, 218.08, 173.88, 1943.88, 0.14, 8600, NULL, NULL, NULL, NULL, NULL, 27600000, 20100000, 55640000, 30, 50, 40, 120, 76, 66, 360000, 22572) ON CONFLICT (ship_id) DO NOTHING;
INSERT INTO ship_insurance (ship_id, expedited_cost, expedited_claim_time, standard_claim_time) VALUES ((SELECT id FROM ships WHERE reference = 'MISC_Hull_C'), 22500, 15, 45) ON CONFLICT (ship_id) DO NOTHING;
INSERT INTO ship_flight_stats (ship_id, scm_speed, max_speed, boost_speed_forward, boost_speed_backward, pitch, yaw, roll, pitch_boosted, yaw_boosted, roll_boosted, accel_forward, accel_backward, accel_up, accel_down, accel_strafe, accel_forward_g, accel_backward_g, accel_up_g, accel_down_g, accel_strafe_g, boost_mult_forward, boost_mult_backward, boost_mult_up, boost_mult_strafe, boost_capacitor_max, boost_regen_per_sec, boost_regen_time, zero_to_scm, zero_to_max, scm_to_zero, mass_empty, mass_loadout, mass_total) VALUES ((SELECT id FROM ships WHERE reference = 'MISC_Prospector'), 156, 994, 371, 160, 35, 35, 75, 42, 42, 90, 56.51, 43.41, 0, 0, 0, 5.76, 4.43, 0, 0, 0, 1.4, 1.4, 1.4, 1.3, 20, 0.75, 27.8, 2.76, 17.59, 3.59, 122096, 20206, 142302) ON CONFLICT (ship_id) DO NOTHING;
INSERT INTO ship_resistances (ship_id, armor_hp, dmg_mult_physical, dmg_mult_energy, dmg_mult_distortion, dmg_mult_thermal, dmg_mult_biochemical, dmg_mult_stun, sig_mult_cross_section, sig_mult_infrared, sig_mult_electromagnetic, pen_resist_base, pen_resist_physical, pen_resist_energy, pen_resist_distortion, base_em_signature, base_ir_signature, base_cs_signature, cross_section_x, cross_section_y, cross_section_z, em_total_shields, em_total_quantum, ir_total_shields, ir_total_quantum) VALUES ((SELECT id FROM ships WHERE reference = 'MISC_Prospector'), 10285, 0.7, 0.5, 1, 1, 1, 1, 1.5, 1.5, 1.5, 1, 1, 1, 0, 27335, 10484, NULL, 6800, 3200, 11000, 27335, 60065, 10484, 8572) ON CONFLICT (ship_id) DO NOTHING;
INSERT INTO ship_fuel (ship_id, hydrogen_capacity, fuel_intake_rate, fuel_usage_main, fuel_usage_retro, fuel_usage_maneuvering, maneuvering_time_till_empty, intake_to_main_ratio, quantum_capacity, quantum_range, quantum_speed, quantum_spool_time, quantum_travel_time_po, quantum_fuel_usage_po, thrust_main, thrust_retro, thrust_maneuvering, power_generation, power_used_shields, power_used_quantum, cooling_generation, cooling_used_shields, cooling_used_quantum, shield_hp_total, shield_regen_total) VALUES ((SELECT id FROM ships WHERE reference = 'MISC_Prospector'), 21000, 13, 70.64, 54.26, 56.38, 212.49, 0.18, 1800, 310344827586, 215000000, 4, 195, 243, 6900000, 5300000, 18040000, 19, 21.9, 15.9, 41, 32.9, 26.9, 8100, 509) ON CONFLICT (ship_id) DO NOTHING;
INSERT INTO ship_insurance (ship_id, expedited_cost, expedited_claim_time, standard_claim_time) VALUES ((SELECT id FROM ships WHERE reference = 'MISC_Prospector'), 3040, 3, 9) ON CONFLICT (ship_id) DO NOTHING;
INSERT INTO ship_flight_stats (ship_id, scm_speed, max_speed, boost_speed_forward, boost_speed_backward, pitch, yaw, roll, pitch_boosted, yaw_boosted, roll_boosted, accel_forward, accel_backward, accel_up, accel_down, accel_strafe, accel_forward_g, accel_backward_g, accel_up_g, accel_down_g, accel_strafe_g, boost_mult_forward, boost_mult_backward, boost_mult_up, boost_mult_strafe, boost_capacitor_max, boost_regen_per_sec, boost_regen_time, zero_to_scm, zero_to_max, scm_to_zero, mass_empty, mass_loadout, mass_total) VALUES ((SELECT id FROM ships WHERE reference = 'MISC_Prospector_Collector_Indust'), 156, 994, 371, 160, 35, 35, 75, 42, 42, 90, 56.51, 43.41, 0, 0, 0, 5.76, 4.43, 0, 0, 0, 1.4, 1.4, 1.4, 1.3, 20, 0.75, 27.8, 2.76, 17.59, 3.59, 122096, 20190, 142286) ON CONFLICT (ship_id) DO NOTHING;
INSERT INTO ship_resistances (ship_id, armor_hp, dmg_mult_physical, dmg_mult_energy, dmg_mult_distortion, dmg_mult_thermal, dmg_mult_biochemical, dmg_mult_stun, sig_mult_cross_section, sig_mult_infrared, sig_mult_electromagnetic, pen_resist_base, pen_resist_physical, pen_resist_energy, pen_resist_distortion, base_em_signature, base_ir_signature, base_cs_signature, cross_section_x, cross_section_y, cross_section_z, em_total_shields, em_total_quantum, ir_total_shields, ir_total_quantum) VALUES ((SELECT id FROM ships WHERE reference = 'MISC_Prospector_Collector_Indust'), 10285, 0.7, 0.5, 1, 1, 1, 1, 1.5, 1.5, 1.5, 1, 1, 1, 0, 27293, 10192, NULL, 6800, 3200, 11000, 27293, 60023, 10192, 8333) ON CONFLICT (ship_id) DO NOTHING;
INSERT INTO ship_fuel (ship_id, hydrogen_capacity, fuel_intake_rate, fuel_usage_main, fuel_usage_retro, fuel_usage_maneuvering, maneuvering_time_till_empty, intake_to_main_ratio, quantum_capacity, quantum_range, quantum_speed, quantum_spool_time, quantum_travel_time_po, quantum_fuel_usage_po, thrust_main, thrust_retro, thrust_maneuvering, power_generation, power_used_shields, power_used_quantum, cooling_generation, cooling_used_shields, cooling_used_quantum, shield_hp_total, shield_regen_total) VALUES ((SELECT id FROM ships WHERE reference = 'MISC_Prospector_Collector_Indust'), 21000, 13, 70.64, 54.26, 56.38, 212.49, 0.18, 1800, 327988338192, 257000000, 4, 163, 230, 6900000, 5300000, 18040000, 19, 21.9, 15.9, 46, 32.9, 26.9, 8100, 535) ON CONFLICT (ship_id) DO NOTHING;
INSERT INTO ship_insurance (ship_id, expedited_cost, expedited_claim_time, standard_claim_time) VALUES ((SELECT id FROM ships WHERE reference = 'MISC_Prospector_Collector_Indust'), 3040, 3, 9) ON CONFLICT (ship_id) DO NOTHING;
INSERT INTO ship_flight_stats (ship_id, scm_speed, max_speed, boost_speed_forward, boost_speed_backward, pitch, yaw, roll, pitch_boosted, yaw_boosted, roll_boosted, accel_forward, accel_backward, accel_up, accel_down, accel_strafe, accel_forward_g, accel_backward_g, accel_up_g, accel_down_g, accel_strafe_g, boost_mult_forward, boost_mult_backward, boost_mult_up, boost_mult_strafe, boost_capacitor_max, boost_regen_per_sec, boost_regen_time, zero_to_scm, zero_to_max, scm_to_zero, mass_empty, mass_loadout, mass_total) VALUES ((SELECT id FROM ships WHERE reference = 'MISC_Razor'), 265, 1450, 595, 290, 59, 52, 205, 70.8, 62.4, 246, 187.75, 41.05, 0, 0, 0, 19.15, 4.19, 0, 0, 0, 1.65, 1.3, 1.35, 1.35, 20, 0.75, 26.9, 1.41, 7.72, 6.46, 10861, 2202, 13063) ON CONFLICT (ship_id) DO NOTHING;
INSERT INTO ship_resistances (ship_id, armor_hp, dmg_mult_physical, dmg_mult_energy, dmg_mult_distortion, dmg_mult_thermal, dmg_mult_biochemical, dmg_mult_stun, sig_mult_cross_section, sig_mult_infrared, sig_mult_electromagnetic, pen_resist_base, pen_resist_physical, pen_resist_energy, pen_resist_distortion, base_em_signature, base_ir_signature, base_cs_signature, cross_section_x, cross_section_y, cross_section_z, em_total_shields, em_total_quantum, ir_total_shields, ir_total_quantum) VALUES ((SELECT id FROM ships WHERE reference = 'MISC_Razor'), 1650, 0.85, 0.7, 1, 1, 1, 1, 1.1, 1.1, 1.1, 1, 1, 1, 0, 12085, 3659, NULL, 3690, 1513, 5302, 12085, 34945, 3659, 3659) ON CONFLICT (ship_id) DO NOTHING;
INSERT INTO ship_fuel (ship_id, hydrogen_capacity, fuel_intake_rate, fuel_usage_main, fuel_usage_retro, fuel_usage_maneuvering, maneuvering_time_till_empty, intake_to_main_ratio, quantum_capacity, quantum_range, quantum_speed, quantum_spool_time, quantum_travel_time_po, quantum_fuel_usage_po, thrust_main, thrust_retro, thrust_maneuvering, power_generation, power_used_shields, power_used_quantum, cooling_generation, cooling_used_shields, cooling_used_quantum, shield_hp_total, shield_regen_total) VALUES ((SELECT id FROM ships WHERE reference = 'MISC_Razor'), 3000, 0, 19.98, 4.37, 9.86, 120.43, 0, 1000, 204081632653, 140000000, 4, 299, 205, 2039124, 445808.4, 3154644.8, 16, 14.2, 12.2, 68, 19.2, 19.2, 2400, 150) ON CONFLICT (ship_id) DO NOTHING;
INSERT INTO ship_insurance (ship_id, expedited_cost, expedited_claim_time, standard_claim_time) VALUES ((SELECT id FROM ships WHERE reference = 'MISC_Razor'), 3040, 2.025, 6.075) ON CONFLICT (ship_id) DO NOTHING;
INSERT INTO ship_flight_stats (ship_id, scm_speed, max_speed, boost_speed_forward, boost_speed_backward, pitch, yaw, roll, pitch_boosted, yaw_boosted, roll_boosted, accel_forward, accel_backward, accel_up, accel_down, accel_strafe, accel_forward_g, accel_backward_g, accel_up_g, accel_down_g, accel_strafe_g, boost_mult_forward, boost_mult_backward, boost_mult_up, boost_mult_strafe, boost_capacitor_max, boost_regen_per_sec, boost_regen_time, zero_to_scm, zero_to_max, scm_to_zero, mass_empty, mass_loadout, mass_total) VALUES ((SELECT id FROM ships WHERE reference = 'MISC_Razor_EX'), 265, 1450, 595, 290, 59, 52, 205, 70.8, 62.4, 246, 187.76, 41.05, 0, 0, 0, 19.15, 4.19, 0, 0, 0, 1.65, 1.3, 1.35, 1.35, 20, 0.75, 26.9, 1.41, 7.72, 6.46, 10860, 2382, 13242) ON CONFLICT (ship_id) DO NOTHING;
INSERT INTO ship_resistances (ship_id, armor_hp, dmg_mult_physical, dmg_mult_energy, dmg_mult_distortion, dmg_mult_thermal, dmg_mult_biochemical, dmg_mult_stun, sig_mult_cross_section, sig_mult_infrared, sig_mult_electromagnetic, pen_resist_base, pen_resist_physical, pen_resist_energy, pen_resist_distortion, base_em_signature, base_ir_signature, base_cs_signature, cross_section_x, cross_section_y, cross_section_z, em_total_shields, em_total_quantum, ir_total_shields, ir_total_quantum) VALUES ((SELECT id FROM ships WHERE reference = 'MISC_Razor_EX'), 1650, 0.85, 0.7, 1, 1, 1, 1, 0.6, 0.6, 0.6, 1, 1, 1, 0, 6153, 1892, NULL, 3690, 1513, 5302, 6153, 18622, 1892, 1892) ON CONFLICT (ship_id) DO NOTHING;
INSERT INTO ship_fuel (ship_id, hydrogen_capacity, fuel_intake_rate, fuel_usage_main, fuel_usage_retro, fuel_usage_maneuvering, maneuvering_time_till_empty, intake_to_main_ratio, quantum_capacity, quantum_range, quantum_speed, quantum_spool_time, quantum_travel_time_po, quantum_fuel_usage_po, thrust_main, thrust_retro, thrust_maneuvering, power_generation, power_used_shields, power_used_quantum, cooling_generation, cooling_used_shields, cooling_used_quantum, shield_hp_total, shield_regen_total) VALUES ((SELECT id FROM ships WHERE reference = 'MISC_Razor_EX'), 3000, 0, 19.98, 4.37, 9.86, 120.43, 0, 1000, 204081632653, 140000000, 4, 299, 205, 2039124, 445808.4, 3154644.8, 16, 13.2, 11.2, 68, 18.2, 18.2, 2400, 150) ON CONFLICT (ship_id) DO NOTHING;
INSERT INTO ship_insurance (ship_id, expedited_cost, expedited_claim_time, standard_claim_time) VALUES ((SELECT id FROM ships WHERE reference = 'MISC_Razor_EX'), 2740, 1.97, 5.91) ON CONFLICT (ship_id) DO NOTHING;
INSERT INTO ship_flight_stats (ship_id, scm_speed, max_speed, boost_speed_forward, boost_speed_backward, pitch, yaw, roll, pitch_boosted, yaw_boosted, roll_boosted, accel_forward, accel_backward, accel_up, accel_down, accel_strafe, accel_forward_g, accel_backward_g, accel_up_g, accel_down_g, accel_strafe_g, boost_mult_forward, boost_mult_backward, boost_mult_up, boost_mult_strafe, boost_capacitor_max, boost_regen_per_sec, boost_regen_time, zero_to_scm, zero_to_max, scm_to_zero, mass_empty, mass_loadout, mass_total) VALUES ((SELECT id FROM ships WHERE reference = 'MISC_Razor_LX'), 275, 1525, 490, 290, 62, 62, 205, 74.4, 74.4, 246, 174.27, 38.1, 0, 0, 0, 17.77, 3.89, 0, 0, 0, 1.65, 1.3, 1.35, 1.35, 25, 0.75, 33.5, 1.58, 8.75, 7.22, 11701, 2202, 13903) ON CONFLICT (ship_id) DO NOTHING;
INSERT INTO ship_resistances (ship_id, armor_hp, dmg_mult_physical, dmg_mult_energy, dmg_mult_distortion, dmg_mult_thermal, dmg_mult_biochemical, dmg_mult_stun, sig_mult_cross_section, sig_mult_infrared, sig_mult_electromagnetic, pen_resist_base, pen_resist_physical, pen_resist_energy, pen_resist_distortion, base_em_signature, base_ir_signature, base_cs_signature, cross_section_x, cross_section_y, cross_section_z, em_total_shields, em_total_quantum, ir_total_shields, ir_total_quantum) VALUES ((SELECT id FROM ships WHERE reference = 'MISC_Razor_LX'), 550, 0.85, 0.7, 1, 1, 1, 1, 1.2, 1.2, 1.2, 1, 1, 1, 0, 13184, 3991, NULL, 3690, 1513, 5302, 13184, 38122, 3991, 3991) ON CONFLICT (ship_id) DO NOTHING;
INSERT INTO ship_fuel (ship_id, hydrogen_capacity, fuel_intake_rate, fuel_usage_main, fuel_usage_retro, fuel_usage_maneuvering, maneuvering_time_till_empty, intake_to_main_ratio, quantum_capacity, quantum_range, quantum_speed, quantum_spool_time, quantum_travel_time_po, quantum_fuel_usage_po, thrust_main, thrust_retro, thrust_maneuvering, power_generation, power_used_shields, power_used_quantum, cooling_generation, cooling_used_shields, cooling_used_quantum, shield_hp_total, shield_regen_total) VALUES ((SELECT id FROM ships WHERE reference = 'MISC_Razor_LX'), 3000, 0, 19.98, 4.37, 9.86, 120.43, 0, 1000, 204081632653, 140000000, 4, 299, 205, 2039124, 445808.4, 3154644.8, 16, 14.2, 12.2, 68, 19.2, 19.2, 2400, 150) ON CONFLICT (ship_id) DO NOTHING;
INSERT INTO ship_insurance (ship_id, expedited_cost, expedited_claim_time, standard_claim_time) VALUES ((SELECT id FROM ships WHERE reference = 'MISC_Razor_LX'), 3040, 2.025, 6.075) ON CONFLICT (ship_id) DO NOTHING;
INSERT INTO ship_flight_stats (ship_id, scm_speed, max_speed, boost_speed_forward, boost_speed_backward, pitch, yaw, roll, pitch_boosted, yaw_boosted, roll_boosted, accel_forward, accel_backward, accel_up, accel_down, accel_strafe, accel_forward_g, accel_backward_g, accel_up_g, accel_down_g, accel_strafe_g, boost_mult_forward, boost_mult_backward, boost_mult_up, boost_mult_strafe, boost_capacitor_max, boost_regen_per_sec, boost_regen_time, zero_to_scm, zero_to_max, scm_to_zero, mass_empty, mass_loadout, mass_total) VALUES ((SELECT id FROM ships WHERE reference = 'MISC_Reliant'), 218, 1150, 480, 250, 54, 43, 140, 64.8, 51.6, 168, 56.89, 60.54, 0, 0, 0, 5.8, 6.17, 0, 0, 0, 1.55, 1.4, 1.3, 1.33, 20, 0.75, 27.2, 3.83, 20.21, 3.6, 35153, 7026, 42179) ON CONFLICT (ship_id) DO NOTHING;
INSERT INTO ship_resistances (ship_id, armor_hp, dmg_mult_physical, dmg_mult_energy, dmg_mult_distortion, dmg_mult_thermal, dmg_mult_biochemical, dmg_mult_stun, sig_mult_cross_section, sig_mult_infrared, sig_mult_electromagnetic, pen_resist_base, pen_resist_physical, pen_resist_energy, pen_resist_distortion, base_em_signature, base_ir_signature, base_cs_signature, cross_section_x, cross_section_y, cross_section_z, em_total_shields, em_total_quantum, ir_total_shields, ir_total_quantum) VALUES ((SELECT id FROM ships WHERE reference = 'MISC_Reliant'), 2750, 0.75, 0.6, 1, 1, 1, 1, 1, 1, 1, 1, 1, 1, 0, 13750, 4985, NULL, 1601, 6519, 5819, 13750, 30250, 4985, 4369) ON CONFLICT (ship_id) DO NOTHING;
INSERT INTO ship_fuel (ship_id, hydrogen_capacity, fuel_intake_rate, fuel_usage_main, fuel_usage_retro, fuel_usage_maneuvering, maneuvering_time_till_empty, intake_to_main_ratio, quantum_capacity, quantum_range, quantum_speed, quantum_spool_time, quantum_travel_time_po, quantum_fuel_usage_po, thrust_main, thrust_retro, thrust_maneuvering, power_generation, power_used_shields, power_used_quantum, cooling_generation, cooling_used_shields, cooling_used_quantum, shield_hp_total, shield_regen_total) VALUES ((SELECT id FROM ships WHERE reference = 'MISC_Reliant'), 10500, 8, 18.2, 6.65, 48.35, 247.79, 0.44, 1300, 121700056169, 165000000, 4, 254, 448, 2000000, 2128000, 15472000, 14, 21.4, 17.4, 52, 32.4, 28.4, 5400, 339) ON CONFLICT (ship_id) DO NOTHING;
INSERT INTO ship_insurance (ship_id, expedited_cost, expedited_claim_time, standard_claim_time) VALUES ((SELECT id FROM ships WHERE reference = 'MISC_Reliant'), 340, 0, 0.675) ON CONFLICT (ship_id) DO NOTHING;
INSERT INTO ship_flight_stats (ship_id, scm_speed, max_speed, boost_speed_forward, boost_speed_backward, pitch, yaw, roll, pitch_boosted, yaw_boosted, roll_boosted, accel_forward, accel_backward, accel_up, accel_down, accel_strafe, accel_forward_g, accel_backward_g, accel_up_g, accel_down_g, accel_strafe_g, boost_mult_forward, boost_mult_backward, boost_mult_up, boost_mult_strafe, boost_capacitor_max, boost_regen_per_sec, boost_regen_time, zero_to_scm, zero_to_max, scm_to_zero, mass_empty, mass_loadout, mass_total) VALUES ((SELECT id FROM ships WHERE reference = 'MISC_Reliant_Mako'), 220, 1150, 480, 250, 54, 43, 138, 64.8, 51.6, 165.6, 56.89, 60.54, 0, 0, 0, 5.8, 6.17, 0, 0, 0, 1.55, 1.4, 1.3, 1.33, 20, 0.75, 27.2, 3.87, 20.21, 3.63, 35153, 6126, 41279) ON CONFLICT (ship_id) DO NOTHING;
INSERT INTO ship_resistances (ship_id, armor_hp, dmg_mult_physical, dmg_mult_energy, dmg_mult_distortion, dmg_mult_thermal, dmg_mult_biochemical, dmg_mult_stun, sig_mult_cross_section, sig_mult_infrared, sig_mult_electromagnetic, pen_resist_base, pen_resist_physical, pen_resist_energy, pen_resist_distortion, base_em_signature, base_ir_signature, base_cs_signature, cross_section_x, cross_section_y, cross_section_z, em_total_shields, em_total_quantum, ir_total_shields, ir_total_quantum) VALUES ((SELECT id FROM ships WHERE reference = 'MISC_Reliant_Mako'), 2750, 0.75, 0.6, 1, 1, 1, 1, 1, 1, 1, 1, 1, 1, 0, 8719, 2457, NULL, 1601, 6519, 5819, 8719, 15719, 2457, 2457) ON CONFLICT (ship_id) DO NOTHING;
INSERT INTO ship_fuel (ship_id, hydrogen_capacity, fuel_intake_rate, fuel_usage_main, fuel_usage_retro, fuel_usage_maneuvering, maneuvering_time_till_empty, intake_to_main_ratio, quantum_capacity, quantum_range, quantum_speed, quantum_spool_time, quantum_travel_time_po, quantum_fuel_usage_po, thrust_main, thrust_retro, thrust_maneuvering, power_generation, power_used_shields, power_used_quantum, cooling_generation, cooling_used_shields, cooling_used_quantum, shield_hp_total, shield_regen_total) VALUES ((SELECT id FROM ships WHERE reference = 'MISC_Reliant_Mako'), 10500, 4, 18.2, 6.65, 48.35, 247.79, 0.22, 1300, 78031212485, 140000000, 4, 299, 699, 2000000, 2128000, 15472000, 14, 15.2, 13.2, 44, 23.2, 23.2, 5610, 351) ON CONFLICT (ship_id) DO NOTHING;
INSERT INTO ship_insurance (ship_id, expedited_cost, expedited_claim_time, standard_claim_time) VALUES ((SELECT id FROM ships WHERE reference = 'MISC_Reliant_Mako'), 2868, 1.79, 5.36) ON CONFLICT (ship_id) DO NOTHING;
INSERT INTO ship_flight_stats (ship_id, scm_speed, max_speed, boost_speed_forward, boost_speed_backward, pitch, yaw, roll, pitch_boosted, yaw_boosted, roll_boosted, accel_forward, accel_backward, accel_up, accel_down, accel_strafe, accel_forward_g, accel_backward_g, accel_up_g, accel_down_g, accel_strafe_g, boost_mult_forward, boost_mult_backward, boost_mult_up, boost_mult_strafe, boost_capacitor_max, boost_regen_per_sec, boost_regen_time, zero_to_scm, zero_to_max, scm_to_zero, mass_empty, mass_loadout, mass_total) VALUES ((SELECT id FROM ships WHERE reference = 'MISC_Reliant_Sen'), 220, 1150, 480, 250, 54, 43, 138, 64.8, 51.6, 165.6, 56.89, 60.54, 0, 0, 0, 5.8, 6.17, 0, 0, 0, 1.55, 1.4, 1.3, 1.33, 20, 0.75, 27.2, 3.87, 20.21, 3.63, 35153, 7056, 42209) ON CONFLICT (ship_id) DO NOTHING;
INSERT INTO ship_resistances (ship_id, armor_hp, dmg_mult_physical, dmg_mult_energy, dmg_mult_distortion, dmg_mult_thermal, dmg_mult_biochemical, dmg_mult_stun, sig_mult_cross_section, sig_mult_infrared, sig_mult_electromagnetic, pen_resist_base, pen_resist_physical, pen_resist_energy, pen_resist_distortion, base_em_signature, base_ir_signature, base_cs_signature, cross_section_x, cross_section_y, cross_section_z, em_total_shields, em_total_quantum, ir_total_shields, ir_total_quantum) VALUES ((SELECT id FROM ships WHERE reference = 'MISC_Reliant_Sen'), 2750, 0.75, 0.6, 1, 1, 1, 1, 1, 1, 1, 1, 1, 1, 0, 16429, 6367, NULL, 1601, 6519, 5819, 16429, 38249, 6367, 5142) ON CONFLICT (ship_id) DO NOTHING;
INSERT INTO ship_fuel (ship_id, hydrogen_capacity, fuel_intake_rate, fuel_usage_main, fuel_usage_retro, fuel_usage_maneuvering, maneuvering_time_till_empty, intake_to_main_ratio, quantum_capacity, quantum_range, quantum_speed, quantum_spool_time, quantum_travel_time_po, quantum_fuel_usage_po, thrust_main, thrust_retro, thrust_maneuvering, power_generation, power_used_shields, power_used_quantum, cooling_generation, cooling_used_shields, cooling_used_quantum, shield_hp_total, shield_regen_total) VALUES ((SELECT id FROM ships WHERE reference = 'MISC_Reliant_Sen'), 10500, 4, 18.2, 6.65, 48.35, 247.79, 0.22, 1800, 310344827586, 215000000, 4, 195, 243, 2000000, 2128000, 15472000, 14, 21.2, 15.2, 64, 31.2, 25.2, 5400, 339) ON CONFLICT (ship_id) DO NOTHING;
INSERT INTO ship_insurance (ship_id, expedited_cost, expedited_claim_time, standard_claim_time) VALUES ((SELECT id FROM ships WHERE reference = 'MISC_Reliant_Sen'), 2653, 1.61, 4.82) ON CONFLICT (ship_id) DO NOTHING;
INSERT INTO ship_flight_stats (ship_id, scm_speed, max_speed, boost_speed_forward, boost_speed_backward, pitch, yaw, roll, pitch_boosted, yaw_boosted, roll_boosted, accel_forward, accel_backward, accel_up, accel_down, accel_strafe, accel_forward_g, accel_backward_g, accel_up_g, accel_down_g, accel_strafe_g, boost_mult_forward, boost_mult_backward, boost_mult_up, boost_mult_strafe, boost_capacitor_max, boost_regen_per_sec, boost_regen_time, zero_to_scm, zero_to_max, scm_to_zero, mass_empty, mass_loadout, mass_total) VALUES ((SELECT id FROM ships WHERE reference = 'MISC_Reliant_Tana'), 222, 1150, 480, 250, 58, 45, 155, 69.6, 54, 186, 57.2, 60.86, 0, 0, 0, 5.83, 6.21, 0, 0, 0, 1.55, 1.4, 1.3, 1.33, 20, 0.75, 27.2, 3.88, 20.1, 3.65, 34968, 7906, 42874) ON CONFLICT (ship_id) DO NOTHING;
INSERT INTO ship_resistances (ship_id, armor_hp, dmg_mult_physical, dmg_mult_energy, dmg_mult_distortion, dmg_mult_thermal, dmg_mult_biochemical, dmg_mult_stun, sig_mult_cross_section, sig_mult_infrared, sig_mult_electromagnetic, pen_resist_base, pen_resist_physical, pen_resist_energy, pen_resist_distortion, base_em_signature, base_ir_signature, base_cs_signature, cross_section_x, cross_section_y, cross_section_z, em_total_shields, em_total_quantum, ir_total_shields, ir_total_quantum) VALUES ((SELECT id FROM ships WHERE reference = 'MISC_Reliant_Tana'), 4125, 0.75, 0.6, 1, 1, 1, 1, 1, 1, 1, 1, 1, 1, 0, 17429, 7943, NULL, 1601, 6519, 5819, 17429, 33749, 7943, 6662) ON CONFLICT (ship_id) DO NOTHING;
INSERT INTO ship_fuel (ship_id, hydrogen_capacity, fuel_intake_rate, fuel_usage_main, fuel_usage_retro, fuel_usage_maneuvering, maneuvering_time_till_empty, intake_to_main_ratio, quantum_capacity, quantum_range, quantum_speed, quantum_spool_time, quantum_travel_time_po, quantum_fuel_usage_po, thrust_main, thrust_retro, thrust_maneuvering, power_generation, power_used_shields, power_used_quantum, cooling_generation, cooling_used_shields, cooling_used_quantum, shield_hp_total, shield_regen_total) VALUES ((SELECT id FROM ships WHERE reference = 'MISC_Reliant_Tana'), 7500, 0, 18.2, 6.65, 48.35, 176.99, 0, 1300, 69817400644, 190000000, 4, 221, 781, 2000000, 2128000, 15472000, 14, 25.2, 19.2, 68, 37.2, 31.2, 7920, 496) ON CONFLICT (ship_id) DO NOTHING;
INSERT INTO ship_insurance (ship_id, expedited_cost, expedited_claim_time, standard_claim_time) VALUES ((SELECT id FROM ships WHERE reference = 'MISC_Reliant_Tana'), 3829, 1.61, 4.82) ON CONFLICT (ship_id) DO NOTHING;
INSERT INTO ship_flight_stats (ship_id, scm_speed, max_speed, boost_speed_forward, boost_speed_backward, pitch, yaw, roll, pitch_boosted, yaw_boosted, roll_boosted, accel_forward, accel_backward, accel_up, accel_down, accel_strafe, accel_forward_g, accel_backward_g, accel_up_g, accel_down_g, accel_strafe_g, boost_mult_forward, boost_mult_backward, boost_mult_up, boost_mult_strafe, boost_capacitor_max, boost_regen_per_sec, boost_regen_time, zero_to_scm, zero_to_max, scm_to_zero, mass_empty, mass_loadout, mass_total) VALUES ((SELECT id FROM ships WHERE reference = 'MISC_Starfarer'), 106, 845, 295, 106, 23, 23, 45, 27.6, 27.6, 54, 26.39, 14.42, 18.46, 0, 0, 2.69, 1.47, 1.88, 0, 0, 1.35, 1.4, 1.4, 1.3, 20, 0.75, 27.8, 4.02, 32.02, 7.35, 3466606, 121703, 3588309) ON CONFLICT (ship_id) DO NOTHING;
INSERT INTO ship_resistances (ship_id, armor_hp, dmg_mult_physical, dmg_mult_energy, dmg_mult_distortion, dmg_mult_thermal, dmg_mult_biochemical, dmg_mult_stun, sig_mult_cross_section, sig_mult_infrared, sig_mult_electromagnetic, pen_resist_base, pen_resist_physical, pen_resist_energy, pen_resist_distortion, base_em_signature, base_ir_signature, base_cs_signature, cross_section_x, cross_section_y, cross_section_z, em_total_shields, em_total_quantum, ir_total_shields, ir_total_quantum) VALUES ((SELECT id FROM ships WHERE reference = 'MISC_Starfarer'), 15125, 0.7, 0.5, 1, 1, 1, 1, 1.4, 1.4, 1.4, 1, 1, 1, 0, 73999, 19368, NULL, 13437, 5836, 24431, 73999, 129495, 19368, 16434) ON CONFLICT (ship_id) DO NOTHING;
INSERT INTO ship_fuel (ship_id, hydrogen_capacity, fuel_intake_rate, fuel_usage_main, fuel_usage_retro, fuel_usage_maneuvering, maneuvering_time_till_empty, intake_to_main_ratio, quantum_capacity, quantum_range, quantum_speed, quantum_spool_time, quantum_travel_time_po, quantum_fuel_usage_po, thrust_main, thrust_retro, thrust_maneuvering, power_generation, power_used_shields, power_used_quantum, cooling_generation, cooling_used_shields, cooling_used_quantum, shield_hp_total, shield_regen_total) VALUES ((SELECT id FROM ships WHERE reference = 'MISC_Starfarer'), 652200, 100, 1066.29, 529.38, 250, 547.47, 0.09, 8600, 222567287785, 319000000, 7, 131, 1620, 91500000, 50000000, 80000000, 30, 47, 37, 104, 66, 56, 270000, 16929) ON CONFLICT (ship_id) DO NOTHING;
INSERT INTO ship_insurance (ship_id, expedited_cost, expedited_claim_time, standard_claim_time) VALUES ((SELECT id FROM ships WHERE reference = 'MISC_Starfarer'), 9000, 6, 18) ON CONFLICT (ship_id) DO NOTHING;
INSERT INTO ship_flight_stats (ship_id, scm_speed, max_speed, boost_speed_forward, boost_speed_backward, pitch, yaw, roll, pitch_boosted, yaw_boosted, roll_boosted, accel_forward, accel_backward, accel_up, accel_down, accel_strafe, accel_forward_g, accel_backward_g, accel_up_g, accel_down_g, accel_strafe_g, boost_mult_forward, boost_mult_backward, boost_mult_up, boost_mult_strafe, boost_capacitor_max, boost_regen_per_sec, boost_regen_time, zero_to_scm, zero_to_max, scm_to_zero, mass_empty, mass_loadout, mass_total) VALUES ((SELECT id FROM ships WHERE reference = 'MISC_Starfarer_Gemini'), 106, 845, 295, 106, 23, 23, 45, 27.6, 27.6, 54, 26.04, 14.31, 18.31, 0, 0, 2.66, 1.46, 1.87, 0, 0, 1.35, 1.4, 1.4, 1.3, 20, 0.75, 27.8, 4.07, 32.45, 7.41, 3494690, 122160, 3616850) ON CONFLICT (ship_id) DO NOTHING;
INSERT INTO ship_resistances (ship_id, armor_hp, dmg_mult_physical, dmg_mult_energy, dmg_mult_distortion, dmg_mult_thermal, dmg_mult_biochemical, dmg_mult_stun, sig_mult_cross_section, sig_mult_infrared, sig_mult_electromagnetic, pen_resist_base, pen_resist_physical, pen_resist_energy, pen_resist_distortion, base_em_signature, base_ir_signature, base_cs_signature, cross_section_x, cross_section_y, cross_section_z, em_total_shields, em_total_quantum, ir_total_shields, ir_total_quantum) VALUES ((SELECT id FROM ships WHERE reference = 'MISC_Starfarer_Gemini'), 22688, 0.7, 0.5, 1, 1, 1, 1, 1.4, 1.4, 1.4, 1, 1, 1, 0, 75103, 19140, NULL, 11076, 4811, 20138, 75103, 115479, 19140, 16240) ON CONFLICT (ship_id) DO NOTHING;
INSERT INTO ship_fuel (ship_id, hydrogen_capacity, fuel_intake_rate, fuel_usage_main, fuel_usage_retro, fuel_usage_maneuvering, maneuvering_time_till_empty, intake_to_main_ratio, quantum_capacity, quantum_range, quantum_speed, quantum_spool_time, quantum_travel_time_po, quantum_fuel_usage_po, thrust_main, thrust_retro, thrust_maneuvering, power_generation, power_used_shields, power_used_quantum, cooling_generation, cooling_used_shields, cooling_used_quantum, shield_hp_total, shield_regen_total) VALUES ((SELECT id FROM ships WHERE reference = 'MISC_Starfarer_Gemini'), 652200, 100, 911.51, 529.38, 250, 629.23, 0.11, 8600, 70284406669, 282000000, 7, 149, 5130, 91000000, 50000000, 80000000, 30, 47, 37, 112, 66, 56, 270000, 16929) ON CONFLICT (ship_id) DO NOTHING;
INSERT INTO ship_insurance (ship_id, expedited_cost, expedited_claim_time, standard_claim_time) VALUES ((SELECT id FROM ships WHERE reference = 'MISC_Starfarer_Gemini'), 15995, 11.78, 35.34) ON CONFLICT (ship_id) DO NOTHING;
INSERT INTO ship_flight_stats (ship_id, scm_speed, max_speed, boost_speed_forward, boost_speed_backward, pitch, yaw, roll, pitch_boosted, yaw_boosted, roll_boosted, accel_forward, accel_backward, accel_up, accel_down, accel_strafe, accel_forward_g, accel_backward_g, accel_up_g, accel_down_g, accel_strafe_g, boost_mult_forward, boost_mult_backward, boost_mult_up, boost_mult_strafe, boost_capacitor_max, boost_regen_per_sec, boost_regen_time, zero_to_scm, zero_to_max, scm_to_zero, mass_empty, mass_loadout, mass_total) VALUES ((SELECT id FROM ships WHERE reference = 'MISC_Starfarer_Teach'), 106, 845, 295, 106, 23, 23, 45, 27.6, 27.6, 54, 26.39, 14.42, 18.46, 0, 0, 2.69, 1.47, 1.88, 0, 0, 1.35, 1.4, 1.4, 1.3, 20, 0.75, 27.8, 4.02, 32.02, 7.35, 3466606, 121703, 3588309) ON CONFLICT (ship_id) DO NOTHING;
INSERT INTO ship_resistances (ship_id, armor_hp, dmg_mult_physical, dmg_mult_energy, dmg_mult_distortion, dmg_mult_thermal, dmg_mult_biochemical, dmg_mult_stun, sig_mult_cross_section, sig_mult_infrared, sig_mult_electromagnetic, pen_resist_base, pen_resist_physical, pen_resist_energy, pen_resist_distortion, base_em_signature, base_ir_signature, base_cs_signature, cross_section_x, cross_section_y, cross_section_z, em_total_shields, em_total_quantum, ir_total_shields, ir_total_quantum) VALUES ((SELECT id FROM ships WHERE reference = 'MISC_Starfarer_Teach'), 15125, 0.7, 0.5, 1, 1, 1, 1, 1.4, 1.4, 1.4, 1, 1, 1, 0, 73999, 19368, NULL, 13437, 5836, 24431, 73999, 129495, 19368, 16434) ON CONFLICT (ship_id) DO NOTHING;
INSERT INTO ship_fuel (ship_id, hydrogen_capacity, fuel_intake_rate, fuel_usage_main, fuel_usage_retro, fuel_usage_maneuvering, maneuvering_time_till_empty, intake_to_main_ratio, quantum_capacity, quantum_range, quantum_speed, quantum_spool_time, quantum_travel_time_po, quantum_fuel_usage_po, thrust_main, thrust_retro, thrust_maneuvering, power_generation, power_used_shields, power_used_quantum, cooling_generation, cooling_used_shields, cooling_used_quantum, shield_hp_total, shield_regen_total) VALUES ((SELECT id FROM ships WHERE reference = 'MISC_Starfarer_Teach'), 652200, 100, 1066.29, 529.38, 250, 547.47, 0.09, 8600, 222567287785, 319000000, 7, 131, 1620, 91500000, 50000000, 80000000, 30, 47, 37, 104, 66, 56, 270000, 16929) ON CONFLICT (ship_id) DO NOTHING;
INSERT INTO ship_insurance (ship_id, expedited_cost, expedited_claim_time, standard_claim_time) VALUES ((SELECT id FROM ships WHERE reference = 'MISC_Starfarer_Teach'), 9000, 6, 18) ON CONFLICT (ship_id) DO NOTHING;
INSERT INTO ship_flight_stats (ship_id, scm_speed, max_speed, boost_speed_forward, boost_speed_backward, pitch, yaw, roll, pitch_boosted, yaw_boosted, roll_boosted, accel_forward, accel_backward, accel_up, accel_down, accel_strafe, accel_forward_g, accel_backward_g, accel_up_g, accel_down_g, accel_strafe_g, boost_mult_forward, boost_mult_backward, boost_mult_up, boost_mult_strafe, boost_capacitor_max, boost_regen_per_sec, boost_regen_time, zero_to_scm, zero_to_max, scm_to_zero, mass_empty, mass_loadout, mass_total) VALUES ((SELECT id FROM ships WHERE reference = 'MISC_Starlancer_Max'), 160, 990, 325, 165, 31, 31, 65, 37.2, 37.2, 78, 53.21, 30.12, 18.07, 0, 0, 5.43, 3.07, 1.84, 0, 0, 1.35, 1.4, 1.4, 1.3, 20, 0.75, 29.7, 3.01, 18.61, 5.31, 498071, 338196, 836267) ON CONFLICT (ship_id) DO NOTHING;
INSERT INTO ship_resistances (ship_id, armor_hp, dmg_mult_physical, dmg_mult_energy, dmg_mult_distortion, dmg_mult_thermal, dmg_mult_biochemical, dmg_mult_stun, sig_mult_cross_section, sig_mult_infrared, sig_mult_electromagnetic, pen_resist_base, pen_resist_physical, pen_resist_energy, pen_resist_distortion, base_em_signature, base_ir_signature, base_cs_signature, cross_section_x, cross_section_y, cross_section_z, em_total_shields, em_total_quantum, ir_total_shields, ir_total_quantum) VALUES ((SELECT id FROM ships WHERE reference = 'MISC_Starlancer_Max'), 15125, 0.7, 0.5, 1, 1, 1, 1, 1, 1, 1, 1, 1, 1, 0, 33585, 7509, NULL, NULL, NULL, NULL, 33585, 63505, 7509, 6826) ON CONFLICT (ship_id) DO NOTHING;
INSERT INTO ship_fuel (ship_id, hydrogen_capacity, fuel_intake_rate, fuel_usage_main, fuel_usage_retro, fuel_usage_maneuvering, maneuvering_time_till_empty, intake_to_main_ratio, quantum_capacity, quantum_range, quantum_speed, quantum_spool_time, quantum_travel_time_po, quantum_fuel_usage_po, thrust_main, thrust_retro, thrust_maneuvering, power_generation, power_used_shields, power_used_quantum, cooling_generation, cooling_used_shields, cooling_used_quantum, shield_hp_total, shield_regen_total) VALUES ((SELECT id FROM ships WHERE reference = 'MISC_Starlancer_Max'), 50000, 50, 331.25, 187.5, 915, 63.39, 0.15, 3600, 660550458716, 171000000, 6, 245, 229, 26500000, 15000000, 73200000, 24, 32, 27, 92, 44, 40, 90000, 5643) ON CONFLICT (ship_id) DO NOTHING;
INSERT INTO ship_insurance (ship_id, expedited_cost, expedited_claim_time, standard_claim_time) VALUES ((SELECT id FROM ships WHERE reference = 'MISC_Starlancer_Max'), 5190, 3.08, 12.33) ON CONFLICT (ship_id) DO NOTHING;
INSERT INTO ship_flight_stats (ship_id, scm_speed, max_speed, boost_speed_forward, boost_speed_backward, pitch, yaw, roll, pitch_boosted, yaw_boosted, roll_boosted, accel_forward, accel_backward, accel_up, accel_down, accel_strafe, accel_forward_g, accel_backward_g, accel_up_g, accel_down_g, accel_strafe_g, boost_mult_forward, boost_mult_backward, boost_mult_up, boost_mult_strafe, boost_capacitor_max, boost_regen_per_sec, boost_regen_time, zero_to_scm, zero_to_max, scm_to_zero, mass_empty, mass_loadout, mass_total) VALUES ((SELECT id FROM ships WHERE reference = 'MISC_Starlancer_Max_Collector_Indust'), 160, 990, 325, 165, 31, 31, 65, 37.2, 37.2, 78, 53.21, 30.12, 18.07, 0, 0, 5.43, 3.07, 1.84, 0, 0, 1.35, 1.4, 1.4, 1.3, 20, 0.75, 29.7, 3.01, 18.61, 5.31, 498071, 339286, 837357) ON CONFLICT (ship_id) DO NOTHING;
INSERT INTO ship_resistances (ship_id, armor_hp, dmg_mult_physical, dmg_mult_energy, dmg_mult_distortion, dmg_mult_thermal, dmg_mult_biochemical, dmg_mult_stun, sig_mult_cross_section, sig_mult_infrared, sig_mult_electromagnetic, pen_resist_base, pen_resist_physical, pen_resist_energy, pen_resist_distortion, base_em_signature, base_ir_signature, base_cs_signature, cross_section_x, cross_section_y, cross_section_z, em_total_shields, em_total_quantum, ir_total_shields, ir_total_quantum) VALUES ((SELECT id FROM ships WHERE reference = 'MISC_Starlancer_Max_Collector_Indust'), 15125, 0.7, 0.5, 1, 1, 1, 1, 1, 1, 1, 1, 1, 1, 0, 32479, 6826, NULL, NULL, NULL, NULL, 32479, 56999, 6826, 6205) ON CONFLICT (ship_id) DO NOTHING;
INSERT INTO ship_fuel (ship_id, hydrogen_capacity, fuel_intake_rate, fuel_usage_main, fuel_usage_retro, fuel_usage_maneuvering, maneuvering_time_till_empty, intake_to_main_ratio, quantum_capacity, quantum_range, quantum_speed, quantum_spool_time, quantum_travel_time_po, quantum_fuel_usage_po, thrust_main, thrust_retro, thrust_maneuvering, power_generation, power_used_shields, power_used_quantum, cooling_generation, cooling_used_shields, cooling_used_quantum, shield_hp_total, shield_regen_total) VALUES ((SELECT id FROM ships WHERE reference = 'MISC_Starlancer_Max_Collector_Indust'), 50000, 50, 331.25, 187.5, 915, 63.39, 0.15, 3600, 428928869296, 282000000, 6, 149, 352, 26500000, 15000000, 73200000, 24, 32, 27, 78, 44, 40, 90000, 6534) ON CONFLICT (ship_id) DO NOTHING;
INSERT INTO ship_insurance (ship_id, expedited_cost, expedited_claim_time, standard_claim_time) VALUES ((SELECT id FROM ships WHERE reference = 'MISC_Starlancer_Max_Collector_Indust'), 5190, 3.08, 12.33) ON CONFLICT (ship_id) DO NOTHING;
INSERT INTO ship_flight_stats (ship_id, scm_speed, max_speed, boost_speed_forward, boost_speed_backward, pitch, yaw, roll, pitch_boosted, yaw_boosted, roll_boosted, accel_forward, accel_backward, accel_up, accel_down, accel_strafe, accel_forward_g, accel_backward_g, accel_up_g, accel_down_g, accel_strafe_g, boost_mult_forward, boost_mult_backward, boost_mult_up, boost_mult_strafe, boost_capacitor_max, boost_regen_per_sec, boost_regen_time, zero_to_scm, zero_to_max, scm_to_zero, mass_empty, mass_loadout, mass_total) VALUES ((SELECT id FROM ships WHERE reference = 'MISC_Starlancer_TAC'), 150, 960, 315, 155, 27, 27, 60, 32.4, 32.4, 72, 35.9, 20.32, 8.13, 0, 0, 3.66, 2.07, 0.83, 0, 0, 1.35, 1.4, 1.4, 1.3, 20, 0.75, 29.7, 4.18, 26.74, 7.38, 738071, 186470, 924541) ON CONFLICT (ship_id) DO NOTHING;
INSERT INTO ship_resistances (ship_id, armor_hp, dmg_mult_physical, dmg_mult_energy, dmg_mult_distortion, dmg_mult_thermal, dmg_mult_biochemical, dmg_mult_stun, sig_mult_cross_section, sig_mult_infrared, sig_mult_electromagnetic, pen_resist_base, pen_resist_physical, pen_resist_energy, pen_resist_distortion, base_em_signature, base_ir_signature, base_cs_signature, cross_section_x, cross_section_y, cross_section_z, em_total_shields, em_total_quantum, ir_total_shields, ir_total_quantum) VALUES ((SELECT id FROM ships WHERE reference = 'MISC_Starlancer_TAC'), 22688, 0.7, 0.5, 1, 1, 1, 1, 1, 1, 1, 1, 1, 1, 0, 31877, 11218, NULL, NULL, NULL, NULL, 31877, 59317, 11218, 8255) ON CONFLICT (ship_id) DO NOTHING;
INSERT INTO ship_fuel (ship_id, hydrogen_capacity, fuel_intake_rate, fuel_usage_main, fuel_usage_retro, fuel_usage_maneuvering, maneuvering_time_till_empty, intake_to_main_ratio, quantum_capacity, quantum_range, quantum_speed, quantum_spool_time, quantum_travel_time_po, quantum_fuel_usage_po, thrust_main, thrust_retro, thrust_maneuvering, power_generation, power_used_shields, power_used_quantum, cooling_generation, cooling_used_shields, cooling_used_quantum, shield_hp_total, shield_regen_total) VALUES ((SELECT id FROM ships WHERE reference = 'MISC_Starlancer_TAC'), 48000, 50, 331.25, 187.5, 915, 60.86, 0.15, 3350, 614678899083, 171000000, 6, 245, 229, 26500000, 15000000, 73200000, 24, 36, 26, 60, 53, 39, 180000, 11286) ON CONFLICT (ship_id) DO NOTHING;
INSERT INTO ship_insurance (ship_id, expedited_cost, expedited_claim_time, standard_claim_time) VALUES ((SELECT id FROM ships WHERE reference = 'MISC_Starlancer_TAC'), 7190, 3.33, 13.33) ON CONFLICT (ship_id) DO NOTHING;
INSERT INTO ship_flight_stats (ship_id, scm_speed, max_speed, boost_speed_forward, boost_speed_backward, pitch, yaw, roll, pitch_boosted, yaw_boosted, roll_boosted, accel_forward, accel_backward, accel_up, accel_down, accel_strafe, accel_forward_g, accel_backward_g, accel_up_g, accel_down_g, accel_strafe_g, boost_mult_forward, boost_mult_backward, boost_mult_up, boost_mult_strafe, boost_capacitor_max, boost_regen_per_sec, boost_regen_time, zero_to_scm, zero_to_max, scm_to_zero, mass_empty, mass_loadout, mass_total) VALUES ((SELECT id FROM ships WHERE reference = 'MISC_Starlancer_TAC_Collector_Military'), 150, 960, 315, 155, 27, 27, 60, 32.4, 32.4, 72, 35.9, 20.32, 8.13, 0, 0, 3.66, 2.07, 0.83, 0, 0, 1.35, 1.4, 1.4, 1.3, 20, 0.75, 29.7, 4.18, 26.74, 7.38, 738071, 196278, 934349) ON CONFLICT (ship_id) DO NOTHING;
INSERT INTO ship_resistances (ship_id, armor_hp, dmg_mult_physical, dmg_mult_energy, dmg_mult_distortion, dmg_mult_thermal, dmg_mult_biochemical, dmg_mult_stun, sig_mult_cross_section, sig_mult_infrared, sig_mult_electromagnetic, pen_resist_base, pen_resist_physical, pen_resist_energy, pen_resist_distortion, base_em_signature, base_ir_signature, base_cs_signature, cross_section_x, cross_section_y, cross_section_z, em_total_shields, em_total_quantum, ir_total_shields, ir_total_quantum) VALUES ((SELECT id FROM ships WHERE reference = 'MISC_Starlancer_TAC_Collector_Military'), 22688, 0.7, 0.5, 1, 1, 1, 1, 1, 1, 1, 1, 1, 1, 0, 30268, 11218, NULL, NULL, NULL, NULL, 30268, 52448, 11218, 8678) ON CONFLICT (ship_id) DO NOTHING;
INSERT INTO ship_fuel (ship_id, hydrogen_capacity, fuel_intake_rate, fuel_usage_main, fuel_usage_retro, fuel_usage_maneuvering, maneuvering_time_till_empty, intake_to_main_ratio, quantum_capacity, quantum_range, quantum_speed, quantum_spool_time, quantum_travel_time_po, quantum_fuel_usage_po, thrust_main, thrust_retro, thrust_maneuvering, power_generation, power_used_shields, power_used_quantum, cooling_generation, cooling_used_shields, cooling_used_quantum, shield_hp_total, shield_regen_total) VALUES ((SELECT id FROM ships WHERE reference = 'MISC_Starlancer_TAC_Collector_Military'), 48000, 50, 331.25, 187.5, 915, 60.86, 0.15, 3350, 146352118829, 278000000, 6, 151, 960, 26500000, 15000000, 73200000, 24, 36, 26, 60, 53, 41, 264000, 17424) ON CONFLICT (ship_id) DO NOTHING;
INSERT INTO ship_insurance (ship_id, expedited_cost, expedited_claim_time, standard_claim_time) VALUES ((SELECT id FROM ships WHERE reference = 'MISC_Starlancer_TAC_Collector_Military'), 7190, 3.33, 13.33) ON CONFLICT (ship_id) DO NOTHING;
INSERT INTO ship_flight_stats (ship_id, scm_speed, max_speed, boost_speed_forward, boost_speed_backward, pitch, yaw, roll, pitch_boosted, yaw_boosted, roll_boosted, accel_forward, accel_backward, accel_up, accel_down, accel_strafe, accel_forward_g, accel_backward_g, accel_up_g, accel_down_g, accel_strafe_g, boost_mult_forward, boost_mult_backward, boost_mult_up, boost_mult_strafe, boost_capacitor_max, boost_regen_per_sec, boost_regen_time, zero_to_scm, zero_to_max, scm_to_zero, mass_empty, mass_loadout, mass_total) VALUES ((SELECT id FROM ships WHERE reference = 'MRAI_Guardian'), 213, 1125, 465, 225, 45, 45, 130, 54, 54, 156, 41.64, 41.56, 0, 0, 0, 4.25, 4.24, 0, 0, 0, 1.5, 1.4, 1.3, 1.35, 20, 0.75, 27.4, 5.12, 27.02, 5.13, 113100, 21006, 134106) ON CONFLICT (ship_id) DO NOTHING;
INSERT INTO ship_resistances (ship_id, armor_hp, dmg_mult_physical, dmg_mult_energy, dmg_mult_distortion, dmg_mult_thermal, dmg_mult_biochemical, dmg_mult_stun, sig_mult_cross_section, sig_mult_infrared, sig_mult_electromagnetic, pen_resist_base, pen_resist_physical, pen_resist_energy, pen_resist_distortion, base_em_signature, base_ir_signature, base_cs_signature, cross_section_x, cross_section_y, cross_section_z, em_total_shields, em_total_quantum, ir_total_shields, ir_total_quantum) VALUES ((SELECT id FROM ships WHERE reference = 'MRAI_Guardian'), 11250, 0.75, 0.6, 1, 1, 1, 1, 1, 1.3, 1.3, 1, 1, 1, 0, 46318, 11685, NULL, 6000, 3333, 9000, 46318, 78363, 11685, 11685) ON CONFLICT (ship_id) DO NOTHING;
INSERT INTO ship_fuel (ship_id, hydrogen_capacity, fuel_intake_rate, fuel_usage_main, fuel_usage_retro, fuel_usage_maneuvering, maneuvering_time_till_empty, intake_to_main_ratio, quantum_capacity, quantum_range, quantum_speed, quantum_spool_time, quantum_travel_time_po, quantum_fuel_usage_po, thrust_main, thrust_retro, thrust_maneuvering, power_generation, power_used_shields, power_used_quantum, cooling_generation, cooling_used_shields, cooling_used_quantum, shield_hp_total, shield_regen_total) VALUES ((SELECT id FROM ships WHERE reference = 'MRAI_Guardian'), 9000, 30, 58.88, 58.75, 396.5, 35, 0.51, 1800, 86914534042, 231000000, 6, 182, 868, 4710000, 4700000, 31720000, 18, 30.8, 26.8, 46, 43.8, 43.8, 13200, 828) ON CONFLICT (ship_id) DO NOTHING;
INSERT INTO ship_insurance (ship_id, expedited_cost, expedited_claim_time, standard_claim_time) VALUES ((SELECT id FROM ships WHERE reference = 'MRAI_Guardian'), 5710, 2.83, 11.33) ON CONFLICT (ship_id) DO NOTHING;
INSERT INTO ship_flight_stats (ship_id, scm_speed, max_speed, boost_speed_forward, boost_speed_backward, pitch, yaw, roll, pitch_boosted, yaw_boosted, roll_boosted, accel_forward, accel_backward, accel_up, accel_down, accel_strafe, accel_forward_g, accel_backward_g, accel_up_g, accel_down_g, accel_strafe_g, boost_mult_forward, boost_mult_backward, boost_mult_up, boost_mult_strafe, boost_capacitor_max, boost_regen_per_sec, boost_regen_time, zero_to_scm, zero_to_max, scm_to_zero, mass_empty, mass_loadout, mass_total) VALUES ((SELECT id FROM ships WHERE reference = 'MRAI_Guardian_Military'), 213, 1125, 465, 225, 45, 45, 130, 54, 54, 156, 41.64, 41.56, 0, 0, 0, 4.25, 4.24, 0, 0, 0, 1.5, 1.4, 1.3, 1.35, 20, 0.75, 27.4, 5.12, 27.02, 5.13, 113100, 20306, 133406) ON CONFLICT (ship_id) DO NOTHING;
INSERT INTO ship_resistances (ship_id, armor_hp, dmg_mult_physical, dmg_mult_energy, dmg_mult_distortion, dmg_mult_thermal, dmg_mult_biochemical, dmg_mult_stun, sig_mult_cross_section, sig_mult_infrared, sig_mult_electromagnetic, pen_resist_base, pen_resist_physical, pen_resist_energy, pen_resist_distortion, base_em_signature, base_ir_signature, base_cs_signature, cross_section_x, cross_section_y, cross_section_z, em_total_shields, em_total_quantum, ir_total_shields, ir_total_quantum) VALUES ((SELECT id FROM ships WHERE reference = 'MRAI_Guardian_Military'), 11250, 0.75, 0.6, 1, 1, 1, 1, 1, 1.3, 1.3, 1, 1, 1, 0, 43065, 11597, NULL, 6000, 3333, 9000, 43065, 65360, 11597, 11055) ON CONFLICT (ship_id) DO NOTHING;
INSERT INTO ship_fuel (ship_id, hydrogen_capacity, fuel_intake_rate, fuel_usage_main, fuel_usage_retro, fuel_usage_maneuvering, maneuvering_time_till_empty, intake_to_main_ratio, quantum_capacity, quantum_range, quantum_speed, quantum_spool_time, quantum_travel_time_po, quantum_fuel_usage_po, thrust_main, thrust_retro, thrust_maneuvering, power_generation, power_used_shields, power_used_quantum, cooling_generation, cooling_used_shields, cooling_used_quantum, shield_hp_total, shield_regen_total) VALUES ((SELECT id FROM ships WHERE reference = 'MRAI_Guardian_Military'), 9000, 30, 58.88, 58.75, 396.5, 35, 0.51, 1800, 83487940631, 266000000, 4, 158, 904, 4710000, 4700000, 31720000, 20, 29.8, 25.8, 38, 42.8, 40.8, 13200, 958) ON CONFLICT (ship_id) DO NOTHING;
INSERT INTO ship_insurance (ship_id, expedited_cost, expedited_claim_time, standard_claim_time) VALUES ((SELECT id FROM ships WHERE reference = 'MRAI_Guardian_Military'), 5710, 2.83, 11.33) ON CONFLICT (ship_id) DO NOTHING;
INSERT INTO ship_flight_stats (ship_id, scm_speed, max_speed, boost_speed_forward, boost_speed_backward, pitch, yaw, roll, pitch_boosted, yaw_boosted, roll_boosted, accel_forward, accel_backward, accel_up, accel_down, accel_strafe, accel_forward_g, accel_backward_g, accel_up_g, accel_down_g, accel_strafe_g, boost_mult_forward, boost_mult_backward, boost_mult_up, boost_mult_strafe, boost_capacitor_max, boost_regen_per_sec, boost_regen_time, zero_to_scm, zero_to_max, scm_to_zero, mass_empty, mass_loadout, mass_total) VALUES ((SELECT id FROM ships WHERE reference = 'MRAI_Guardian_MX'), 208, 1100, 455, 221, 39, 39, 120, 46.8, 46.8, 144, 80.95, 38.69, 0, 0, 0, 8.25, 3.95, 0, 0, 0, 1.5, 1.4, 1.3, 1.35, 20, 0.75, 27.4, 2.57, 13.59, 5.38, 123540, 13276, 136816) ON CONFLICT (ship_id) DO NOTHING;
INSERT INTO ship_resistances (ship_id, armor_hp, dmg_mult_physical, dmg_mult_energy, dmg_mult_distortion, dmg_mult_thermal, dmg_mult_biochemical, dmg_mult_stun, sig_mult_cross_section, sig_mult_infrared, sig_mult_electromagnetic, pen_resist_base, pen_resist_physical, pen_resist_energy, pen_resist_distortion, base_em_signature, base_ir_signature, base_cs_signature, cross_section_x, cross_section_y, cross_section_z, em_total_shields, em_total_quantum, ir_total_shields, ir_total_quantum) VALUES ((SELECT id FROM ships WHERE reference = 'MRAI_Guardian_MX'), 13500, 0.75, 1.1, 1, 1, 1, 1, 1, 1.3, 1.3, 1, 1, 1, 0, 38495, 14817, NULL, 6000, 3333, 9000, 38495, 68395, 14817, 12646) ON CONFLICT (ship_id) DO NOTHING;
INSERT INTO ship_fuel (ship_id, hydrogen_capacity, fuel_intake_rate, fuel_usage_main, fuel_usage_retro, fuel_usage_maneuvering, maneuvering_time_till_empty, intake_to_main_ratio, quantum_capacity, quantum_range, quantum_speed, quantum_spool_time, quantum_travel_time_po, quantum_fuel_usage_po, thrust_main, thrust_retro, thrust_maneuvering, power_generation, power_used_shields, power_used_quantum, cooling_generation, cooling_used_shields, cooling_used_quantum, shield_hp_total, shield_regen_total) VALUES ((SELECT id FROM ships WHERE reference = 'MRAI_Guardian_MX'), 9000, 30, 125, 59.75, 177.5, 42.11, 0.24, 1800, 86914534042, 231000000, 6, 182, 868, 10000000, 4780000, 14200000, 20, 37.6, 29.6, 80, 54.6, 46.6, 26400, 1655) ON CONFLICT (ship_id) DO NOTHING;
INSERT INTO ship_insurance (ship_id, expedited_cost, expedited_claim_time, standard_claim_time) VALUES ((SELECT id FROM ships WHERE reference = 'MRAI_Guardian_MX'), 4200, 2.08, 8.33) ON CONFLICT (ship_id) DO NOTHING;
INSERT INTO ship_flight_stats (ship_id, scm_speed, max_speed, boost_speed_forward, boost_speed_backward, pitch, yaw, roll, pitch_boosted, yaw_boosted, roll_boosted, accel_forward, accel_backward, accel_up, accel_down, accel_strafe, accel_forward_g, accel_backward_g, accel_up_g, accel_down_g, accel_strafe_g, boost_mult_forward, boost_mult_backward, boost_mult_up, boost_mult_strafe, boost_capacitor_max, boost_regen_per_sec, boost_regen_time, zero_to_scm, zero_to_max, scm_to_zero, mass_empty, mass_loadout, mass_total) VALUES ((SELECT id FROM ships WHERE reference = 'MRAI_Guardian_MX_Collector_Military'), 208, 1100, 455, 221, 39, 39, 120, 46.8, 46.8, 144, 80.95, 38.69, 0, 0, 0, 8.25, 3.95, 0, 0, 0, 1.5, 1.4, 1.3, 1.35, 20, 0.75, 27.4, 2.57, 13.59, 5.38, 123540, 13276, 136816) ON CONFLICT (ship_id) DO NOTHING;
INSERT INTO ship_resistances (ship_id, armor_hp, dmg_mult_physical, dmg_mult_energy, dmg_mult_distortion, dmg_mult_thermal, dmg_mult_biochemical, dmg_mult_stun, sig_mult_cross_section, sig_mult_infrared, sig_mult_electromagnetic, pen_resist_base, pen_resist_physical, pen_resist_energy, pen_resist_distortion, base_em_signature, base_ir_signature, base_cs_signature, cross_section_x, cross_section_y, cross_section_z, em_total_shields, em_total_quantum, ir_total_shields, ir_total_quantum) VALUES ((SELECT id FROM ships WHERE reference = 'MRAI_Guardian_MX_Collector_Military'), 13500, 0.75, 1.1, 1, 1, 1, 1, 1, 1.3, 1.3, 1, 1, 1, 0, 38651, 14817, NULL, 6000, 3333, 9000, 38651, 68551, 14817, 12646) ON CONFLICT (ship_id) DO NOTHING;
INSERT INTO ship_fuel (ship_id, hydrogen_capacity, fuel_intake_rate, fuel_usage_main, fuel_usage_retro, fuel_usage_maneuvering, maneuvering_time_till_empty, intake_to_main_ratio, quantum_capacity, quantum_range, quantum_speed, quantum_spool_time, quantum_travel_time_po, quantum_fuel_usage_po, thrust_main, thrust_retro, thrust_maneuvering, power_generation, power_used_shields, power_used_quantum, cooling_generation, cooling_used_shields, cooling_used_quantum, shield_hp_total, shield_regen_total) VALUES ((SELECT id FROM ships WHERE reference = 'MRAI_Guardian_MX_Collector_Military'), 9000, 30, 125, 59.75, 177.5, 42.11, 0.24, 1800, 75062552127, 324000000, 6, 129, 1005, 10000000, 4780000, 14200000, 20, 37.6, 29.6, 80, 54.6, 46.6, 26400, 1742) ON CONFLICT (ship_id) DO NOTHING;
INSERT INTO ship_insurance (ship_id, expedited_cost, expedited_claim_time, standard_claim_time) VALUES ((SELECT id FROM ships WHERE reference = 'MRAI_Guardian_MX_Collector_Military'), 4200, 2.08, 8.33) ON CONFLICT (ship_id) DO NOTHING;
INSERT INTO ship_flight_stats (ship_id, scm_speed, max_speed, boost_speed_forward, boost_speed_backward, pitch, yaw, roll, pitch_boosted, yaw_boosted, roll_boosted, accel_forward, accel_backward, accel_up, accel_down, accel_strafe, accel_forward_g, accel_backward_g, accel_up_g, accel_down_g, accel_strafe_g, boost_mult_forward, boost_mult_backward, boost_mult_up, boost_mult_strafe, boost_capacitor_max, boost_regen_per_sec, boost_regen_time, zero_to_scm, zero_to_max, scm_to_zero, mass_empty, mass_loadout, mass_total) VALUES ((SELECT id FROM ships WHERE reference = 'MRAI_Guardian_QI'), 210, 1100, 460, 223, 42, 42, 125, 50.4, 50.4, 150, 41.64, 41.56, 0, 0, 0, 4.25, 4.24, 0, 0, 0, 1.5, 1.4, 1.3, 1.35, 20, 0.75, 27.4, 5.04, 26.42, 5.05, 113100, 20449, 133549) ON CONFLICT (ship_id) DO NOTHING;
INSERT INTO ship_resistances (ship_id, armor_hp, dmg_mult_physical, dmg_mult_energy, dmg_mult_distortion, dmg_mult_thermal, dmg_mult_biochemical, dmg_mult_stun, sig_mult_cross_section, sig_mult_infrared, sig_mult_electromagnetic, pen_resist_base, pen_resist_physical, pen_resist_energy, pen_resist_distortion, base_em_signature, base_ir_signature, base_cs_signature, cross_section_x, cross_section_y, cross_section_z, em_total_shields, em_total_quantum, ir_total_shields, ir_total_quantum) VALUES ((SELECT id FROM ships WHERE reference = 'MRAI_Guardian_QI'), 11250, 0.75, 0.6, 1, 1, 1, 1, 1, 1.3, 1.3, 1, 1, 1, 0, 49750, 13286, NULL, 6000, 3333, 9000, 49750, 81795, 13286, 13286) ON CONFLICT (ship_id) DO NOTHING;
INSERT INTO ship_fuel (ship_id, hydrogen_capacity, fuel_intake_rate, fuel_usage_main, fuel_usage_retro, fuel_usage_maneuvering, maneuvering_time_till_empty, intake_to_main_ratio, quantum_capacity, quantum_range, quantum_speed, quantum_spool_time, quantum_travel_time_po, quantum_fuel_usage_po, thrust_main, thrust_retro, thrust_maneuvering, power_generation, power_used_shields, power_used_quantum, cooling_generation, cooling_used_shields, cooling_used_quantum, shield_hp_total, shield_regen_total) VALUES ((SELECT id FROM ships WHERE reference = 'MRAI_Guardian_QI'), 9000, 30, 58.88, 58.75, 396.5, 35, 0.51, 1800, 86914534042, 231000000, 6, 182, 868, 4710000, 4700000, 31720000, 18, 33.8, 29.8, 46, 49.8, 49.8, 13200, 828) ON CONFLICT (ship_id) DO NOTHING;
INSERT INTO ship_insurance (ship_id, expedited_cost, expedited_claim_time, standard_claim_time) VALUES ((SELECT id FROM ships WHERE reference = 'MRAI_Guardian_QI'), 6180, 3, 12) ON CONFLICT (ship_id) DO NOTHING;
INSERT INTO ship_flight_stats (ship_id, scm_speed, max_speed, boost_speed_forward, boost_speed_backward, pitch, yaw, roll, pitch_boosted, yaw_boosted, roll_boosted, accel_forward, accel_backward, accel_up, accel_down, accel_strafe, accel_forward_g, accel_backward_g, accel_up_g, accel_down_g, accel_strafe_g, boost_mult_forward, boost_mult_backward, boost_mult_up, boost_mult_strafe, boost_capacitor_max, boost_regen_per_sec, boost_regen_time, zero_to_scm, zero_to_max, scm_to_zero, mass_empty, mass_loadout, mass_total) VALUES ((SELECT id FROM ships WHERE reference = 'MRAI_Guardian_QI_Collector_Indust'), 210, 1100, 460, 223, 42, 42, 125, 50.4, 50.4, 150, 41.64, 41.56, 0, 0, 0, 4.25, 4.24, 0, 0, 0, 1.5, 1.4, 1.3, 1.35, 20, 0.75, 27.4, 5.04, 26.42, 5.05, 113100, 19411, 132511) ON CONFLICT (ship_id) DO NOTHING;
INSERT INTO ship_resistances (ship_id, armor_hp, dmg_mult_physical, dmg_mult_energy, dmg_mult_distortion, dmg_mult_thermal, dmg_mult_biochemical, dmg_mult_stun, sig_mult_cross_section, sig_mult_infrared, sig_mult_electromagnetic, pen_resist_base, pen_resist_physical, pen_resist_energy, pen_resist_distortion, base_em_signature, base_ir_signature, base_cs_signature, cross_section_x, cross_section_y, cross_section_z, em_total_shields, em_total_quantum, ir_total_shields, ir_total_quantum) VALUES ((SELECT id FROM ships WHERE reference = 'MRAI_Guardian_QI_Collector_Indust'), 11250, 0.75, 0.6, 1, 1, 1, 1, 1, 1.3, 1.3, 1, 1, 1, 0, 39648, 10382, NULL, 6000, 3333, 9000, 39648, 80169, 10382, 10382) ON CONFLICT (ship_id) DO NOTHING;
INSERT INTO ship_fuel (ship_id, hydrogen_capacity, fuel_intake_rate, fuel_usage_main, fuel_usage_retro, fuel_usage_maneuvering, maneuvering_time_till_empty, intake_to_main_ratio, quantum_capacity, quantum_range, quantum_speed, quantum_spool_time, quantum_travel_time_po, quantum_fuel_usage_po, thrust_main, thrust_retro, thrust_maneuvering, power_generation, power_used_shields, power_used_quantum, cooling_generation, cooling_used_shields, cooling_used_quantum, shield_hp_total, shield_regen_total) VALUES ((SELECT id FROM ships WHERE reference = 'MRAI_Guardian_QI_Collector_Indust'), 9000, 30, 58.88, 58.75, 396.5, 35, 0.51, 1800, 275229357798, 205000000, 6, 205, 274, 4710000, 4700000, 31720000, 18, 31.8, 28.8, 46, 46.8, 46.8, 8000, 528) ON CONFLICT (ship_id) DO NOTHING;
INSERT INTO ship_insurance (ship_id, expedited_cost, expedited_claim_time, standard_claim_time) VALUES ((SELECT id FROM ships WHERE reference = 'MRAI_Guardian_QI_Collector_Indust'), 6180, 3, 12) ON CONFLICT (ship_id) DO NOTHING;
INSERT INTO ship_flight_stats (ship_id, scm_speed, max_speed, boost_speed_forward, boost_speed_backward, pitch, yaw, roll, pitch_boosted, yaw_boosted, roll_boosted, accel_forward, accel_backward, accel_up, accel_down, accel_strafe, accel_forward_g, accel_backward_g, accel_up_g, accel_down_g, accel_strafe_g, boost_mult_forward, boost_mult_backward, boost_mult_up, boost_mult_strafe, boost_capacitor_max, boost_regen_per_sec, boost_regen_time, zero_to_scm, zero_to_max, scm_to_zero, mass_empty, mass_loadout, mass_total) VALUES ((SELECT id FROM ships WHERE reference = 'MRAI_Pulse'), 204, 561, 284, 124, 84, 84, 135, 100.8, 100.8, 162, 32.15, 27.85, 0, 0, 0, 3.28, 2.84, 0, 0, 0, 1.3, 1.3, 1.2, 1.3, 15, 2, 9.5, 6.35, 17.45, 7.32, 2140, 360, 2500) ON CONFLICT (ship_id) DO NOTHING;
INSERT INTO ship_resistances (ship_id, armor_hp, dmg_mult_physical, dmg_mult_energy, dmg_mult_distortion, dmg_mult_thermal, dmg_mult_biochemical, dmg_mult_stun, sig_mult_cross_section, sig_mult_infrared, sig_mult_electromagnetic, pen_resist_base, pen_resist_physical, pen_resist_energy, pen_resist_distortion, base_em_signature, base_ir_signature, base_cs_signature, cross_section_x, cross_section_y, cross_section_z, em_total_shields, em_total_quantum, ir_total_shields, ir_total_quantum) VALUES ((SELECT id FROM ships WHERE reference = 'MRAI_Pulse'), 1625, 0.75, 0.6, 1, 1, 1, 1, 1, 0.35, 1, 1, 1, 1, 0, 3287, 401, NULL, 401, 253, 506, 3287, 3287, 401, 401) ON CONFLICT (ship_id) DO NOTHING;
INSERT INTO ship_fuel (ship_id, hydrogen_capacity, fuel_intake_rate, fuel_usage_main, fuel_usage_retro, fuel_usage_maneuvering, maneuvering_time_till_empty, intake_to_main_ratio, quantum_capacity, quantum_range, quantum_speed, quantum_spool_time, quantum_travel_time_po, quantum_fuel_usage_po, thrust_main, thrust_retro, thrust_maneuvering, power_generation, power_used_shields, power_used_quantum, cooling_generation, cooling_used_shields, cooling_used_quantum, shield_hp_total, shield_regen_total) VALUES ((SELECT id FROM ships WHERE reference = 'MRAI_Pulse'), 650, 0, 0.86, 0.75, 2.79, 288.25, 0, NULL, NULL, NULL, NULL, NULL, NULL, 68800, 59600, 223000, 10, 5.34, 5.34, 16, 7.335, 7.335, NULL, NULL) ON CONFLICT (ship_id) DO NOTHING;
INSERT INTO ship_insurance (ship_id, expedited_cost, expedited_claim_time, standard_claim_time) VALUES ((SELECT id FROM ships WHERE reference = 'MRAI_Pulse'), 75, 0.05, 0.15) ON CONFLICT (ship_id) DO NOTHING;
INSERT INTO ship_flight_stats (ship_id, scm_speed, max_speed, boost_speed_forward, boost_speed_backward, pitch, yaw, roll, pitch_boosted, yaw_boosted, roll_boosted, accel_forward, accel_backward, accel_up, accel_down, accel_strafe, accel_forward_g, accel_backward_g, accel_up_g, accel_down_g, accel_strafe_g, boost_mult_forward, boost_mult_backward, boost_mult_up, boost_mult_strafe, boost_capacitor_max, boost_regen_per_sec, boost_regen_time, zero_to_scm, zero_to_max, scm_to_zero, mass_empty, mass_loadout, mass_total) VALUES ((SELECT id FROM ships WHERE reference = 'MRAI_Pulse_LX'), 218, 600, 298, 138, 97, 97, 145, 116.4, 116.4, 174, 31.54, 27.2, 0, 0, 0, 3.22, 2.77, 0, 0, 0, 2.3, 1.2, 1.2, 1.8, 10, 4, 3.5, 6.91, 19.02, 8.01, 2140, 260, 2400) ON CONFLICT (ship_id) DO NOTHING;
INSERT INTO ship_resistances (ship_id, armor_hp, dmg_mult_physical, dmg_mult_energy, dmg_mult_distortion, dmg_mult_thermal, dmg_mult_biochemical, dmg_mult_stun, sig_mult_cross_section, sig_mult_infrared, sig_mult_electromagnetic, pen_resist_base, pen_resist_physical, pen_resist_energy, pen_resist_distortion, base_em_signature, base_ir_signature, base_cs_signature, cross_section_x, cross_section_y, cross_section_z, em_total_shields, em_total_quantum, ir_total_shields, ir_total_quantum) VALUES ((SELECT id FROM ships WHERE reference = 'MRAI_Pulse_LX'), 813, 0.75, 0.6, 1, 1, 1, 1, 1, 0.31, 2.75, 1, 1, 1, 0, 8387, 339, NULL, 401, 253, 506, 8387, 8387, 339, 339) ON CONFLICT (ship_id) DO NOTHING;
INSERT INTO ship_fuel (ship_id, hydrogen_capacity, fuel_intake_rate, fuel_usage_main, fuel_usage_retro, fuel_usage_maneuvering, maneuvering_time_till_empty, intake_to_main_ratio, quantum_capacity, quantum_range, quantum_speed, quantum_spool_time, quantum_travel_time_po, quantum_fuel_usage_po, thrust_main, thrust_retro, thrust_maneuvering, power_generation, power_used_shields, power_used_quantum, cooling_generation, cooling_used_shields, cooling_used_quantum, shield_hp_total, shield_regen_total) VALUES ((SELECT id FROM ships WHERE reference = 'MRAI_Pulse_LX'), 650, 0, 0.84, 0.73, 2.82, 288.89, 0, NULL, NULL, NULL, NULL, NULL, NULL, 67500, 58200, 225400, 10, 5, 5, 16, 7, 7, NULL, NULL) ON CONFLICT (ship_id) DO NOTHING;
INSERT INTO ship_insurance (ship_id, expedited_cost, expedited_claim_time, standard_claim_time) VALUES ((SELECT id FROM ships WHERE reference = 'MRAI_Pulse_LX'), 75, 0.05, 0.15) ON CONFLICT (ship_id) DO NOTHING;
INSERT INTO ship_flight_stats (ship_id, scm_speed, max_speed, boost_speed_forward, boost_speed_backward, pitch, yaw, roll, pitch_boosted, yaw_boosted, roll_boosted, accel_forward, accel_backward, accel_up, accel_down, accel_strafe, accel_forward_g, accel_backward_g, accel_up_g, accel_down_g, accel_strafe_g, boost_mult_forward, boost_mult_backward, boost_mult_up, boost_mult_strafe, boost_capacitor_max, boost_regen_per_sec, boost_regen_time, zero_to_scm, zero_to_max, scm_to_zero, mass_empty, mass_loadout, mass_total) VALUES ((SELECT id FROM ships WHERE reference = 'ORIG_100i'), 223, 1230, 610, 290, 60, 52, 155, 72, 62.4, 186, 141.91, 43.07, 0, 0, 0, 14.47, 4.39, 0, 0, 0, 1.55, 1.4, 1.3, 1.3, 20, 0.75, 26.9, 1.57, 8.67, 5.18, 45143, 5043, 50186) ON CONFLICT (ship_id) DO NOTHING;
INSERT INTO ship_resistances (ship_id, armor_hp, dmg_mult_physical, dmg_mult_energy, dmg_mult_distortion, dmg_mult_thermal, dmg_mult_biochemical, dmg_mult_stun, sig_mult_cross_section, sig_mult_infrared, sig_mult_electromagnetic, pen_resist_base, pen_resist_physical, pen_resist_energy, pen_resist_distortion, base_em_signature, base_ir_signature, base_cs_signature, cross_section_x, cross_section_y, cross_section_z, em_total_shields, em_total_quantum, ir_total_shields, ir_total_quantum) VALUES ((SELECT id FROM ships WHERE reference = 'ORIG_100i'), 2400, 0.75, 0.6, 1, 1, 1, 1, 1, 1, 1, 1, 1, 1, 0, 11113, 4000, NULL, 5117, 1906, 9030, 11113, 25363, 4000, 4000) ON CONFLICT (ship_id) DO NOTHING;
INSERT INTO ship_fuel (ship_id, hydrogen_capacity, fuel_intake_rate, fuel_usage_main, fuel_usage_retro, fuel_usage_maneuvering, maneuvering_time_till_empty, intake_to_main_ratio, quantum_capacity, quantum_range, quantum_speed, quantum_spool_time, quantum_travel_time_po, quantum_fuel_usage_po, thrust_main, thrust_retro, thrust_maneuvering, power_generation, power_used_shields, power_used_quantum, cooling_generation, cooling_used_shields, cooling_used_quantum, shield_hp_total, shield_regen_total) VALUES ((SELECT id FROM ships WHERE reference = 'ORIG_100i'), 6500, 30, 58.3, 17.69, 37.45, 84.39, 0.51, 1300, 132653061224, 165000000, 4, 254, 411, 6406206, 1944275.6, 11984527.600000001, 14, 18, 16, 52, 26, 26, 2700, 170) ON CONFLICT (ship_id) DO NOTHING;
INSERT INTO ship_insurance (ship_id, expedited_cost, expedited_claim_time, standard_claim_time) VALUES ((SELECT id FROM ships WHERE reference = 'ORIG_100i'), 1858, 1.12, 3.36) ON CONFLICT (ship_id) DO NOTHING;
INSERT INTO ship_flight_stats (ship_id, scm_speed, max_speed, boost_speed_forward, boost_speed_backward, pitch, yaw, roll, pitch_boosted, yaw_boosted, roll_boosted, accel_forward, accel_backward, accel_up, accel_down, accel_strafe, accel_forward_g, accel_backward_g, accel_up_g, accel_down_g, accel_strafe_g, boost_mult_forward, boost_mult_backward, boost_mult_up, boost_mult_strafe, boost_capacitor_max, boost_regen_per_sec, boost_regen_time, zero_to_scm, zero_to_max, scm_to_zero, mass_empty, mass_loadout, mass_total) VALUES ((SELECT id FROM ships WHERE reference = 'ORIG_125a'), 230, 1260, 610, 300, 65, 52, 150, 78, 62.4, 180, 149.2, 45.93, 0, 0, 0, 15.21, 4.68, 0, 0, 0, 1.55, 1.4, 1.3, 1.3, 20, 0.75, 26.9, 1.54, 8.45, 5.01, 45143, 5620, 50763) ON CONFLICT (ship_id) DO NOTHING;
INSERT INTO ship_resistances (ship_id, armor_hp, dmg_mult_physical, dmg_mult_energy, dmg_mult_distortion, dmg_mult_thermal, dmg_mult_biochemical, dmg_mult_stun, sig_mult_cross_section, sig_mult_infrared, sig_mult_electromagnetic, pen_resist_base, pen_resist_physical, pen_resist_energy, pen_resist_distortion, base_em_signature, base_ir_signature, base_cs_signature, cross_section_x, cross_section_y, cross_section_z, em_total_shields, em_total_quantum, ir_total_shields, ir_total_quantum) VALUES ((SELECT id FROM ships WHERE reference = 'ORIG_125a'), 2400, 0.75, 0.6, 1, 1, 1, 1, 1, 1, 1, 1, 1, 1, 0, 16728, 6406, NULL, 6048, 2253, 10672, 16728, 30488, 6406, 5979) ON CONFLICT (ship_id) DO NOTHING;
INSERT INTO ship_fuel (ship_id, hydrogen_capacity, fuel_intake_rate, fuel_usage_main, fuel_usage_retro, fuel_usage_maneuvering, maneuvering_time_till_empty, intake_to_main_ratio, quantum_capacity, quantum_range, quantum_speed, quantum_spool_time, quantum_travel_time_po, quantum_fuel_usage_po, thrust_main, thrust_retro, thrust_maneuvering, power_generation, power_used_shields, power_used_quantum, cooling_generation, cooling_used_shields, cooling_used_quantum, shield_hp_total, shield_regen_total) VALUES ((SELECT id FROM ships WHERE reference = 'ORIG_125a'), 6500, 30, 61.29, 18.87, 42.31, 78.84, 0.49, 1300, 132653061224, 165000000, 4, 254, 411, 6735262, 2073280, 13539158.4, 16, 21, 18, 68, 30, 28, 3960, 248) ON CONFLICT (ship_id) DO NOTHING;
INSERT INTO ship_insurance (ship_id, expedited_cost, expedited_claim_time, standard_claim_time) VALUES ((SELECT id FROM ships WHERE reference = 'ORIG_125a'), 2526, 1.51, 4.54) ON CONFLICT (ship_id) DO NOTHING;
INSERT INTO ship_flight_stats (ship_id, scm_speed, max_speed, boost_speed_forward, boost_speed_backward, pitch, yaw, roll, pitch_boosted, yaw_boosted, roll_boosted, accel_forward, accel_backward, accel_up, accel_down, accel_strafe, accel_forward_g, accel_backward_g, accel_up_g, accel_down_g, accel_strafe_g, boost_mult_forward, boost_mult_backward, boost_mult_up, boost_mult_strafe, boost_capacitor_max, boost_regen_per_sec, boost_regen_time, zero_to_scm, zero_to_max, scm_to_zero, mass_empty, mass_loadout, mass_total) VALUES ((SELECT id FROM ships WHERE reference = 'ORIG_135c'), 220, 1250, 610, 290, 60, 52, 150, 72, 62.4, 180, 137.4, 48.09, 0, 0, 0, 14.01, 4.9, 0, 0, 0, 1.55, 1.4, 1.3, 1.3, 20, 0.75, 26.9, 1.6, 9.1, 4.57, 45143, 5483, 50626) ON CONFLICT (ship_id) DO NOTHING;
INSERT INTO ship_resistances (ship_id, armor_hp, dmg_mult_physical, dmg_mult_energy, dmg_mult_distortion, dmg_mult_thermal, dmg_mult_biochemical, dmg_mult_stun, sig_mult_cross_section, sig_mult_infrared, sig_mult_electromagnetic, pen_resist_base, pen_resist_physical, pen_resist_energy, pen_resist_distortion, base_em_signature, base_ir_signature, base_cs_signature, cross_section_x, cross_section_y, cross_section_z, em_total_shields, em_total_quantum, ir_total_shields, ir_total_quantum) VALUES ((SELECT id FROM ships WHERE reference = 'ORIG_135c'), 2400, 0.75, 0.6, 1, 1, 1, 1, 1, 1, 1, 1, 1, 1, 0, 16985, 6122, NULL, 6050, 2254, 10676, 16985, 30495, 6122, 5714) ON CONFLICT (ship_id) DO NOTHING;
INSERT INTO ship_fuel (ship_id, hydrogen_capacity, fuel_intake_rate, fuel_usage_main, fuel_usage_retro, fuel_usage_maneuvering, maneuvering_time_till_empty, intake_to_main_ratio, quantum_capacity, quantum_range, quantum_speed, quantum_spool_time, quantum_travel_time_po, quantum_fuel_usage_po, thrust_main, thrust_retro, thrust_maneuvering, power_generation, power_used_shields, power_used_quantum, cooling_generation, cooling_used_shields, cooling_used_quantum, shield_hp_total, shield_regen_total) VALUES ((SELECT id FROM ships WHERE reference = 'ORIG_135c'), 6500, 30, 56.44, 19.76, 37.79, 86.28, 0.53, 1300, 132653061224, 165000000, 4, 254, 411, 6202642, 2170924, 12094051.600000001, 15, 21, 18, 64, 30, 28, 2700, 170) ON CONFLICT (ship_id) DO NOTHING;
INSERT INTO ship_insurance (ship_id, expedited_cost, expedited_claim_time, standard_claim_time) VALUES ((SELECT id FROM ships WHERE reference = 'ORIG_135c'), 1830, 1.26, 3.78) ON CONFLICT (ship_id) DO NOTHING;
INSERT INTO ship_flight_stats (ship_id, scm_speed, max_speed, boost_speed_forward, boost_speed_backward, pitch, yaw, roll, pitch_boosted, yaw_boosted, roll_boosted, accel_forward, accel_backward, accel_up, accel_down, accel_strafe, accel_forward_g, accel_backward_g, accel_up_g, accel_down_g, accel_strafe_g, boost_mult_forward, boost_mult_backward, boost_mult_up, boost_mult_strafe, boost_capacitor_max, boost_regen_per_sec, boost_regen_time, zero_to_scm, zero_to_max, scm_to_zero, mass_empty, mass_loadout, mass_total) VALUES ((SELECT id FROM ships WHERE reference = 'ORIG_300i'), 258, 1440, 550, 270, 50, 46, 175, 60, 55.2, 210, 180.82, 43.25, 0, 0, 0, 18.44, 4.41, 0, 0, 0, 1.65, 1.3, 1.35, 1.35, 20, 0.75, 26.9, 1.43, 7.96, 5.97, 69677, 13205, 82882) ON CONFLICT (ship_id) DO NOTHING;
INSERT INTO ship_resistances (ship_id, armor_hp, dmg_mult_physical, dmg_mult_energy, dmg_mult_distortion, dmg_mult_thermal, dmg_mult_biochemical, dmg_mult_stun, sig_mult_cross_section, sig_mult_infrared, sig_mult_electromagnetic, pen_resist_base, pen_resist_physical, pen_resist_energy, pen_resist_distortion, base_em_signature, base_ir_signature, base_cs_signature, cross_section_x, cross_section_y, cross_section_z, em_total_shields, em_total_quantum, ir_total_shields, ir_total_quantum) VALUES ((SELECT id FROM ships WHERE reference = 'ORIG_300i'), 2400, 0.8, 0.65, 1, 1, 1, 1, 1, 1, 1, 1, 1, 1, 0, 12576, 4231, NULL, 5631, 2687, 8318, 12576, 26076, 4231, 3615) ON CONFLICT (ship_id) DO NOTHING;
INSERT INTO ship_fuel (ship_id, hydrogen_capacity, fuel_intake_rate, fuel_usage_main, fuel_usage_retro, fuel_usage_maneuvering, maneuvering_time_till_empty, intake_to_main_ratio, quantum_capacity, quantum_range, quantum_speed, quantum_spool_time, quantum_travel_time_po, quantum_fuel_usage_po, thrust_main, thrust_retro, thrust_maneuvering, power_generation, power_used_shields, power_used_quantum, cooling_generation, cooling_used_shields, cooling_used_quantum, shield_hp_total, shield_regen_total) VALUES ((SELECT id FROM ships WHERE reference = 'ORIG_300i'), 10500, 12, 66.46, 37.67, 52.13, 113.48, 0.18, 1300, 132653061224, 165000000, 4, 254, 411, 12599170, 3013522, 16682585.8, 14, 18.5, 14.5, 52, 27.5, 23.5, 5400, 339) ON CONFLICT (ship_id) DO NOTHING;
INSERT INTO ship_insurance (ship_id, expedited_cost, expedited_claim_time, standard_claim_time) VALUES ((SELECT id FROM ships WHERE reference = 'ORIG_300i'), 3618, 2.59, 7.76) ON CONFLICT (ship_id) DO NOTHING;
INSERT INTO ship_flight_stats (ship_id, scm_speed, max_speed, boost_speed_forward, boost_speed_backward, pitch, yaw, roll, pitch_boosted, yaw_boosted, roll_boosted, accel_forward, accel_backward, accel_up, accel_down, accel_strafe, accel_forward_g, accel_backward_g, accel_up_g, accel_down_g, accel_strafe_g, boost_mult_forward, boost_mult_backward, boost_mult_up, boost_mult_strafe, boost_capacitor_max, boost_regen_per_sec, boost_regen_time, zero_to_scm, zero_to_max, scm_to_zero, mass_empty, mass_loadout, mass_total) VALUES ((SELECT id FROM ships WHERE reference = 'ORIG_315p'), 258, 1460, 550, 270, 50, 46, 175, 60, 55.2, 210, 178.48, 42.69, 0, 0, 0, 18.2, 4.35, 0, 0, 0, 1.65, 1.3, 1.35, 1.35, 20, 0.75, 26.9, 1.45, 8.18, 6.04, 70592, 12274, 82866) ON CONFLICT (ship_id) DO NOTHING;
INSERT INTO ship_resistances (ship_id, armor_hp, dmg_mult_physical, dmg_mult_energy, dmg_mult_distortion, dmg_mult_thermal, dmg_mult_biochemical, dmg_mult_stun, sig_mult_cross_section, sig_mult_infrared, sig_mult_electromagnetic, pen_resist_base, pen_resist_physical, pen_resist_energy, pen_resist_distortion, base_em_signature, base_ir_signature, base_cs_signature, cross_section_x, cross_section_y, cross_section_z, em_total_shields, em_total_quantum, ir_total_shields, ir_total_quantum) VALUES ((SELECT id FROM ships WHERE reference = 'ORIG_315p'), 2400, 0.8, 0.65, 1, 1, 1, 1, 1, 1, 1, 1, 1, 1, 0, 6794, 2563, NULL, 5579, 2663, 8241, 6794, 31094, 2563, 2775) ON CONFLICT (ship_id) DO NOTHING;
INSERT INTO ship_fuel (ship_id, hydrogen_capacity, fuel_intake_rate, fuel_usage_main, fuel_usage_retro, fuel_usage_maneuvering, maneuvering_time_till_empty, intake_to_main_ratio, quantum_capacity, quantum_range, quantum_speed, quantum_spool_time, quantum_travel_time_po, quantum_fuel_usage_po, thrust_main, thrust_retro, thrust_maneuvering, power_generation, power_used_shields, power_used_quantum, cooling_generation, cooling_used_shields, cooling_used_quantum, shield_hp_total, shield_regen_total) VALUES ((SELECT id FROM ships WHERE reference = 'ORIG_315p'), 18000, 12, 66.46, 37.67, 52.13, 194.54, 0.18, 1800, 310344827586, 215000000, 4, 195, 243, 12599170, 3013522, 16682585.8, 13, 15.2, 13.2, 44, 24.2, 26.2, 5610, 351) ON CONFLICT (ship_id) DO NOTHING;
INSERT INTO ship_insurance (ship_id, expedited_cost, expedited_claim_time, standard_claim_time) VALUES ((SELECT id FROM ships WHERE reference = 'ORIG_315p'), 2579, 1.73, 5.18) ON CONFLICT (ship_id) DO NOTHING;
INSERT INTO ship_flight_stats (ship_id, scm_speed, max_speed, boost_speed_forward, boost_speed_backward, pitch, yaw, roll, pitch_boosted, yaw_boosted, roll_boosted, accel_forward, accel_backward, accel_up, accel_down, accel_strafe, accel_forward_g, accel_backward_g, accel_up_g, accel_down_g, accel_strafe_g, boost_mult_forward, boost_mult_backward, boost_mult_up, boost_mult_strafe, boost_capacitor_max, boost_regen_per_sec, boost_regen_time, zero_to_scm, zero_to_max, scm_to_zero, mass_empty, mass_loadout, mass_total) VALUES ((SELECT id FROM ships WHERE reference = 'ORIG_325a'), 260, 1430, 600, 270, 54, 48, 180, 64.8, 57.6, 216, 181.74, 43.47, 0, 0, 0, 18.53, 4.43, 0, 0, 0, 1.65, 1.3, 1.35, 1.35, 20, 0.75, 26.9, 1.43, 7.87, 5.98, 69324, 15781, 85105) ON CONFLICT (ship_id) DO NOTHING;
INSERT INTO ship_resistances (ship_id, armor_hp, dmg_mult_physical, dmg_mult_energy, dmg_mult_distortion, dmg_mult_thermal, dmg_mult_biochemical, dmg_mult_stun, sig_mult_cross_section, sig_mult_infrared, sig_mult_electromagnetic, pen_resist_base, pen_resist_physical, pen_resist_energy, pen_resist_distortion, base_em_signature, base_ir_signature, base_cs_signature, cross_section_x, cross_section_y, cross_section_z, em_total_shields, em_total_quantum, ir_total_shields, ir_total_quantum) VALUES ((SELECT id FROM ships WHERE reference = 'ORIG_325a'), 2400, 0.8, 0.65, 1, 1, 1, 1, 1, 1, 1, 1, 1, 1, 0, 20227, 7644, NULL, 5928, 2829, 8757, 20227, 36547, 7644, 6363) ON CONFLICT (ship_id) DO NOTHING;
INSERT INTO ship_fuel (ship_id, hydrogen_capacity, fuel_intake_rate, fuel_usage_main, fuel_usage_retro, fuel_usage_maneuvering, maneuvering_time_till_empty, intake_to_main_ratio, quantum_capacity, quantum_range, quantum_speed, quantum_spool_time, quantum_travel_time_po, quantum_fuel_usage_po, thrust_main, thrust_retro, thrust_maneuvering, power_generation, power_used_shields, power_used_quantum, cooling_generation, cooling_used_shields, cooling_used_quantum, shield_hp_total, shield_regen_total) VALUES ((SELECT id FROM ships WHERE reference = 'ORIG_325a'), 18000, 0, 66.46, 37.67, 52.13, 194.54, 0, 1300, 69817400644, 190000000, 4, 221, 781, 12599170, 3013522, 16682585.8, 16, 23.8, 17.8, 68, 35.8, 29.8, 7920, 496) ON CONFLICT (ship_id) DO NOTHING;
INSERT INTO ship_insurance (ship_id, expedited_cost, expedited_claim_time, standard_claim_time) VALUES ((SELECT id FROM ships WHERE reference = 'ORIG_325a'), 3900, 2.07, 6.21) ON CONFLICT (ship_id) DO NOTHING;
INSERT INTO ship_flight_stats (ship_id, scm_speed, max_speed, boost_speed_forward, boost_speed_backward, pitch, yaw, roll, pitch_boosted, yaw_boosted, roll_boosted, accel_forward, accel_backward, accel_up, accel_down, accel_strafe, accel_forward_g, accel_backward_g, accel_up_g, accel_down_g, accel_strafe_g, boost_mult_forward, boost_mult_backward, boost_mult_up, boost_mult_strafe, boost_capacitor_max, boost_regen_per_sec, boost_regen_time, zero_to_scm, zero_to_max, scm_to_zero, mass_empty, mass_loadout, mass_total) VALUES ((SELECT id FROM ships WHERE reference = 'ORIG_350r'), 265, 1500, 490, 270, 56, 56, 180, 67.2, 67.2, 216, 185.49, 38.58, 0, 0, 0, 18.91, 3.93, 0, 0, 0, 1.65, 1.3, 1.35, 1.35, 25, 0.75, 33.5, 1.43, 8.09, 6.87, 78107, 12824, 90931) ON CONFLICT (ship_id) DO NOTHING;
INSERT INTO ship_resistances (ship_id, armor_hp, dmg_mult_physical, dmg_mult_energy, dmg_mult_distortion, dmg_mult_thermal, dmg_mult_biochemical, dmg_mult_stun, sig_mult_cross_section, sig_mult_infrared, sig_mult_electromagnetic, pen_resist_base, pen_resist_physical, pen_resist_energy, pen_resist_distortion, base_em_signature, base_ir_signature, base_cs_signature, cross_section_x, cross_section_y, cross_section_z, em_total_shields, em_total_quantum, ir_total_shields, ir_total_quantum) VALUES ((SELECT id FROM ships WHERE reference = 'ORIG_350r'), 2400, 0.8, 0.65, 1, 1, 1, 1, 1, 1, 1, 1, 1, 1, 0, 13721, 4269, NULL, 5631, 2687, 8318, 13721, 30085, 4269, 3594) ON CONFLICT (ship_id) DO NOTHING;
INSERT INTO ship_fuel (ship_id, hydrogen_capacity, fuel_intake_rate, fuel_usage_main, fuel_usage_retro, fuel_usage_maneuvering, maneuvering_time_till_empty, intake_to_main_ratio, quantum_capacity, quantum_range, quantum_speed, quantum_spool_time, quantum_travel_time_po, quantum_fuel_usage_po, thrust_main, thrust_retro, thrust_maneuvering, power_generation, power_used_shields, power_used_quantum, cooling_generation, cooling_used_shields, cooling_used_quantum, shield_hp_total, shield_regen_total) VALUES ((SELECT id FROM ships WHERE reference = 'ORIG_350r'), 27000, 0, 76.43, 37.67, 65.22, 247.62, 0, 1300, 142637700241, 165000000, 4, 254, 382, 14488340, 3013522, 20870244.799999997, 16, 18.3, 14.3, 64, 25.3, 21.3, 4800, 301) ON CONFLICT (ship_id) DO NOTHING;
INSERT INTO ship_insurance (ship_id, expedited_cost, expedited_claim_time, standard_claim_time) VALUES ((SELECT id FROM ships WHERE reference = 'ORIG_350r'), 4573, 3.38, 10.14) ON CONFLICT (ship_id) DO NOTHING;
INSERT INTO ship_flight_stats (ship_id, scm_speed, max_speed, boost_speed_forward, boost_speed_backward, pitch, yaw, roll, pitch_boosted, yaw_boosted, roll_boosted, accel_forward, accel_backward, accel_up, accel_down, accel_strafe, accel_forward_g, accel_backward_g, accel_up_g, accel_down_g, accel_strafe_g, boost_mult_forward, boost_mult_backward, boost_mult_up, boost_mult_strafe, boost_capacitor_max, boost_regen_per_sec, boost_regen_time, zero_to_scm, zero_to_max, scm_to_zero, mass_empty, mass_loadout, mass_total) VALUES ((SELECT id FROM ships WHERE reference = 'ORIG_400i'), 215, 1225, 500, 216, 35, 35, 70, 42, 42, 84, 61.59, 30.22, 28.25, 0, 0, 6.28, 3.08, 2.88, 0, 0, 1.5, 1.2, 1.3, 1.35, 20, 0.75, 27.6, 3.49, 19.89, 7.11, 400457, 40057, 440514) ON CONFLICT (ship_id) DO NOTHING;
INSERT INTO ship_resistances (ship_id, armor_hp, dmg_mult_physical, dmg_mult_energy, dmg_mult_distortion, dmg_mult_thermal, dmg_mult_biochemical, dmg_mult_stun, sig_mult_cross_section, sig_mult_infrared, sig_mult_electromagnetic, pen_resist_base, pen_resist_physical, pen_resist_energy, pen_resist_distortion, base_em_signature, base_ir_signature, base_cs_signature, cross_section_x, cross_section_y, cross_section_z, em_total_shields, em_total_quantum, ir_total_shields, ir_total_quantum) VALUES ((SELECT id FROM ships WHERE reference = 'ORIG_400i'), 12600, 0.75, 0.6, 1, 1, 1, 1, 1, 1, 1, 1, 1, 1, 0, 33545, 8880, NULL, 10481, 4153, 19775, 33545, 59045, 8880, 8455) ON CONFLICT (ship_id) DO NOTHING;
INSERT INTO ship_fuel (ship_id, hydrogen_capacity, fuel_intake_rate, fuel_usage_main, fuel_usage_retro, fuel_usage_maneuvering, maneuvering_time_till_empty, intake_to_main_ratio, quantum_capacity, quantum_range, quantum_speed, quantum_spool_time, quantum_travel_time_po, quantum_fuel_usage_po, thrust_main, thrust_retro, thrust_maneuvering, power_generation, power_used_shields, power_used_quantum, cooling_generation, cooling_used_shields, cooling_used_quantum, shield_hp_total, shield_regen_total) VALUES ((SELECT id FROM ships WHERE reference = 'ORIG_400i'), 60000, 50, 271.93, 133.4, 143.53, 174.57, 0.18, 3600, 303004797576, 201000000, 6, 209, 498, 24665060, 12100000, 45929600, 24, 30.8, 26.8, 82, 41.8, 39.8, 90000, 5643) ON CONFLICT (ship_id) DO NOTHING;
INSERT INTO ship_insurance (ship_id, expedited_cost, expedited_claim_time, standard_claim_time) VALUES ((SELECT id FROM ships WHERE reference = 'ORIG_400i'), 12027, 7.5, 22.5) ON CONFLICT (ship_id) DO NOTHING;
INSERT INTO ship_flight_stats (ship_id, scm_speed, max_speed, boost_speed_forward, boost_speed_backward, pitch, yaw, roll, pitch_boosted, yaw_boosted, roll_boosted, accel_forward, accel_backward, accel_up, accel_down, accel_strafe, accel_forward_g, accel_backward_g, accel_up_g, accel_down_g, accel_strafe_g, boost_mult_forward, boost_mult_backward, boost_mult_up, boost_mult_strafe, boost_capacitor_max, boost_regen_per_sec, boost_regen_time, zero_to_scm, zero_to_max, scm_to_zero, mass_empty, mass_loadout, mass_total) VALUES ((SELECT id FROM ships WHERE reference = 'ORIG_600i'), 165, 975, 325, 185, 19, 19, 30, 28.5, 28.5, 60, 42.86, 21.43, 0, 0, 0, 4.37, 2.19, 0, 0, 0, 1.5, 1.2, 1.3, 1.35, 20, 0.75, 27.8, 3.85, 22.75, 7.7, 1544667, 109292, 1653959) ON CONFLICT (ship_id) DO NOTHING;
INSERT INTO ship_resistances (ship_id, armor_hp, dmg_mult_physical, dmg_mult_energy, dmg_mult_distortion, dmg_mult_thermal, dmg_mult_biochemical, dmg_mult_stun, sig_mult_cross_section, sig_mult_infrared, sig_mult_electromagnetic, pen_resist_base, pen_resist_physical, pen_resist_energy, pen_resist_distortion, base_em_signature, base_ir_signature, base_cs_signature, cross_section_x, cross_section_y, cross_section_z, em_total_shields, em_total_quantum, ir_total_shields, ir_total_quantum) VALUES ((SELECT id FROM ships WHERE reference = 'ORIG_600i'), 19500, 0.7, 0.5, 1, 1, 1, 1, 1, 1, 1, 1, 1, 1, 0, 36419, 10267, NULL, 14099, 4576, 24735, 36419, 53959, 10267, 8089) ON CONFLICT (ship_id) DO NOTHING;
INSERT INTO ship_fuel (ship_id, hydrogen_capacity, fuel_intake_rate, fuel_usage_main, fuel_usage_retro, fuel_usage_maneuvering, maneuvering_time_till_empty, intake_to_main_ratio, quantum_capacity, quantum_range, quantum_speed, quantum_spool_time, quantum_travel_time_po, quantum_fuel_usage_po, thrust_main, thrust_retro, thrust_maneuvering, power_generation, power_used_shields, power_used_quantum, cooling_generation, cooling_used_shields, cooling_used_quantum, shield_hp_total, shield_regen_total) VALUES ((SELECT id FROM ships WHERE reference = 'ORIG_600i'), 180000, 150, 579.25, 289.63, 491.25, 218.21, 0.26, 5100, 467889908257, 201000000, 6, 209, 457, 66200000, 33100000, 157200000, 24, 45, 35, 90, 66, 52, 180000, 11286) ON CONFLICT (ship_id) DO NOTHING;
INSERT INTO ship_insurance (ship_id, expedited_cost, expedited_claim_time, standard_claim_time) VALUES ((SELECT id FROM ships WHERE reference = 'ORIG_600i'), 17550, 11.7, 35.1) ON CONFLICT (ship_id) DO NOTHING;
INSERT INTO ship_flight_stats (ship_id, scm_speed, max_speed, boost_speed_forward, boost_speed_backward, pitch, yaw, roll, pitch_boosted, yaw_boosted, roll_boosted, accel_forward, accel_backward, accel_up, accel_down, accel_strafe, accel_forward_g, accel_backward_g, accel_up_g, accel_down_g, accel_strafe_g, boost_mult_forward, boost_mult_backward, boost_mult_up, boost_mult_strafe, boost_capacitor_max, boost_regen_per_sec, boost_regen_time, zero_to_scm, zero_to_max, scm_to_zero, mass_empty, mass_loadout, mass_total) VALUES ((SELECT id FROM ships WHERE reference = 'ORIG_600i_BIS2951'), 165, 975, 325, 185, 19, 19, 30, 28.5, 28.5, 60, 42.86, 21.43, 0, 0, 0, 4.37, 2.19, 0, 0, 0, 1.5, 1.2, 1.3, 1.35, 20, 0.75, 27.8, 3.85, 22.75, 7.7, 1544667, 109292, 1653959) ON CONFLICT (ship_id) DO NOTHING;
INSERT INTO ship_resistances (ship_id, armor_hp, dmg_mult_physical, dmg_mult_energy, dmg_mult_distortion, dmg_mult_thermal, dmg_mult_biochemical, dmg_mult_stun, sig_mult_cross_section, sig_mult_infrared, sig_mult_electromagnetic, pen_resist_base, pen_resist_physical, pen_resist_energy, pen_resist_distortion, base_em_signature, base_ir_signature, base_cs_signature, cross_section_x, cross_section_y, cross_section_z, em_total_shields, em_total_quantum, ir_total_shields, ir_total_quantum) VALUES ((SELECT id FROM ships WHERE reference = 'ORIG_600i_BIS2951'), 19500, 0.7, 0.5, 1, 1, 1, 1, 1, 1, 1, 1, 1, 1, 0, 36419, 10267, NULL, 14099, 4576, 24735, 36419, 53959, 10267, 8089) ON CONFLICT (ship_id) DO NOTHING;
INSERT INTO ship_fuel (ship_id, hydrogen_capacity, fuel_intake_rate, fuel_usage_main, fuel_usage_retro, fuel_usage_maneuvering, maneuvering_time_till_empty, intake_to_main_ratio, quantum_capacity, quantum_range, quantum_speed, quantum_spool_time, quantum_travel_time_po, quantum_fuel_usage_po, thrust_main, thrust_retro, thrust_maneuvering, power_generation, power_used_shields, power_used_quantum, cooling_generation, cooling_used_shields, cooling_used_quantum, shield_hp_total, shield_regen_total) VALUES ((SELECT id FROM ships WHERE reference = 'ORIG_600i_BIS2951'), 180000, 150, 579.25, 289.63, 491.25, 218.21, 0.26, 5100, 467889908257, 201000000, 6, 209, 457, 66200000, 33100000, 157200000, 24, 45, 35, 90, 66, 52, 180000, 11286) ON CONFLICT (ship_id) DO NOTHING;
INSERT INTO ship_insurance (ship_id, expedited_cost, expedited_claim_time, standard_claim_time) VALUES ((SELECT id FROM ships WHERE reference = 'ORIG_600i_BIS2951'), 17550, 11.7, 35.1) ON CONFLICT (ship_id) DO NOTHING;
INSERT INTO ship_flight_stats (ship_id, scm_speed, max_speed, boost_speed_forward, boost_speed_backward, pitch, yaw, roll, pitch_boosted, yaw_boosted, roll_boosted, accel_forward, accel_backward, accel_up, accel_down, accel_strafe, accel_forward_g, accel_backward_g, accel_up_g, accel_down_g, accel_strafe_g, boost_mult_forward, boost_mult_backward, boost_mult_up, boost_mult_strafe, boost_capacitor_max, boost_regen_per_sec, boost_regen_time, zero_to_scm, zero_to_max, scm_to_zero, mass_empty, mass_loadout, mass_total) VALUES ((SELECT id FROM ships WHERE reference = 'ORIG_600i_Executive_Edition'), 165, 975, 325, 185, 19, 19, 30, 28.5, 28.5, 60, 42.86, 21.43, 0, 0, 0, 4.37, 2.19, 0, 0, 0, 1.5, 1.2, 1.3, 1.35, 20, 0.75, 27.8, 3.85, 22.75, 7.7, 1544667, 109292, 1653959) ON CONFLICT (ship_id) DO NOTHING;
INSERT INTO ship_resistances (ship_id, armor_hp, dmg_mult_physical, dmg_mult_energy, dmg_mult_distortion, dmg_mult_thermal, dmg_mult_biochemical, dmg_mult_stun, sig_mult_cross_section, sig_mult_infrared, sig_mult_electromagnetic, pen_resist_base, pen_resist_physical, pen_resist_energy, pen_resist_distortion, base_em_signature, base_ir_signature, base_cs_signature, cross_section_x, cross_section_y, cross_section_z, em_total_shields, em_total_quantum, ir_total_shields, ir_total_quantum) VALUES ((SELECT id FROM ships WHERE reference = 'ORIG_600i_Executive_Edition'), 19500, 0.7, 0.5, 1, 1, 1, 1, 1, 1, 1, 1, 1, 1, 0, 36419, 10267, NULL, 14099, 4576, 24735, 36419, 53959, 10267, 8089) ON CONFLICT (ship_id) DO NOTHING;
INSERT INTO ship_fuel (ship_id, hydrogen_capacity, fuel_intake_rate, fuel_usage_main, fuel_usage_retro, fuel_usage_maneuvering, maneuvering_time_till_empty, intake_to_main_ratio, quantum_capacity, quantum_range, quantum_speed, quantum_spool_time, quantum_travel_time_po, quantum_fuel_usage_po, thrust_main, thrust_retro, thrust_maneuvering, power_generation, power_used_shields, power_used_quantum, cooling_generation, cooling_used_shields, cooling_used_quantum, shield_hp_total, shield_regen_total) VALUES ((SELECT id FROM ships WHERE reference = 'ORIG_600i_Executive_Edition'), 180000, 150, 579.25, 289.63, 491.25, 218.21, 0.26, 5100, 467889908257, 201000000, 6, 209, 457, 66200000, 33100000, 157200000, 24, 45, 35, 90, 66, 52, 180000, 11286) ON CONFLICT (ship_id) DO NOTHING;
INSERT INTO ship_insurance (ship_id, expedited_cost, expedited_claim_time, standard_claim_time) VALUES ((SELECT id FROM ships WHERE reference = 'ORIG_600i_Executive_Edition'), 17550, 11.7, 35.1) ON CONFLICT (ship_id) DO NOTHING;
INSERT INTO ship_flight_stats (ship_id, scm_speed, max_speed, boost_speed_forward, boost_speed_backward, pitch, yaw, roll, pitch_boosted, yaw_boosted, roll_boosted, accel_forward, accel_backward, accel_up, accel_down, accel_strafe, accel_forward_g, accel_backward_g, accel_up_g, accel_down_g, accel_strafe_g, boost_mult_forward, boost_mult_backward, boost_mult_up, boost_mult_strafe, boost_capacitor_max, boost_regen_per_sec, boost_regen_time, zero_to_scm, zero_to_max, scm_to_zero, mass_empty, mass_loadout, mass_total) VALUES ((SELECT id FROM ships WHERE reference = 'ORIG_600i_Touring'), 165, 975, 325, 185, 19, 19, 30, 28.5, 28.5, 60, 42.86, 21.43, 0, 0, 0, 4.37, 2.19, 0, 0, 0, 1.5, 1.2, 1.3, 1.35, 20, 0.75, 27.8, 3.85, 22.75, 7.7, 1544667, 109262, 1653929) ON CONFLICT (ship_id) DO NOTHING;
INSERT INTO ship_resistances (ship_id, armor_hp, dmg_mult_physical, dmg_mult_energy, dmg_mult_distortion, dmg_mult_thermal, dmg_mult_biochemical, dmg_mult_stun, sig_mult_cross_section, sig_mult_infrared, sig_mult_electromagnetic, pen_resist_base, pen_resist_physical, pen_resist_energy, pen_resist_distortion, base_em_signature, base_ir_signature, base_cs_signature, cross_section_x, cross_section_y, cross_section_z, em_total_shields, em_total_quantum, ir_total_shields, ir_total_quantum) VALUES ((SELECT id FROM ships WHERE reference = 'ORIG_600i_Touring'), 19500, 0.7, 0.5, 1, 1, 1, 1, 1, 1, 1, 1, 1, 1, 0, 36419, 10267, NULL, 14099, 4576, 24735, 36419, 53959, 10267, 8089) ON CONFLICT (ship_id) DO NOTHING;
INSERT INTO ship_fuel (ship_id, hydrogen_capacity, fuel_intake_rate, fuel_usage_main, fuel_usage_retro, fuel_usage_maneuvering, maneuvering_time_till_empty, intake_to_main_ratio, quantum_capacity, quantum_range, quantum_speed, quantum_spool_time, quantum_travel_time_po, quantum_fuel_usage_po, thrust_main, thrust_retro, thrust_maneuvering, power_generation, power_used_shields, power_used_quantum, cooling_generation, cooling_used_shields, cooling_used_quantum, shield_hp_total, shield_regen_total) VALUES ((SELECT id FROM ships WHERE reference = 'ORIG_600i_Touring'), 180000, 150, 579.25, 289.63, 491.25, 218.21, 0.26, 5100, 467889908257, 201000000, 6, 209, 457, 66200000, 33100000, 157200000, 24, 45, 35, 90, 66, 52, 180000, 11286) ON CONFLICT (ship_id) DO NOTHING;
INSERT INTO ship_insurance (ship_id, expedited_cost, expedited_claim_time, standard_claim_time) VALUES ((SELECT id FROM ships WHERE reference = 'ORIG_600i_Touring'), 17550, 11.7, 35.1) ON CONFLICT (ship_id) DO NOTHING;
INSERT INTO ship_flight_stats (ship_id, scm_speed, max_speed, boost_speed_forward, boost_speed_backward, pitch, yaw, roll, pitch_boosted, yaw_boosted, roll_boosted, accel_forward, accel_backward, accel_up, accel_down, accel_strafe, accel_forward_g, accel_backward_g, accel_up_g, accel_down_g, accel_strafe_g, boost_mult_forward, boost_mult_backward, boost_mult_up, boost_mult_strafe, boost_capacitor_max, boost_regen_per_sec, boost_regen_time, zero_to_scm, zero_to_max, scm_to_zero, mass_empty, mass_loadout, mass_total) VALUES ((SELECT id FROM ships WHERE reference = 'ORIG_85X'), 235, 1250, 560, 270, 75, 60, 220, 90, 72, 264, 182.85, 55.55, 0, 0, 0, 18.65, 5.66, 0, 0, 0, 1.65, 1.3, 1.35, 1.35, 20, 0.75, 26.9, 1.29, 6.84, 4.23, 18994, 5594, 24588) ON CONFLICT (ship_id) DO NOTHING;
INSERT INTO ship_resistances (ship_id, armor_hp, dmg_mult_physical, dmg_mult_energy, dmg_mult_distortion, dmg_mult_thermal, dmg_mult_biochemical, dmg_mult_stun, sig_mult_cross_section, sig_mult_infrared, sig_mult_electromagnetic, pen_resist_base, pen_resist_physical, pen_resist_energy, pen_resist_distortion, base_em_signature, base_ir_signature, base_cs_signature, cross_section_x, cross_section_y, cross_section_z, em_total_shields, em_total_quantum, ir_total_shields, ir_total_quantum) VALUES ((SELECT id FROM ships WHERE reference = 'ORIG_85X'), 3000, 0.85, 0.7, 1, 1, 1, 1, 1.1, 1.1, 1.1, 1, 1, 1, 0, 12254, 3830, NULL, 7279, 1479, 9495, 12254, 32034, 3830, 4211) ON CONFLICT (ship_id) DO NOTHING;
INSERT INTO ship_fuel (ship_id, hydrogen_capacity, fuel_intake_rate, fuel_usage_main, fuel_usage_retro, fuel_usage_maneuvering, maneuvering_time_till_empty, intake_to_main_ratio, quantum_capacity, quantum_range, quantum_speed, quantum_spool_time, quantum_travel_time_po, quantum_fuel_usage_po, thrust_main, thrust_retro, thrust_maneuvering, power_generation, power_used_shields, power_used_quantum, cooling_generation, cooling_used_shields, cooling_used_quantum, shield_hp_total, shield_regen_total) VALUES ((SELECT id FROM ships WHERE reference = 'ORIG_85X'), 4500, 0, 30.39, 9.23, 27.06, 102.46, 0, 1000, 53705692803, 190000000, 4, 221, 781, 3473016, 1055093.2, 8658871.66, 14, 15.1, 13.1, 68, 20.1, 22.1, 2400, 150) ON CONFLICT (ship_id) DO NOTHING;
INSERT INTO ship_insurance (ship_id, expedited_cost, expedited_claim_time, standard_claim_time) VALUES ((SELECT id FROM ships WHERE reference = 'ORIG_85X'), 510, 0, 1.0125) ON CONFLICT (ship_id) DO NOTHING;
INSERT INTO ship_flight_stats (ship_id, scm_speed, max_speed, boost_speed_forward, boost_speed_backward, pitch, yaw, roll, pitch_boosted, yaw_boosted, roll_boosted, accel_forward, accel_backward, accel_up, accel_down, accel_strafe, accel_forward_g, accel_backward_g, accel_up_g, accel_down_g, accel_strafe_g, boost_mult_forward, boost_mult_backward, boost_mult_up, boost_mult_strafe, boost_capacitor_max, boost_regen_per_sec, boost_regen_time, zero_to_scm, zero_to_max, scm_to_zero, mass_empty, mass_loadout, mass_total) VALUES ((SELECT id FROM ships WHERE reference = 'ORIG_890Jump'), 110, 915, 280, 115, 10, 10, 15, 15, 15, 30, 24.88, 14.92, 8.54, 0, 0, 2.54, 1.52, 0.87, 0, 0, 1.5, 1.2, 1.3, 1.35, 20, 0.75, 30.7, 4.42, 36.78, 7.37, 43896159, 451183, 44347342) ON CONFLICT (ship_id) DO NOTHING;
INSERT INTO ship_resistances (ship_id, armor_hp, dmg_mult_physical, dmg_mult_energy, dmg_mult_distortion, dmg_mult_thermal, dmg_mult_biochemical, dmg_mult_stun, sig_mult_cross_section, sig_mult_infrared, sig_mult_electromagnetic, pen_resist_base, pen_resist_physical, pen_resist_energy, pen_resist_distortion, base_em_signature, base_ir_signature, base_cs_signature, cross_section_x, cross_section_y, cross_section_z, em_total_shields, em_total_quantum, ir_total_shields, ir_total_quantum) VALUES ((SELECT id FROM ships WHERE reference = 'ORIG_890Jump'), 40800, 0.75, 0.6, 1, 1, 1, 1, 1, 1, 1, 1, 1, 1, 0, 40701, 13440, NULL, 13506, 7746, 39724, 40701, 76561, 13440, 11028) ON CONFLICT (ship_id) DO NOTHING;
INSERT INTO ship_fuel (ship_id, hydrogen_capacity, fuel_intake_rate, fuel_usage_main, fuel_usage_retro, fuel_usage_maneuvering, maneuvering_time_till_empty, intake_to_main_ratio, quantum_capacity, quantum_range, quantum_speed, quantum_spool_time, quantum_travel_time_po, quantum_fuel_usage_po, thrust_main, thrust_retro, thrust_maneuvering, power_generation, power_used_shields, power_used_quantum, cooling_generation, cooling_used_shields, cooling_used_quantum, shield_hp_total, shield_regen_total) VALUES ((SELECT id FROM ships WHERE reference = 'ORIG_890Jump'), 1200000, 600, 546, 327.5, 6346.88, 322.63, 1.1, 14600, 238172920065, 512000000, 9, 82, 2570, 1092000000, 655000000, 2031000000, 27, 54, 42, 130, 78, 64, 900000, 39204) ON CONFLICT (ship_id) DO NOTHING;
INSERT INTO ship_insurance (ship_id, expedited_cost, expedited_claim_time, standard_claim_time) VALUES ((SELECT id FROM ships WHERE reference = 'ORIG_890Jump'), 33750, 22.5, 67.5) ON CONFLICT (ship_id) DO NOTHING;
INSERT INTO ship_flight_stats (ship_id, scm_speed, max_speed, boost_speed_forward, boost_speed_backward, pitch, yaw, roll, pitch_boosted, yaw_boosted, roll_boosted, accel_forward, accel_backward, accel_up, accel_down, accel_strafe, accel_forward_g, accel_backward_g, accel_up_g, accel_down_g, accel_strafe_g, boost_mult_forward, boost_mult_backward, boost_mult_up, boost_mult_strafe, boost_capacitor_max, boost_regen_per_sec, boost_regen_time, zero_to_scm, zero_to_max, scm_to_zero, mass_empty, mass_loadout, mass_total) VALUES ((SELECT id FROM ships WHERE reference = 'ORIG_m50'), 280, 1575, 490, 290, 55, 55, 200, 66, 66, 240, 198.85, 43.98, 0, 0, 0, 20.28, 4.48, 0, 0, 0, 1.65, 1.3, 1.35, 1.35, 25, 0.75, 33.5, 1.41, 7.92, 6.37, 9772, 2138, 11910) ON CONFLICT (ship_id) DO NOTHING;
INSERT INTO ship_resistances (ship_id, armor_hp, dmg_mult_physical, dmg_mult_energy, dmg_mult_distortion, dmg_mult_thermal, dmg_mult_biochemical, dmg_mult_stun, sig_mult_cross_section, sig_mult_infrared, sig_mult_electromagnetic, pen_resist_base, pen_resist_physical, pen_resist_energy, pen_resist_distortion, base_em_signature, base_ir_signature, base_cs_signature, cross_section_x, cross_section_y, cross_section_z, em_total_shields, em_total_quantum, ir_total_shields, ir_total_quantum) VALUES ((SELECT id FROM ships WHERE reference = 'ORIG_m50'), 1200, 0.85, 0.7, 1, 1, 1, 1, 1.1, 1.1, 1.1, 1, 1, 1, 0, 12085, 3659, NULL, 5365, 1609, 5365, 12085, 34945, 3659, 3659) ON CONFLICT (ship_id) DO NOTHING;
INSERT INTO ship_fuel (ship_id, hydrogen_capacity, fuel_intake_rate, fuel_usage_main, fuel_usage_retro, fuel_usage_maneuvering, maneuvering_time_till_empty, intake_to_main_ratio, quantum_capacity, quantum_range, quantum_speed, quantum_spool_time, quantum_travel_time_po, quantum_fuel_usage_po, thrust_main, thrust_retro, thrust_maneuvering, power_generation, power_used_shields, power_used_quantum, cooling_generation, cooling_used_shields, cooling_used_quantum, shield_hp_total, shield_regen_total) VALUES ((SELECT id FROM ships WHERE reference = 'ORIG_m50'), 3000, 0, 19.21, 4.25, 4.83, 138.73, 0, 1000, 204081632653, 140000000, 4, 299, 205, 1943165.2, 429815.4, 1544975.3, 16, 14.2, 12.2, 68, 19.2, 19.2, 2400, 150) ON CONFLICT (ship_id) DO NOTHING;
INSERT INTO ship_insurance (ship_id, expedited_cost, expedited_claim_time, standard_claim_time) VALUES ((SELECT id FROM ships WHERE reference = 'ORIG_m50'), 3040, 2.025, 6.075) ON CONFLICT (ship_id) DO NOTHING;
INSERT INTO ship_flight_stats (ship_id, scm_speed, max_speed, boost_speed_forward, boost_speed_backward, pitch, yaw, roll, pitch_boosted, yaw_boosted, roll_boosted, accel_forward, accel_backward, accel_up, accel_down, accel_strafe, accel_forward_g, accel_backward_g, accel_up_g, accel_down_g, accel_strafe_g, boost_mult_forward, boost_mult_backward, boost_mult_up, boost_mult_strafe, boost_capacitor_max, boost_regen_per_sec, boost_regen_time, zero_to_scm, zero_to_max, scm_to_zero, mass_empty, mass_loadout, mass_total) VALUES ((SELECT id FROM ships WHERE reference = 'ORIG_X1'), 207, 569, 287, 127, 80, 80, 135, 96, 96, 162, 25.69, 28.54, 0, 0, 0, 2.62, 2.91, 0, 0, 0, 1.35, 1.35, 1.2, 1.35, 15, 2, 9.5, 8.06, 22.15, 7.25, 4730, 735, 5465) ON CONFLICT (ship_id) DO NOTHING;
INSERT INTO ship_resistances (ship_id, armor_hp, dmg_mult_physical, dmg_mult_energy, dmg_mult_distortion, dmg_mult_thermal, dmg_mult_biochemical, dmg_mult_stun, sig_mult_cross_section, sig_mult_infrared, sig_mult_electromagnetic, pen_resist_base, pen_resist_physical, pen_resist_energy, pen_resist_distortion, base_em_signature, base_ir_signature, base_cs_signature, cross_section_x, cross_section_y, cross_section_z, em_total_shields, em_total_quantum, ir_total_shields, ir_total_quantum) VALUES ((SELECT id FROM ships WHERE reference = 'ORIG_X1'), 1950, 0.75, 0.6, 1, 1, 1, 1, 1, 0.3, 3, 1, 1, 1, 0, 10986, 361, NULL, 457, 333, 560, 10986, 10986, 361, 361) ON CONFLICT (ship_id) DO NOTHING;
INSERT INTO ship_fuel (ship_id, hydrogen_capacity, fuel_intake_rate, fuel_usage_main, fuel_usage_retro, fuel_usage_maneuvering, maneuvering_time_till_empty, intake_to_main_ratio, quantum_capacity, quantum_range, quantum_speed, quantum_spool_time, quantum_travel_time_po, quantum_fuel_usage_po, thrust_main, thrust_retro, thrust_maneuvering, power_generation, power_used_shields, power_used_quantum, cooling_generation, cooling_used_shields, cooling_used_quantum, shield_hp_total, shield_regen_total) VALUES ((SELECT id FROM ships WHERE reference = 'ORIG_X1'), 900, 0, 1.52, 1.69, 1.15, 429.59, 0, NULL, NULL, NULL, NULL, NULL, NULL, 121500, 135000, 305800, 10, 5.7, 5.7, 16, 7.704, 7.704, NULL, NULL) ON CONFLICT (ship_id) DO NOTHING;
INSERT INTO ship_insurance (ship_id, expedited_cost, expedited_claim_time, standard_claim_time) VALUES ((SELECT id FROM ships WHERE reference = 'ORIG_X1'), 75, 0.05, 0.15) ON CONFLICT (ship_id) DO NOTHING;
INSERT INTO ship_flight_stats (ship_id, scm_speed, max_speed, boost_speed_forward, boost_speed_backward, pitch, yaw, roll, pitch_boosted, yaw_boosted, roll_boosted, accel_forward, accel_backward, accel_up, accel_down, accel_strafe, accel_forward_g, accel_backward_g, accel_up_g, accel_down_g, accel_strafe_g, boost_mult_forward, boost_mult_backward, boost_mult_up, boost_mult_strafe, boost_capacitor_max, boost_regen_per_sec, boost_regen_time, zero_to_scm, zero_to_max, scm_to_zero, mass_empty, mass_loadout, mass_total) VALUES ((SELECT id FROM ships WHERE reference = 'ORIG_X1_Force'), 207, 569, 287, 127, 80, 80, 135, 96, 96, 162, 25.69, 28.54, 0, 0, 0, 2.62, 2.91, 0, 0, 0, 1.35, 1.35, 1.2, 1.35, 15, 2, 9.5, 8.06, 22.15, 7.25, 4730, 649, 5379) ON CONFLICT (ship_id) DO NOTHING;
INSERT INTO ship_resistances (ship_id, armor_hp, dmg_mult_physical, dmg_mult_energy, dmg_mult_distortion, dmg_mult_thermal, dmg_mult_biochemical, dmg_mult_stun, sig_mult_cross_section, sig_mult_infrared, sig_mult_electromagnetic, pen_resist_base, pen_resist_physical, pen_resist_energy, pen_resist_distortion, base_em_signature, base_ir_signature, base_cs_signature, cross_section_x, cross_section_y, cross_section_z, em_total_shields, em_total_quantum, ir_total_shields, ir_total_quantum) VALUES ((SELECT id FROM ships WHERE reference = 'ORIG_X1_Force'), 1950, 0.75, 0.6, 1, 1, 1, 1, 1, 0.3, 3, 1, 1, 1, 0, 12362, 443, NULL, 457, 333, 560, 12362, 11237, 443, 349) ON CONFLICT (ship_id) DO NOTHING;
INSERT INTO ship_fuel (ship_id, hydrogen_capacity, fuel_intake_rate, fuel_usage_main, fuel_usage_retro, fuel_usage_maneuvering, maneuvering_time_till_empty, intake_to_main_ratio, quantum_capacity, quantum_range, quantum_speed, quantum_spool_time, quantum_travel_time_po, quantum_fuel_usage_po, thrust_main, thrust_retro, thrust_maneuvering, power_generation, power_used_shields, power_used_quantum, cooling_generation, cooling_used_shields, cooling_used_quantum, shield_hp_total, shield_regen_total) VALUES ((SELECT id FROM ships WHERE reference = 'ORIG_X1_Force'), 900, 0, 1.52, 1.69, 1.15, 429.59, 0, NULL, NULL, NULL, NULL, NULL, NULL, 121500, 135000, 305800, 10, 6.45, 5.45, 16, 9.45, 7.45, 900, 34) ON CONFLICT (ship_id) DO NOTHING;
INSERT INTO ship_insurance (ship_id, expedited_cost, expedited_claim_time, standard_claim_time) VALUES ((SELECT id FROM ships WHERE reference = 'ORIG_X1_Force'), 75, 0.05, 0.15) ON CONFLICT (ship_id) DO NOTHING;
INSERT INTO ship_flight_stats (ship_id, scm_speed, max_speed, boost_speed_forward, boost_speed_backward, pitch, yaw, roll, pitch_boosted, yaw_boosted, roll_boosted, accel_forward, accel_backward, accel_up, accel_down, accel_strafe, accel_forward_g, accel_backward_g, accel_up_g, accel_down_g, accel_strafe_g, boost_mult_forward, boost_mult_backward, boost_mult_up, boost_mult_strafe, boost_capacitor_max, boost_regen_per_sec, boost_regen_time, zero_to_scm, zero_to_max, scm_to_zero, mass_empty, mass_loadout, mass_total) VALUES ((SELECT id FROM ships WHERE reference = 'ORIG_X1_Velocity'), 222, 611, 302, 142, 93, 93, 140, 111.6, 111.6, 168, 28.22, 31.08, 0, 0, 0, 2.88, 3.17, 0, 0, 0, 2.3, 1.2, 1.2, 2, 11, 4, 4.8, 7.87, 21.65, 7.14, 4730, 589, 5319) ON CONFLICT (ship_id) DO NOTHING;
INSERT INTO ship_resistances (ship_id, armor_hp, dmg_mult_physical, dmg_mult_energy, dmg_mult_distortion, dmg_mult_thermal, dmg_mult_biochemical, dmg_mult_stun, sig_mult_cross_section, sig_mult_infrared, sig_mult_electromagnetic, pen_resist_base, pen_resist_physical, pen_resist_energy, pen_resist_distortion, base_em_signature, base_ir_signature, base_cs_signature, cross_section_x, cross_section_y, cross_section_z, em_total_shields, em_total_quantum, ir_total_shields, ir_total_quantum) VALUES ((SELECT id FROM ships WHERE reference = 'ORIG_X1_Velocity'), 1950, 0.75, 0.6, 1, 1, 1, 1, 1, 0.3, 3, 1, 1, 1, 0, 9150, 328, NULL, 457, 333, 560, 9150, 9150, 328, 328) ON CONFLICT (ship_id) DO NOTHING;
INSERT INTO ship_fuel (ship_id, hydrogen_capacity, fuel_intake_rate, fuel_usage_main, fuel_usage_retro, fuel_usage_maneuvering, maneuvering_time_till_empty, intake_to_main_ratio, quantum_capacity, quantum_range, quantum_speed, quantum_spool_time, quantum_travel_time_po, quantum_fuel_usage_po, thrust_main, thrust_retro, thrust_maneuvering, power_generation, power_used_shields, power_used_quantum, cooling_generation, cooling_used_shields, cooling_used_quantum, shield_hp_total, shield_regen_total) VALUES ((SELECT id FROM ships WHERE reference = 'ORIG_X1_Velocity'), 900, 0, 1.67, 1.84, 1.23, 393.87, 0, NULL, NULL, NULL, NULL, NULL, NULL, 133500, 147000, 329800, 10, 5, 5, 16, 7, 7, NULL, NULL) ON CONFLICT (ship_id) DO NOTHING;
INSERT INTO ship_insurance (ship_id, expedited_cost, expedited_claim_time, standard_claim_time) VALUES ((SELECT id FROM ships WHERE reference = 'ORIG_X1_Velocity'), 75, 0.05, 0.15) ON CONFLICT (ship_id) DO NOTHING;
INSERT INTO ship_flight_stats (ship_id, scm_speed, max_speed, boost_speed_forward, boost_speed_backward, pitch, yaw, roll, pitch_boosted, yaw_boosted, roll_boosted, accel_forward, accel_backward, accel_up, accel_down, accel_strafe, accel_forward_g, accel_backward_g, accel_up_g, accel_down_g, accel_strafe_g, boost_mult_forward, boost_mult_backward, boost_mult_up, boost_mult_strafe, boost_capacitor_max, boost_regen_per_sec, boost_regen_time, zero_to_scm, zero_to_max, scm_to_zero, mass_empty, mass_loadout, mass_total) VALUES ((SELECT id FROM ships WHERE reference = 'PowerSuit'), NULL, NULL, NULL, NULL, NULL, NULL, NULL, NULL, NULL, NULL, NULL, NULL, NULL, NULL, NULL, NULL, NULL, NULL, NULL, NULL, NULL, NULL, NULL, NULL, NULL, NULL, NULL, NULL, NULL, NULL, 500, 10, 510) ON CONFLICT (ship_id) DO NOTHING;
INSERT INTO ship_resistances (ship_id, armor_hp, dmg_mult_physical, dmg_mult_energy, dmg_mult_distortion, dmg_mult_thermal, dmg_mult_biochemical, dmg_mult_stun, sig_mult_cross_section, sig_mult_infrared, sig_mult_electromagnetic, pen_resist_base, pen_resist_physical, pen_resist_energy, pen_resist_distortion, base_em_signature, base_ir_signature, base_cs_signature, cross_section_x, cross_section_y, cross_section_z, em_total_shields, em_total_quantum, ir_total_shields, ir_total_quantum) VALUES ((SELECT id FROM ships WHERE reference = 'PowerSuit'), NULL, NULL, NULL, NULL, NULL, NULL, NULL, NULL, NULL, NULL, NULL, NULL, NULL, NULL, NULL, NULL, NULL, NULL, NULL, NULL, 0, 0, NULL, NULL) ON CONFLICT (ship_id) DO NOTHING;
INSERT INTO ship_fuel (ship_id, hydrogen_capacity, fuel_intake_rate, fuel_usage_main, fuel_usage_retro, fuel_usage_maneuvering, maneuvering_time_till_empty, intake_to_main_ratio, quantum_capacity, quantum_range, quantum_speed, quantum_spool_time, quantum_travel_time_po, quantum_fuel_usage_po, thrust_main, thrust_retro, thrust_maneuvering, power_generation, power_used_shields, power_used_quantum, cooling_generation, cooling_used_shields, cooling_used_quantum, shield_hp_total, shield_regen_total) VALUES ((SELECT id FROM ships WHERE reference = 'PowerSuit'), 0, 0, 0, 0, 0, NULL, NULL, NULL, NULL, NULL, NULL, NULL, NULL, 0, 0, 0, NULL, 0, 0, 0, 0, 0, NULL, NULL) ON CONFLICT (ship_id) DO NOTHING;
INSERT INTO ship_insurance (ship_id, expedited_cost, expedited_claim_time, standard_claim_time) VALUES ((SELECT id FROM ships WHERE reference = 'PowerSuit'), 0, 0, 0) ON CONFLICT (ship_id) DO NOTHING;
INSERT INTO ship_flight_stats (ship_id, scm_speed, max_speed, boost_speed_forward, boost_speed_backward, pitch, yaw, roll, pitch_boosted, yaw_boosted, roll_boosted, accel_forward, accel_backward, accel_up, accel_down, accel_strafe, accel_forward_g, accel_backward_g, accel_up_g, accel_down_g, accel_strafe_g, boost_mult_forward, boost_mult_backward, boost_mult_up, boost_mult_strafe, boost_capacitor_max, boost_regen_per_sec, boost_regen_time, zero_to_scm, zero_to_max, scm_to_zero, mass_empty, mass_loadout, mass_total) VALUES ((SELECT id FROM ships WHERE reference = 'RSI_Apollo_Medivac'), 175, 1000, 340, 180, 27, 20, 65, 32.4, 24, 78, 43.73, 25.71, 10.21, 0, 0, 4.46, 2.62, 1.04, 0, 0, 1.4, 1.4, 1.4, 1.3, 20, 0.75, 27.6, 4, 22.87, 6.81, 630456, 32052, 662508) ON CONFLICT (ship_id) DO NOTHING;
INSERT INTO ship_resistances (ship_id, armor_hp, dmg_mult_physical, dmg_mult_energy, dmg_mult_distortion, dmg_mult_thermal, dmg_mult_biochemical, dmg_mult_stun, sig_mult_cross_section, sig_mult_infrared, sig_mult_electromagnetic, pen_resist_base, pen_resist_physical, pen_resist_energy, pen_resist_distortion, base_em_signature, base_ir_signature, base_cs_signature, cross_section_x, cross_section_y, cross_section_z, em_total_shields, em_total_quantum, ir_total_shields, ir_total_quantum) VALUES ((SELECT id FROM ships WHERE reference = 'RSI_Apollo_Medivac'), 16335, 0.7, 0.5, 1, 1, 1, 1, 1, 1, 1, 1, 1, 1, 0, 24180, 6471, NULL, 11328, 4032, 25730, 24180, 44420, 6471, 5500) ON CONFLICT (ship_id) DO NOTHING;
INSERT INTO ship_fuel (ship_id, hydrogen_capacity, fuel_intake_rate, fuel_usage_main, fuel_usage_retro, fuel_usage_maneuvering, maneuvering_time_till_empty, intake_to_main_ratio, quantum_capacity, quantum_range, quantum_speed, quantum_spool_time, quantum_travel_time_po, quantum_fuel_usage_po, thrust_main, thrust_retro, thrust_maneuvering, power_generation, power_used_shields, power_used_quantum, cooling_generation, cooling_used_shields, cooling_used_quantum, shield_hp_total, shield_regen_total) VALUES ((SELECT id FROM ships WHERE reference = 'RSI_Apollo_Medivac'), 63000, 18, 344.64, 202.62, 830.48, 82.91, 0.05, 4500, 412844036697, 201000000, 6, 209, 457, 27571402, 16209220, 66438416, 22, 26, 20, 68, 40, 34, 36000, 2257) ON CONFLICT (ship_id) DO NOTHING;
INSERT INTO ship_insurance (ship_id, expedited_cost, expedited_claim_time, standard_claim_time) VALUES ((SELECT id FROM ships WHERE reference = 'RSI_Apollo_Medivac'), 9370, 4.55, 18.17) ON CONFLICT (ship_id) DO NOTHING;
INSERT INTO ship_flight_stats (ship_id, scm_speed, max_speed, boost_speed_forward, boost_speed_backward, pitch, yaw, roll, pitch_boosted, yaw_boosted, roll_boosted, accel_forward, accel_backward, accel_up, accel_down, accel_strafe, accel_forward_g, accel_backward_g, accel_up_g, accel_down_g, accel_strafe_g, boost_mult_forward, boost_mult_backward, boost_mult_up, boost_mult_strafe, boost_capacitor_max, boost_regen_per_sec, boost_regen_time, zero_to_scm, zero_to_max, scm_to_zero, mass_empty, mass_loadout, mass_total) VALUES ((SELECT id FROM ships WHERE reference = 'RSI_Apollo_Medivac_Tier_1'), NULL, NULL, NULL, NULL, NULL, NULL, NULL, NULL, NULL, NULL, NULL, NULL, NULL, NULL, NULL, NULL, NULL, NULL, NULL, NULL, NULL, NULL, NULL, NULL, NULL, NULL, NULL, NULL, NULL, NULL, 630456, 32051, 662507) ON CONFLICT (ship_id) DO NOTHING;
INSERT INTO ship_resistances (ship_id, armor_hp, dmg_mult_physical, dmg_mult_energy, dmg_mult_distortion, dmg_mult_thermal, dmg_mult_biochemical, dmg_mult_stun, sig_mult_cross_section, sig_mult_infrared, sig_mult_electromagnetic, pen_resist_base, pen_resist_physical, pen_resist_energy, pen_resist_distortion, base_em_signature, base_ir_signature, base_cs_signature, cross_section_x, cross_section_y, cross_section_z, em_total_shields, em_total_quantum, ir_total_shields, ir_total_quantum) VALUES ((SELECT id FROM ships WHERE reference = 'RSI_Apollo_Medivac_Tier_1'), 16335, 0.7, 0.5, 1, 1, 1, 1, 1, 1, 1, 1, 1, 1, 0, 21725, 5824, NULL, 11328, 4032, 25730, 21725, 41965, 5824, 4853) ON CONFLICT (ship_id) DO NOTHING;
INSERT INTO ship_fuel (ship_id, hydrogen_capacity, fuel_intake_rate, fuel_usage_main, fuel_usage_retro, fuel_usage_maneuvering, maneuvering_time_till_empty, intake_to_main_ratio, quantum_capacity, quantum_range, quantum_speed, quantum_spool_time, quantum_travel_time_po, quantum_fuel_usage_po, thrust_main, thrust_retro, thrust_maneuvering, power_generation, power_used_shields, power_used_quantum, cooling_generation, cooling_used_shields, cooling_used_quantum, shield_hp_total, shield_regen_total) VALUES ((SELECT id FROM ships WHERE reference = 'RSI_Apollo_Medivac_Tier_1'), 63000, 18, 344.64, 202.62, 830.48, 82.91, 0.05, 4500, 412844036697, 201000000, 6, 209, 457, 27571402, 16209220, 66438416, 22, 22, 16, 68, 36, 30, 36000, 2257) ON CONFLICT (ship_id) DO NOTHING;
INSERT INTO ship_insurance (ship_id, expedited_cost, expedited_claim_time, standard_claim_time) VALUES ((SELECT id FROM ships WHERE reference = 'RSI_Apollo_Medivac_Tier_1'), 9370, 4.55, 18.17) ON CONFLICT (ship_id) DO NOTHING;
INSERT INTO ship_flight_stats (ship_id, scm_speed, max_speed, boost_speed_forward, boost_speed_backward, pitch, yaw, roll, pitch_boosted, yaw_boosted, roll_boosted, accel_forward, accel_backward, accel_up, accel_down, accel_strafe, accel_forward_g, accel_backward_g, accel_up_g, accel_down_g, accel_strafe_g, boost_mult_forward, boost_mult_backward, boost_mult_up, boost_mult_strafe, boost_capacitor_max, boost_regen_per_sec, boost_regen_time, zero_to_scm, zero_to_max, scm_to_zero, mass_empty, mass_loadout, mass_total) VALUES ((SELECT id FROM ships WHERE reference = 'RSI_Apollo_Medivac_Tier_2'), NULL, NULL, NULL, NULL, NULL, NULL, NULL, NULL, NULL, NULL, NULL, NULL, NULL, NULL, NULL, NULL, NULL, NULL, NULL, NULL, NULL, NULL, NULL, NULL, NULL, NULL, NULL, NULL, NULL, NULL, 630456, 32051, 662507) ON CONFLICT (ship_id) DO NOTHING;
INSERT INTO ship_resistances (ship_id, armor_hp, dmg_mult_physical, dmg_mult_energy, dmg_mult_distortion, dmg_mult_thermal, dmg_mult_biochemical, dmg_mult_stun, sig_mult_cross_section, sig_mult_infrared, sig_mult_electromagnetic, pen_resist_base, pen_resist_physical, pen_resist_energy, pen_resist_distortion, base_em_signature, base_ir_signature, base_cs_signature, cross_section_x, cross_section_y, cross_section_z, em_total_shields, em_total_quantum, ir_total_shields, ir_total_quantum) VALUES ((SELECT id FROM ships WHERE reference = 'RSI_Apollo_Medivac_Tier_2'), 16335, 0.7, 0.5, 1, 1, 1, 1, 1, 1, 1, 1, 1, 1, 0, 21725, 5824, NULL, 11328, 4032, 25730, 21725, 41965, 5824, 4853) ON CONFLICT (ship_id) DO NOTHING;
INSERT INTO ship_fuel (ship_id, hydrogen_capacity, fuel_intake_rate, fuel_usage_main, fuel_usage_retro, fuel_usage_maneuvering, maneuvering_time_till_empty, intake_to_main_ratio, quantum_capacity, quantum_range, quantum_speed, quantum_spool_time, quantum_travel_time_po, quantum_fuel_usage_po, thrust_main, thrust_retro, thrust_maneuvering, power_generation, power_used_shields, power_used_quantum, cooling_generation, cooling_used_shields, cooling_used_quantum, shield_hp_total, shield_regen_total) VALUES ((SELECT id FROM ships WHERE reference = 'RSI_Apollo_Medivac_Tier_2'), 63000, 18, 344.64, 202.62, 830.48, 82.91, 0.05, 4500, 412844036697, 201000000, 6, 209, 457, 27571402, 16209220, 66438416, 22, 22, 16, 68, 36, 30, 36000, 2257) ON CONFLICT (ship_id) DO NOTHING;
INSERT INTO ship_insurance (ship_id, expedited_cost, expedited_claim_time, standard_claim_time) VALUES ((SELECT id FROM ships WHERE reference = 'RSI_Apollo_Medivac_Tier_2'), 9370, 4.55, 18.17) ON CONFLICT (ship_id) DO NOTHING;
INSERT INTO ship_flight_stats (ship_id, scm_speed, max_speed, boost_speed_forward, boost_speed_backward, pitch, yaw, roll, pitch_boosted, yaw_boosted, roll_boosted, accel_forward, accel_backward, accel_up, accel_down, accel_strafe, accel_forward_g, accel_backward_g, accel_up_g, accel_down_g, accel_strafe_g, boost_mult_forward, boost_mult_backward, boost_mult_up, boost_mult_strafe, boost_capacitor_max, boost_regen_per_sec, boost_regen_time, zero_to_scm, zero_to_max, scm_to_zero, mass_empty, mass_loadout, mass_total) VALUES ((SELECT id FROM ships WHERE reference = 'RSI_Apollo_Medivac_Tier_3'), NULL, NULL, NULL, NULL, NULL, NULL, NULL, NULL, NULL, NULL, NULL, NULL, NULL, NULL, NULL, NULL, NULL, NULL, NULL, NULL, NULL, NULL, NULL, NULL, NULL, NULL, NULL, NULL, NULL, NULL, 630456, 32052, 662508) ON CONFLICT (ship_id) DO NOTHING;
INSERT INTO ship_resistances (ship_id, armor_hp, dmg_mult_physical, dmg_mult_energy, dmg_mult_distortion, dmg_mult_thermal, dmg_mult_biochemical, dmg_mult_stun, sig_mult_cross_section, sig_mult_infrared, sig_mult_electromagnetic, pen_resist_base, pen_resist_physical, pen_resist_energy, pen_resist_distortion, base_em_signature, base_ir_signature, base_cs_signature, cross_section_x, cross_section_y, cross_section_z, em_total_shields, em_total_quantum, ir_total_shields, ir_total_quantum) VALUES ((SELECT id FROM ships WHERE reference = 'RSI_Apollo_Medivac_Tier_3'), 16335, 0.7, 0.5, 1, 1, 1, 1, 1, 1, 1, 1, 1, 1, 0, 21725, 5824, NULL, 11328, 4032, 25730, 21725, 41965, 5824, 4853) ON CONFLICT (ship_id) DO NOTHING;
INSERT INTO ship_fuel (ship_id, hydrogen_capacity, fuel_intake_rate, fuel_usage_main, fuel_usage_retro, fuel_usage_maneuvering, maneuvering_time_till_empty, intake_to_main_ratio, quantum_capacity, quantum_range, quantum_speed, quantum_spool_time, quantum_travel_time_po, quantum_fuel_usage_po, thrust_main, thrust_retro, thrust_maneuvering, power_generation, power_used_shields, power_used_quantum, cooling_generation, cooling_used_shields, cooling_used_quantum, shield_hp_total, shield_regen_total) VALUES ((SELECT id FROM ships WHERE reference = 'RSI_Apollo_Medivac_Tier_3'), 63000, 18, 344.64, 202.62, 830.48, 82.91, 0.05, 4500, 412844036697, 201000000, 6, 209, 457, 27571402, 16209220, 66438416, 22, 22, 16, 68, 36, 30, 36000, 2257) ON CONFLICT (ship_id) DO NOTHING;
INSERT INTO ship_insurance (ship_id, expedited_cost, expedited_claim_time, standard_claim_time) VALUES ((SELECT id FROM ships WHERE reference = 'RSI_Apollo_Medivac_Tier_3'), 9370, 4.55, 18.17) ON CONFLICT (ship_id) DO NOTHING;
INSERT INTO ship_flight_stats (ship_id, scm_speed, max_speed, boost_speed_forward, boost_speed_backward, pitch, yaw, roll, pitch_boosted, yaw_boosted, roll_boosted, accel_forward, accel_backward, accel_up, accel_down, accel_strafe, accel_forward_g, accel_backward_g, accel_up_g, accel_down_g, accel_strafe_g, boost_mult_forward, boost_mult_backward, boost_mult_up, boost_mult_strafe, boost_capacitor_max, boost_regen_per_sec, boost_regen_time, zero_to_scm, zero_to_max, scm_to_zero, mass_empty, mass_loadout, mass_total) VALUES ((SELECT id FROM ships WHERE reference = 'RSI_Apollo_Triage'), 170, 1025, 345, 180, 24, 24, 65, 28.8, 28.8, 78, 41.07, 25.68, 9.39, 0, 0, 4.19, 2.62, 0.96, 0, 0, 1.4, 1.4, 1.4, 1.3, 20, 0.75, 27.6, 4.14, 24.96, 6.62, 630456, 32648, 663104) ON CONFLICT (ship_id) DO NOTHING;
INSERT INTO ship_resistances (ship_id, armor_hp, dmg_mult_physical, dmg_mult_energy, dmg_mult_distortion, dmg_mult_thermal, dmg_mult_biochemical, dmg_mult_stun, sig_mult_cross_section, sig_mult_infrared, sig_mult_electromagnetic, pen_resist_base, pen_resist_physical, pen_resist_energy, pen_resist_distortion, base_em_signature, base_ir_signature, base_cs_signature, cross_section_x, cross_section_y, cross_section_z, em_total_shields, em_total_quantum, ir_total_shields, ir_total_quantum) VALUES ((SELECT id FROM ships WHERE reference = 'RSI_Apollo_Triage'), 14850, 0.7, 0.5, 1, 1, 1, 1, 1, 1, 1, 1, 1, 1, 0, 26451, 6794, NULL, 11328, 4032, 25730, 26451, 46691, 6794, 5824) ON CONFLICT (ship_id) DO NOTHING;
INSERT INTO ship_fuel (ship_id, hydrogen_capacity, fuel_intake_rate, fuel_usage_main, fuel_usage_retro, fuel_usage_maneuvering, maneuvering_time_till_empty, intake_to_main_ratio, quantum_capacity, quantum_range, quantum_speed, quantum_spool_time, quantum_travel_time_po, quantum_fuel_usage_po, thrust_main, thrust_retro, thrust_maneuvering, power_generation, power_used_shields, power_used_quantum, cooling_generation, cooling_used_shields, cooling_used_quantum, shield_hp_total, shield_regen_total) VALUES ((SELECT id FROM ships WHERE reference = 'RSI_Apollo_Triage'), 63000, 18, 323.65, 202.34, 745.48, 90.47, 0.06, 4350, 399082568807, 201000000, 6, 209, 457, 25891752, 16187068, 59638220, 22, 28, 22, 68, 42, 36, 36000, 2257) ON CONFLICT (ship_id) DO NOTHING;
INSERT INTO ship_insurance (ship_id, expedited_cost, expedited_claim_time, standard_claim_time) VALUES ((SELECT id FROM ships WHERE reference = 'RSI_Apollo_Triage'), 8970, 4.38, 17.5) ON CONFLICT (ship_id) DO NOTHING;
INSERT INTO ship_flight_stats (ship_id, scm_speed, max_speed, boost_speed_forward, boost_speed_backward, pitch, yaw, roll, pitch_boosted, yaw_boosted, roll_boosted, accel_forward, accel_backward, accel_up, accel_down, accel_strafe, accel_forward_g, accel_backward_g, accel_up_g, accel_down_g, accel_strafe_g, boost_mult_forward, boost_mult_backward, boost_mult_up, boost_mult_strafe, boost_capacitor_max, boost_regen_per_sec, boost_regen_time, zero_to_scm, zero_to_max, scm_to_zero, mass_empty, mass_loadout, mass_total) VALUES ((SELECT id FROM ships WHERE reference = 'RSI_Apollo_Triage_Collector_Stealth'), 170, 1025, 345, 180, 24, 24, 65, 28.8, 28.8, 78, 41.07, 25.68, 9.39, 0, 0, 4.19, 2.62, 0.96, 0, 0, 1.4, 1.4, 1.4, 1.3, 20, 0.75, 27.6, 4.14, 24.96, 6.62, 630456, 31288, 661744) ON CONFLICT (ship_id) DO NOTHING;
INSERT INTO ship_resistances (ship_id, armor_hp, dmg_mult_physical, dmg_mult_energy, dmg_mult_distortion, dmg_mult_thermal, dmg_mult_biochemical, dmg_mult_stun, sig_mult_cross_section, sig_mult_infrared, sig_mult_electromagnetic, pen_resist_base, pen_resist_physical, pen_resist_energy, pen_resist_distortion, base_em_signature, base_ir_signature, base_cs_signature, cross_section_x, cross_section_y, cross_section_z, em_total_shields, em_total_quantum, ir_total_shields, ir_total_quantum) VALUES ((SELECT id FROM ships WHERE reference = 'RSI_Apollo_Triage_Collector_Stealth'), 14850, 0.7, 0.5, 1, 1, 1, 1, 1, 1, 1, 1, 1, 1, 0, 16076, 3746, NULL, 11328, 4032, 25730, 16076, 27576, 3746, 3538) ON CONFLICT (ship_id) DO NOTHING;
INSERT INTO ship_fuel (ship_id, hydrogen_capacity, fuel_intake_rate, fuel_usage_main, fuel_usage_retro, fuel_usage_maneuvering, maneuvering_time_till_empty, intake_to_main_ratio, quantum_capacity, quantum_range, quantum_speed, quantum_spool_time, quantum_travel_time_po, quantum_fuel_usage_po, thrust_main, thrust_retro, thrust_maneuvering, power_generation, power_used_shields, power_used_quantum, cooling_generation, cooling_used_shields, cooling_used_quantum, shield_hp_total, shield_regen_total) VALUES ((SELECT id FROM ships WHERE reference = 'RSI_Apollo_Triage_Collector_Stealth'), 63000, 18, 323.65, 202.34, 745.48, 90.47, 0.06, 4350, 221712538226, 205000000, 6, 205, 823, 25891752, 16187068, 59638220, 22, 24, 20, 64, 36, 34, 37400, 2468) ON CONFLICT (ship_id) DO NOTHING;
INSERT INTO ship_insurance (ship_id, expedited_cost, expedited_claim_time, standard_claim_time) VALUES ((SELECT id FROM ships WHERE reference = 'RSI_Apollo_Triage_Collector_Stealth'), 8970, 4.38, 17.5) ON CONFLICT (ship_id) DO NOTHING;
INSERT INTO ship_flight_stats (ship_id, scm_speed, max_speed, boost_speed_forward, boost_speed_backward, pitch, yaw, roll, pitch_boosted, yaw_boosted, roll_boosted, accel_forward, accel_backward, accel_up, accel_down, accel_strafe, accel_forward_g, accel_backward_g, accel_up_g, accel_down_g, accel_strafe_g, boost_mult_forward, boost_mult_backward, boost_mult_up, boost_mult_strafe, boost_capacitor_max, boost_regen_per_sec, boost_regen_time, zero_to_scm, zero_to_max, scm_to_zero, mass_empty, mass_loadout, mass_total) VALUES ((SELECT id FROM ships WHERE reference = 'RSI_Apollo_Triage_Tier_1'), 170, 1025, 345, 180, 24, 24, 65, 28.8, 28.8, 78, 41.07, 25.68, 9.39, 0, 0, 4.19, 2.62, 0.96, 0, 0, 1.4, 1.4, 1.4, 1.3, 20, 0.75, 27.6, 4.14, 24.96, 6.62, 630456, 32647, 663103) ON CONFLICT (ship_id) DO NOTHING;
INSERT INTO ship_resistances (ship_id, armor_hp, dmg_mult_physical, dmg_mult_energy, dmg_mult_distortion, dmg_mult_thermal, dmg_mult_biochemical, dmg_mult_stun, sig_mult_cross_section, sig_mult_infrared, sig_mult_electromagnetic, pen_resist_base, pen_resist_physical, pen_resist_energy, pen_resist_distortion, base_em_signature, base_ir_signature, base_cs_signature, cross_section_x, cross_section_y, cross_section_z, em_total_shields, em_total_quantum, ir_total_shields, ir_total_quantum) VALUES ((SELECT id FROM ships WHERE reference = 'RSI_Apollo_Triage_Tier_1'), 14850, 0.7, 0.5, 1, 1, 1, 1, 1, 1, 1, 1, 1, 1, 0, 26451, 6794, NULL, 11328, 4032, 25730, 26451, 46691, 6794, 5824) ON CONFLICT (ship_id) DO NOTHING;
INSERT INTO ship_fuel (ship_id, hydrogen_capacity, fuel_intake_rate, fuel_usage_main, fuel_usage_retro, fuel_usage_maneuvering, maneuvering_time_till_empty, intake_to_main_ratio, quantum_capacity, quantum_range, quantum_speed, quantum_spool_time, quantum_travel_time_po, quantum_fuel_usage_po, thrust_main, thrust_retro, thrust_maneuvering, power_generation, power_used_shields, power_used_quantum, cooling_generation, cooling_used_shields, cooling_used_quantum, shield_hp_total, shield_regen_total) VALUES ((SELECT id FROM ships WHERE reference = 'RSI_Apollo_Triage_Tier_1'), 63000, 18, 323.65, 202.34, 745.48, 90.47, 0.06, 4350, 399082568807, 201000000, 6, 209, 457, 25891752, 16187068, 59638220, 22, 28, 22, 68, 42, 36, 36000, 2257) ON CONFLICT (ship_id) DO NOTHING;
INSERT INTO ship_insurance (ship_id, expedited_cost, expedited_claim_time, standard_claim_time) VALUES ((SELECT id FROM ships WHERE reference = 'RSI_Apollo_Triage_Tier_1'), 8970, 4.38, 17.5) ON CONFLICT (ship_id) DO NOTHING;
INSERT INTO ship_flight_stats (ship_id, scm_speed, max_speed, boost_speed_forward, boost_speed_backward, pitch, yaw, roll, pitch_boosted, yaw_boosted, roll_boosted, accel_forward, accel_backward, accel_up, accel_down, accel_strafe, accel_forward_g, accel_backward_g, accel_up_g, accel_down_g, accel_strafe_g, boost_mult_forward, boost_mult_backward, boost_mult_up, boost_mult_strafe, boost_capacitor_max, boost_regen_per_sec, boost_regen_time, zero_to_scm, zero_to_max, scm_to_zero, mass_empty, mass_loadout, mass_total) VALUES ((SELECT id FROM ships WHERE reference = 'RSI_Apollo_Triage_Tier_2'), 170, 1025, 345, 180, 24, 24, 65, 28.8, 28.8, 78, 41.07, 25.68, 9.39, 0, 0, 4.19, 2.62, 0.96, 0, 0, 1.4, 1.4, 1.4, 1.3, 20, 0.75, 27.6, 4.14, 24.96, 6.62, 630456, 32647, 663103) ON CONFLICT (ship_id) DO NOTHING;
INSERT INTO ship_resistances (ship_id, armor_hp, dmg_mult_physical, dmg_mult_energy, dmg_mult_distortion, dmg_mult_thermal, dmg_mult_biochemical, dmg_mult_stun, sig_mult_cross_section, sig_mult_infrared, sig_mult_electromagnetic, pen_resist_base, pen_resist_physical, pen_resist_energy, pen_resist_distortion, base_em_signature, base_ir_signature, base_cs_signature, cross_section_x, cross_section_y, cross_section_z, em_total_shields, em_total_quantum, ir_total_shields, ir_total_quantum) VALUES ((SELECT id FROM ships WHERE reference = 'RSI_Apollo_Triage_Tier_2'), 14850, 0.7, 0.5, 1, 1, 1, 1, 1, 1, 1, 1, 1, 1, 0, 26451, 6794, NULL, 11328, 4032, 25730, 26451, 46691, 6794, 5824) ON CONFLICT (ship_id) DO NOTHING;
INSERT INTO ship_fuel (ship_id, hydrogen_capacity, fuel_intake_rate, fuel_usage_main, fuel_usage_retro, fuel_usage_maneuvering, maneuvering_time_till_empty, intake_to_main_ratio, quantum_capacity, quantum_range, quantum_speed, quantum_spool_time, quantum_travel_time_po, quantum_fuel_usage_po, thrust_main, thrust_retro, thrust_maneuvering, power_generation, power_used_shields, power_used_quantum, cooling_generation, cooling_used_shields, cooling_used_quantum, shield_hp_total, shield_regen_total) VALUES ((SELECT id FROM ships WHERE reference = 'RSI_Apollo_Triage_Tier_2'), 63000, 18, 323.65, 202.34, 745.48, 90.47, 0.06, 4350, 399082568807, 201000000, 6, 209, 457, 25891752, 16187068, 59638220, 22, 28, 22, 68, 42, 36, 36000, 2257) ON CONFLICT (ship_id) DO NOTHING;
INSERT INTO ship_insurance (ship_id, expedited_cost, expedited_claim_time, standard_claim_time) VALUES ((SELECT id FROM ships WHERE reference = 'RSI_Apollo_Triage_Tier_2'), 8970, 4.38, 17.5) ON CONFLICT (ship_id) DO NOTHING;
INSERT INTO ship_flight_stats (ship_id, scm_speed, max_speed, boost_speed_forward, boost_speed_backward, pitch, yaw, roll, pitch_boosted, yaw_boosted, roll_boosted, accel_forward, accel_backward, accel_up, accel_down, accel_strafe, accel_forward_g, accel_backward_g, accel_up_g, accel_down_g, accel_strafe_g, boost_mult_forward, boost_mult_backward, boost_mult_up, boost_mult_strafe, boost_capacitor_max, boost_regen_per_sec, boost_regen_time, zero_to_scm, zero_to_max, scm_to_zero, mass_empty, mass_loadout, mass_total) VALUES ((SELECT id FROM ships WHERE reference = 'RSI_Apollo_Triage_Tier_3'), 170, 1025, 345, 180, 24, 24, 65, 28.8, 28.8, 78, 41.07, 25.68, 9.39, 0, 0, 4.19, 2.62, 0.96, 0, 0, 1.4, 1.4, 1.4, 1.3, 20, 0.75, 27.6, 4.14, 24.96, 6.62, 630456, 32648, 663104) ON CONFLICT (ship_id) DO NOTHING;
INSERT INTO ship_resistances (ship_id, armor_hp, dmg_mult_physical, dmg_mult_energy, dmg_mult_distortion, dmg_mult_thermal, dmg_mult_biochemical, dmg_mult_stun, sig_mult_cross_section, sig_mult_infrared, sig_mult_electromagnetic, pen_resist_base, pen_resist_physical, pen_resist_energy, pen_resist_distortion, base_em_signature, base_ir_signature, base_cs_signature, cross_section_x, cross_section_y, cross_section_z, em_total_shields, em_total_quantum, ir_total_shields, ir_total_quantum) VALUES ((SELECT id FROM ships WHERE reference = 'RSI_Apollo_Triage_Tier_3'), 14850, 0.7, 0.5, 1, 1, 1, 1, 1, 1, 1, 1, 1, 1, 0, 26451, 6794, NULL, 11328, 4032, 25730, 26451, 46691, 6794, 5824) ON CONFLICT (ship_id) DO NOTHING;
INSERT INTO ship_fuel (ship_id, hydrogen_capacity, fuel_intake_rate, fuel_usage_main, fuel_usage_retro, fuel_usage_maneuvering, maneuvering_time_till_empty, intake_to_main_ratio, quantum_capacity, quantum_range, quantum_speed, quantum_spool_time, quantum_travel_time_po, quantum_fuel_usage_po, thrust_main, thrust_retro, thrust_maneuvering, power_generation, power_used_shields, power_used_quantum, cooling_generation, cooling_used_shields, cooling_used_quantum, shield_hp_total, shield_regen_total) VALUES ((SELECT id FROM ships WHERE reference = 'RSI_Apollo_Triage_Tier_3'), 63000, 18, 323.65, 202.34, 745.48, 90.47, 0.06, 4350, 399082568807, 201000000, 6, 209, 457, 25891752, 16187068, 59638220, 22, 28, 22, 68, 42, 36, 36000, 2257) ON CONFLICT (ship_id) DO NOTHING;
INSERT INTO ship_insurance (ship_id, expedited_cost, expedited_claim_time, standard_claim_time) VALUES ((SELECT id FROM ships WHERE reference = 'RSI_Apollo_Triage_Tier_3'), 8970, 4.38, 17.5) ON CONFLICT (ship_id) DO NOTHING;
INSERT INTO ship_flight_stats (ship_id, scm_speed, max_speed, boost_speed_forward, boost_speed_backward, pitch, yaw, roll, pitch_boosted, yaw_boosted, roll_boosted, accel_forward, accel_backward, accel_up, accel_down, accel_strafe, accel_forward_g, accel_backward_g, accel_up_g, accel_down_g, accel_strafe_g, boost_mult_forward, boost_mult_backward, boost_mult_up, boost_mult_strafe, boost_capacitor_max, boost_regen_per_sec, boost_regen_time, zero_to_scm, zero_to_max, scm_to_zero, mass_empty, mass_loadout, mass_total) VALUES ((SELECT id FROM ships WHERE reference = 'RSI_Aurora_GS_CL'), 220, 1150, 440, 240, 58, 53, 135, 69.6, 63.6, 162, 117.23, 44.38, 0, 0, 0, 11.95, 4.53, 0, 0, 0, 1.4, 1.3, 1.3, 1.35, 20, 0.75, 26.9, 1.88, 9.81, 4.96, 24774, 4245, 29019) ON CONFLICT (ship_id) DO NOTHING;
INSERT INTO ship_resistances (ship_id, armor_hp, dmg_mult_physical, dmg_mult_energy, dmg_mult_distortion, dmg_mult_thermal, dmg_mult_biochemical, dmg_mult_stun, sig_mult_cross_section, sig_mult_infrared, sig_mult_electromagnetic, pen_resist_base, pen_resist_physical, pen_resist_energy, pen_resist_distortion, base_em_signature, base_ir_signature, base_cs_signature, cross_section_x, cross_section_y, cross_section_z, em_total_shields, em_total_quantum, ir_total_shields, ir_total_quantum) VALUES ((SELECT id FROM ships WHERE reference = 'RSI_Aurora_GS_CL'), 4800, 0.75, 0.6, 1, 1, 1, 1, 1, 1, 1, 1, 1, 1, 0, 19025, 6739, NULL, 2618, 1178, 5355, 19025, 34045, 6739, 5100) ON CONFLICT (ship_id) DO NOTHING;
INSERT INTO ship_fuel (ship_id, hydrogen_capacity, fuel_intake_rate, fuel_usage_main, fuel_usage_retro, fuel_usage_maneuvering, maneuvering_time_till_empty, intake_to_main_ratio, quantum_capacity, quantum_range, quantum_speed, quantum_spool_time, quantum_travel_time_po, quantum_fuel_usage_po, thrust_main, thrust_retro, thrust_maneuvering, power_generation, power_used_shields, power_used_quantum, cooling_generation, cooling_used_shields, cooling_used_quantum, shield_hp_total, shield_regen_total) VALUES ((SELECT id FROM ships WHERE reference = 'RSI_Aurora_GS_CL'), 4500, 5, 26.94, 10.2, 8.8, 143.59, 0.19, 1100, 120693438666, 165000000, 4, 254, 382, 2904297, 1099504.4, 2397214.4, 15, 21.9, 15.9, 58, 32.9, 24.9, 5400, 339) ON CONFLICT (ship_id) DO NOTHING;
INSERT INTO ship_insurance (ship_id, expedited_cost, expedited_claim_time, standard_claim_time) VALUES ((SELECT id FROM ships WHERE reference = 'RSI_Aurora_GS_CL'), 1408, 0.81, 2.43) ON CONFLICT (ship_id) DO NOTHING;
INSERT INTO ship_flight_stats (ship_id, scm_speed, max_speed, boost_speed_forward, boost_speed_backward, pitch, yaw, roll, pitch_boosted, yaw_boosted, roll_boosted, accel_forward, accel_backward, accel_up, accel_down, accel_strafe, accel_forward_g, accel_backward_g, accel_up_g, accel_down_g, accel_strafe_g, boost_mult_forward, boost_mult_backward, boost_mult_up, boost_mult_strafe, boost_capacitor_max, boost_regen_per_sec, boost_regen_time, zero_to_scm, zero_to_max, scm_to_zero, mass_empty, mass_loadout, mass_total) VALUES ((SELECT id FROM ships WHERE reference = 'RSI_Aurora_GS_ES'), 222, 1180, 440, 240, 62, 57, 140, 74.4, 68.4, 168, 124.83, 43.9, 0, 0, 0, 12.73, 4.48, 0, 0, 0, 1.4, 1.3, 1.3, 1.35, 20, 0.75, 26.9, 1.78, 9.45, 5.06, 24838, 3820, 28658) ON CONFLICT (ship_id) DO NOTHING;
INSERT INTO ship_resistances (ship_id, armor_hp, dmg_mult_physical, dmg_mult_energy, dmg_mult_distortion, dmg_mult_thermal, dmg_mult_biochemical, dmg_mult_stun, sig_mult_cross_section, sig_mult_infrared, sig_mult_electromagnetic, pen_resist_base, pen_resist_physical, pen_resist_energy, pen_resist_distortion, base_em_signature, base_ir_signature, base_cs_signature, cross_section_x, cross_section_y, cross_section_z, em_total_shields, em_total_quantum, ir_total_shields, ir_total_quantum) VALUES ((SELECT id FROM ships WHERE reference = 'RSI_Aurora_GS_ES'), 4800, 0.75, 0.6, 1, 1, 1, 1, 1, 1, 1, 1, 1, 1, 0, 11438, 4135, NULL, 2618, 1178, 5355, 11438, 27938, 4135, 3504) ON CONFLICT (ship_id) DO NOTHING;
INSERT INTO ship_fuel (ship_id, hydrogen_capacity, fuel_intake_rate, fuel_usage_main, fuel_usage_retro, fuel_usage_maneuvering, maneuvering_time_till_empty, intake_to_main_ratio, quantum_capacity, quantum_range, quantum_speed, quantum_spool_time, quantum_travel_time_po, quantum_fuel_usage_po, thrust_main, thrust_retro, thrust_maneuvering, power_generation, power_used_shields, power_used_quantum, cooling_generation, cooling_used_shields, cooling_used_quantum, shield_hp_total, shield_regen_total) VALUES ((SELECT id FROM ships WHERE reference = 'RSI_Aurora_GS_ES'), 4500, 5, 28.76, 10.11, 9.79, 133.71, 0.17, 1100, 120693438666, 165000000, 4, 254, 382, 3100478, 1090278.4, 2712522.4, 14, 17.2, 13.2, 46, 26.2, 22.2, 5400, 321) ON CONFLICT (ship_id) DO NOTHING;
INSERT INTO ship_insurance (ship_id, expedited_cost, expedited_claim_time, standard_claim_time) VALUES ((SELECT id FROM ships WHERE reference = 'RSI_Aurora_GS_ES'), 1298, 0.72, 2.16) ON CONFLICT (ship_id) DO NOTHING;
INSERT INTO ship_flight_stats (ship_id, scm_speed, max_speed, boost_speed_forward, boost_speed_backward, pitch, yaw, roll, pitch_boosted, yaw_boosted, roll_boosted, accel_forward, accel_backward, accel_up, accel_down, accel_strafe, accel_forward_g, accel_backward_g, accel_up_g, accel_down_g, accel_strafe_g, boost_mult_forward, boost_mult_backward, boost_mult_up, boost_mult_strafe, boost_capacitor_max, boost_regen_per_sec, boost_regen_time, zero_to_scm, zero_to_max, scm_to_zero, mass_empty, mass_loadout, mass_total) VALUES ((SELECT id FROM ships WHERE reference = 'RSI_Aurora_GS_LN'), 225, 1200, 450, 240, 65, 59, 146, 78, 70.8, 175.2, 134.37, 44.9, 0, 0, 0, 13.7, 4.58, 0, 0, 0, 1.4, 1.3, 1.3, 1.35, 20, 0.75, 26.9, 1.67, 8.93, 5.01, 27066, 4547, 31613) ON CONFLICT (ship_id) DO NOTHING;
INSERT INTO ship_resistances (ship_id, armor_hp, dmg_mult_physical, dmg_mult_energy, dmg_mult_distortion, dmg_mult_thermal, dmg_mult_biochemical, dmg_mult_stun, sig_mult_cross_section, sig_mult_infrared, sig_mult_electromagnetic, pen_resist_base, pen_resist_physical, pen_resist_energy, pen_resist_distortion, base_em_signature, base_ir_signature, base_cs_signature, cross_section_x, cross_section_y, cross_section_z, em_total_shields, em_total_quantum, ir_total_shields, ir_total_quantum) VALUES ((SELECT id FROM ships WHERE reference = 'RSI_Aurora_GS_LN'), 4800, 0.75, 0.6, 1, 1, 1, 1, 1, 1, 1, 1, 1, 1, 0, 19962, 7644, NULL, 2618, 1178, 5355, 19962, 35482, 7644, 5936) ON CONFLICT (ship_id) DO NOTHING;
INSERT INTO ship_fuel (ship_id, hydrogen_capacity, fuel_intake_rate, fuel_usage_main, fuel_usage_retro, fuel_usage_maneuvering, maneuvering_time_till_empty, intake_to_main_ratio, quantum_capacity, quantum_range, quantum_speed, quantum_spool_time, quantum_travel_time_po, quantum_fuel_usage_po, thrust_main, thrust_retro, thrust_maneuvering, power_generation, power_used_shields, power_used_quantum, cooling_generation, cooling_used_shields, cooling_used_quantum, shield_hp_total, shield_regen_total) VALUES ((SELECT id FROM ships WHERE reference = 'RSI_Aurora_GS_LN'), 4500, 0, 33.73, 11.27, 10.91, 114.84, 0, 1100, 120693438666, 165000000, 4, 254, 382, 3636790, 1215395.8, 3069863.1999999997, 16, 23.8, 17.8, 68, 35.8, 27.8, 7920, 470) ON CONFLICT (ship_id) DO NOTHING;
INSERT INTO ship_insurance (ship_id, expedited_cost, expedited_claim_time, standard_claim_time) VALUES ((SELECT id FROM ships WHERE reference = 'RSI_Aurora_GS_LN'), 2005, 0.97, 2.92) ON CONFLICT (ship_id) DO NOTHING;
INSERT INTO ship_flight_stats (ship_id, scm_speed, max_speed, boost_speed_forward, boost_speed_backward, pitch, yaw, roll, pitch_boosted, yaw_boosted, roll_boosted, accel_forward, accel_backward, accel_up, accel_down, accel_strafe, accel_forward_g, accel_backward_g, accel_up_g, accel_down_g, accel_strafe_g, boost_mult_forward, boost_mult_backward, boost_mult_up, boost_mult_strafe, boost_capacitor_max, boost_regen_per_sec, boost_regen_time, zero_to_scm, zero_to_max, scm_to_zero, mass_empty, mass_loadout, mass_total) VALUES ((SELECT id FROM ships WHERE reference = 'RSI_Aurora_GS_LX'), 222, 1250, 440, 240, 58, 53, 135, 69.6, 63.6, 162, 127.86, 43.94, 0, 0, 0, 13.04, 4.48, 0, 0, 0, 1.4, 1.3, 1.3, 1.35, 20, 0.75, 26.9, 1.74, 9.78, 5.05, 25088, 3542, 28630) ON CONFLICT (ship_id) DO NOTHING;
INSERT INTO ship_resistances (ship_id, armor_hp, dmg_mult_physical, dmg_mult_energy, dmg_mult_distortion, dmg_mult_thermal, dmg_mult_biochemical, dmg_mult_stun, sig_mult_cross_section, sig_mult_infrared, sig_mult_electromagnetic, pen_resist_base, pen_resist_physical, pen_resist_energy, pen_resist_distortion, base_em_signature, base_ir_signature, base_cs_signature, cross_section_x, cross_section_y, cross_section_z, em_total_shields, em_total_quantum, ir_total_shields, ir_total_quantum) VALUES ((SELECT id FROM ships WHERE reference = 'RSI_Aurora_GS_LX'), 4800, 0.75, 0.6, 1, 1, 1, 1, 1, 1, 1, 1, 1, 1, 0, 12398, 3864, NULL, 2618, 1178, 5355, 12398, 28762, 3864, 3189) ON CONFLICT (ship_id) DO NOTHING;
INSERT INTO ship_fuel (ship_id, hydrogen_capacity, fuel_intake_rate, fuel_usage_main, fuel_usage_retro, fuel_usage_maneuvering, maneuvering_time_till_empty, intake_to_main_ratio, quantum_capacity, quantum_range, quantum_speed, quantum_spool_time, quantum_travel_time_po, quantum_fuel_usage_po, thrust_main, thrust_retro, thrust_maneuvering, power_generation, power_used_shields, power_used_quantum, cooling_generation, cooling_used_shields, cooling_used_quantum, shield_hp_total, shield_regen_total) VALUES ((SELECT id FROM ships WHERE reference = 'RSI_Aurora_GS_LX'), 4500, 5, 29.75, 10.23, 8.89, 131.6, 0.17, 1800, 197498354180, 165000000, 4, 254, 382, 3207742, 1102431, 2424846.4, 16, 15.9, 11.9, 64, 22.9, 18.9, 4800, 301) ON CONFLICT (ship_id) DO NOTHING;
INSERT INTO ship_insurance (ship_id, expedited_cost, expedited_claim_time, standard_claim_time) VALUES ((SELECT id FROM ships WHERE reference = 'RSI_Aurora_GS_LX'), 1513, 0.9, 2.7) ON CONFLICT (ship_id) DO NOTHING;
INSERT INTO ship_flight_stats (ship_id, scm_speed, max_speed, boost_speed_forward, boost_speed_backward, pitch, yaw, roll, pitch_boosted, yaw_boosted, roll_boosted, accel_forward, accel_backward, accel_up, accel_down, accel_strafe, accel_forward_g, accel_backward_g, accel_up_g, accel_down_g, accel_strafe_g, boost_mult_forward, boost_mult_backward, boost_mult_up, boost_mult_strafe, boost_capacitor_max, boost_regen_per_sec, boost_regen_time, zero_to_scm, zero_to_max, scm_to_zero, mass_empty, mass_loadout, mass_total) VALUES ((SELECT id FROM ships WHERE reference = 'RSI_Aurora_GS_MR'), 227, 1230, 470, 240, 59, 51, 137, 70.8, 61.2, 164.4, 139.56, 44.75, 0, 0, 0, 14.23, 4.56, 0, 0, 0, 1.4, 1.3, 1.3, 1.35, 20, 0.75, 26.9, 1.63, 8.81, 5.07, 26245, 4307, 30552) ON CONFLICT (ship_id) DO NOTHING;
INSERT INTO ship_resistances (ship_id, armor_hp, dmg_mult_physical, dmg_mult_energy, dmg_mult_distortion, dmg_mult_thermal, dmg_mult_biochemical, dmg_mult_stun, sig_mult_cross_section, sig_mult_infrared, sig_mult_electromagnetic, pen_resist_base, pen_resist_physical, pen_resist_energy, pen_resist_distortion, base_em_signature, base_ir_signature, base_cs_signature, cross_section_x, cross_section_y, cross_section_z, em_total_shields, em_total_quantum, ir_total_shields, ir_total_quantum) VALUES ((SELECT id FROM ships WHERE reference = 'RSI_Aurora_GS_MR'), 4800, 0.75, 0.6, 1, 1, 1, 1, 1, 1, 1, 1, 1, 1, 0, 19025, 6739, NULL, 2618, 1178, 5355, 19025, 34045, 6739, 5100) ON CONFLICT (ship_id) DO NOTHING;
INSERT INTO ship_fuel (ship_id, hydrogen_capacity, fuel_intake_rate, fuel_usage_main, fuel_usage_retro, fuel_usage_maneuvering, maneuvering_time_till_empty, intake_to_main_ratio, quantum_capacity, quantum_range, quantum_speed, quantum_spool_time, quantum_travel_time_po, quantum_fuel_usage_po, thrust_main, thrust_retro, thrust_maneuvering, power_generation, power_used_shields, power_used_quantum, cooling_generation, cooling_used_shields, cooling_used_quantum, shield_hp_total, shield_regen_total) VALUES ((SELECT id FROM ships WHERE reference = 'RSI_Aurora_GS_MR'), 4500, 0, 33.97, 10.89, 9.2, 116.67, 0, 1100, 120693438666, 165000000, 4, 254, 382, 3662880, 1174543.2, 2524322.4, 15, 21.9, 15.9, 58, 32.9, 24.9, 5400, 339) ON CONFLICT (ship_id) DO NOTHING;
INSERT INTO ship_insurance (ship_id, expedited_cost, expedited_claim_time, standard_claim_time) VALUES ((SELECT id FROM ships WHERE reference = 'RSI_Aurora_GS_MR'), 1631, 0.97, 2.92) ON CONFLICT (ship_id) DO NOTHING;
INSERT INTO ship_flight_stats (ship_id, scm_speed, max_speed, boost_speed_forward, boost_speed_backward, pitch, yaw, roll, pitch_boosted, yaw_boosted, roll_boosted, accel_forward, accel_backward, accel_up, accel_down, accel_strafe, accel_forward_g, accel_backward_g, accel_up_g, accel_down_g, accel_strafe_g, boost_mult_forward, boost_mult_backward, boost_mult_up, boost_mult_strafe, boost_capacitor_max, boost_regen_per_sec, boost_regen_time, zero_to_scm, zero_to_max, scm_to_zero, mass_empty, mass_loadout, mass_total) VALUES ((SELECT id FROM ships WHERE reference = 'RSI_Aurora_GS_SE'), 225, 1200, 450, 240, 65, 59, 146, 78, 70.8, 175.2, 134.37, 44.9, 0, 0, 0, 13.7, 4.58, 0, 0, 0, 1.4, 1.3, 1.3, 1.35, 20, 0.75, 26.9, 1.67, 8.93, 5.01, 27066, 4455, 31521) ON CONFLICT (ship_id) DO NOTHING;
INSERT INTO ship_resistances (ship_id, armor_hp, dmg_mult_physical, dmg_mult_energy, dmg_mult_distortion, dmg_mult_thermal, dmg_mult_biochemical, dmg_mult_stun, sig_mult_cross_section, sig_mult_infrared, sig_mult_electromagnetic, pen_resist_base, pen_resist_physical, pen_resist_energy, pen_resist_distortion, base_em_signature, base_ir_signature, base_cs_signature, cross_section_x, cross_section_y, cross_section_z, em_total_shields, em_total_quantum, ir_total_shields, ir_total_quantum) VALUES ((SELECT id FROM ships WHERE reference = 'RSI_Aurora_GS_SE'), 4800, 0.75, 0.6, 1, 1, 1, 1, 1, 1, 1, 1, 1, 1, 0, 19962, 7644, NULL, 2618, 1178, 5355, 19962, 35482, 7644, 5936) ON CONFLICT (ship_id) DO NOTHING;
INSERT INTO ship_fuel (ship_id, hydrogen_capacity, fuel_intake_rate, fuel_usage_main, fuel_usage_retro, fuel_usage_maneuvering, maneuvering_time_till_empty, intake_to_main_ratio, quantum_capacity, quantum_range, quantum_speed, quantum_spool_time, quantum_travel_time_po, quantum_fuel_usage_po, thrust_main, thrust_retro, thrust_maneuvering, power_generation, power_used_shields, power_used_quantum, cooling_generation, cooling_used_shields, cooling_used_quantum, shield_hp_total, shield_regen_total) VALUES ((SELECT id FROM ships WHERE reference = 'RSI_Aurora_GS_SE'), 4500, 0, 33.73, 11.27, 10.91, 114.84, 0, 1100, 120693438666, 165000000, 4, 254, 382, 3636790, 1215395.8, 3069863.1999999997, 16, 23.8, 17.8, 68, 35.8, 27.8, 7920, 470) ON CONFLICT (ship_id) DO NOTHING;
INSERT INTO ship_insurance (ship_id, expedited_cost, expedited_claim_time, standard_claim_time) VALUES ((SELECT id FROM ships WHERE reference = 'RSI_Aurora_GS_SE'), 2005, 0.97, 2.92) ON CONFLICT (ship_id) DO NOTHING;
INSERT INTO ship_flight_stats (ship_id, scm_speed, max_speed, boost_speed_forward, boost_speed_backward, pitch, yaw, roll, pitch_boosted, yaw_boosted, roll_boosted, accel_forward, accel_backward, accel_up, accel_down, accel_strafe, accel_forward_g, accel_backward_g, accel_up_g, accel_down_g, accel_strafe_g, boost_mult_forward, boost_mult_backward, boost_mult_up, boost_mult_strafe, boost_capacitor_max, boost_regen_per_sec, boost_regen_time, zero_to_scm, zero_to_max, scm_to_zero, mass_empty, mass_loadout, mass_total) VALUES ((SELECT id FROM ships WHERE reference = 'RSI_Aurora_Mk2'), 225, 1230, 460, 240, 58, 52, 140, 69.6, 62.4, 168, 124.88, 41.51, 5.66, 0, 0, 12.73, 4.23, 0.58, 0, 0, 1.65, 1.3, 1.3, 1.35, 20, 0.75, 27.3, 1.8, 9.85, 5.42, 63500, 6153, 69653) ON CONFLICT (ship_id) DO NOTHING;
INSERT INTO ship_resistances (ship_id, armor_hp, dmg_mult_physical, dmg_mult_energy, dmg_mult_distortion, dmg_mult_thermal, dmg_mult_biochemical, dmg_mult_stun, sig_mult_cross_section, sig_mult_infrared, sig_mult_electromagnetic, pen_resist_base, pen_resist_physical, pen_resist_energy, pen_resist_distortion, base_em_signature, base_ir_signature, base_cs_signature, cross_section_x, cross_section_y, cross_section_z, em_total_shields, em_total_quantum, ir_total_shields, ir_total_quantum) VALUES ((SELECT id FROM ships WHERE reference = 'RSI_Aurora_Mk2'), 4800, 0.75, 0.6, 1, 1, 1, 1, 1, 1, 1, 1, 1, 1, 0, 13300, 4369, NULL, 6700, 3000, 13600, 13300, 29500, 4369, 3754) ON CONFLICT (ship_id) DO NOTHING;
INSERT INTO ship_fuel (ship_id, hydrogen_capacity, fuel_intake_rate, fuel_usage_main, fuel_usage_retro, fuel_usage_maneuvering, maneuvering_time_till_empty, intake_to_main_ratio, quantum_capacity, quantum_range, quantum_speed, quantum_spool_time, quantum_travel_time_po, quantum_fuel_usage_po, thrust_main, thrust_retro, thrust_maneuvering, power_generation, power_used_shields, power_used_quantum, cooling_generation, cooling_used_shields, cooling_used_quantum, shield_hp_total, shield_regen_total) VALUES ((SELECT id FROM ships WHERE reference = 'RSI_Aurora_Mk2'), 10000, 5, 99.13, 32.95, 166.31, 54.86, 0.05, 1500, 164581961817, 165000000, 4, 254, 382, 7930000, 2636000, 13304702, 14, 19.4, 15.4, 52, 28.4, 24.4, 7500, 470) ON CONFLICT (ship_id) DO NOTHING;
INSERT INTO ship_insurance (ship_id, expedited_cost, expedited_claim_time, standard_claim_time) VALUES ((SELECT id FROM ships WHERE reference = 'RSI_Aurora_Mk2'), 5480, 1.45, 5.82) ON CONFLICT (ship_id) DO NOTHING;
INSERT INTO ship_flight_stats (ship_id, scm_speed, max_speed, boost_speed_forward, boost_speed_backward, pitch, yaw, roll, pitch_boosted, yaw_boosted, roll_boosted, accel_forward, accel_backward, accel_up, accel_down, accel_strafe, accel_forward_g, accel_backward_g, accel_up_g, accel_down_g, accel_strafe_g, boost_mult_forward, boost_mult_backward, boost_mult_up, boost_mult_strafe, boost_capacitor_max, boost_regen_per_sec, boost_regen_time, zero_to_scm, zero_to_max, scm_to_zero, mass_empty, mass_loadout, mass_total) VALUES ((SELECT id FROM ships WHERE reference = 'RSI_Constellation_Andromeda'), 190, 1000, 390, 191, 25, 21, 45, 30, 25.2, 54, 57.59, 28.85, 12.61, 0, 0, 5.87, 2.94, 1.29, 0, 0, 1.5, 1.2, 1.3, 1.35, 20, 0.75, 27.6, 3.3, 17.36, 6.59, 386857, 58794, 445651) ON CONFLICT (ship_id) DO NOTHING;
INSERT INTO ship_resistances (ship_id, armor_hp, dmg_mult_physical, dmg_mult_energy, dmg_mult_distortion, dmg_mult_thermal, dmg_mult_biochemical, dmg_mult_stun, sig_mult_cross_section, sig_mult_infrared, sig_mult_electromagnetic, pen_resist_base, pen_resist_physical, pen_resist_energy, pen_resist_distortion, base_em_signature, base_ir_signature, base_cs_signature, cross_section_x, cross_section_y, cross_section_z, em_total_shields, em_total_quantum, ir_total_shields, ir_total_quantum) VALUES ((SELECT id FROM ships WHERE reference = 'RSI_Constellation_Andromeda'), 18900, 0.75, 0.6, 1, 1, 1, 1, 1, 1, 1, 1, 1, 1, 0, 31069, 7441, NULL, 10505, 3125, 23935, 31069, 63969, 7441, 7441) ON CONFLICT (ship_id) DO NOTHING;
INSERT INTO ship_fuel (ship_id, hydrogen_capacity, fuel_intake_rate, fuel_usage_main, fuel_usage_retro, fuel_usage_maneuvering, maneuvering_time_till_empty, intake_to_main_ratio, quantum_capacity, quantum_range, quantum_speed, quantum_spool_time, quantum_travel_time_po, quantum_fuel_usage_po, thrust_main, thrust_retro, thrust_maneuvering, power_generation, power_used_shields, power_used_quantum, cooling_generation, cooling_used_shields, cooling_used_quantum, shield_hp_total, shield_regen_total) VALUES ((SELECT id FROM ships WHERE reference = 'RSI_Constellation_Andromeda'), 66000, 0, 245.64, 123.04, 41.44, 247.78, 0, 4100, 626911314985, 262000000, 6, 160, 274, 22280000, 11160000, 13260000, 22, 33, 29, 68, 46, 46, 125000, 7838) ON CONFLICT (ship_id) DO NOTHING;
INSERT INTO ship_insurance (ship_id, expedited_cost, expedited_claim_time, standard_claim_time) VALUES ((SELECT id FROM ships WHERE reference = 'RSI_Constellation_Andromeda'), 6750, 4.5, 13.5) ON CONFLICT (ship_id) DO NOTHING;
INSERT INTO ship_flight_stats (ship_id, scm_speed, max_speed, boost_speed_forward, boost_speed_backward, pitch, yaw, roll, pitch_boosted, yaw_boosted, roll_boosted, accel_forward, accel_backward, accel_up, accel_down, accel_strafe, accel_forward_g, accel_backward_g, accel_up_g, accel_down_g, accel_strafe_g, boost_mult_forward, boost_mult_backward, boost_mult_up, boost_mult_strafe, boost_capacitor_max, boost_regen_per_sec, boost_regen_time, zero_to_scm, zero_to_max, scm_to_zero, mass_empty, mass_loadout, mass_total) VALUES ((SELECT id FROM ships WHERE reference = 'RSI_Constellation_Aquila'), 180, 1075, 380, 191, 25, 21, 45, 30, 25.2, 54, 54.8, 27.45, 12, 0, 0, 5.59, 2.8, 1.22, 0, 0, 1.5, 1.2, 1.3, 1.35, 20, 0.75, 27.6, 3.28, 19.62, 6.56, 406543, 75364, 481907) ON CONFLICT (ship_id) DO NOTHING;
INSERT INTO ship_resistances (ship_id, armor_hp, dmg_mult_physical, dmg_mult_energy, dmg_mult_distortion, dmg_mult_thermal, dmg_mult_biochemical, dmg_mult_stun, sig_mult_cross_section, sig_mult_infrared, sig_mult_electromagnetic, pen_resist_base, pen_resist_physical, pen_resist_energy, pen_resist_distortion, base_em_signature, base_ir_signature, base_cs_signature, cross_section_x, cross_section_y, cross_section_z, em_total_shields, em_total_quantum, ir_total_shields, ir_total_quantum) VALUES ((SELECT id FROM ships WHERE reference = 'RSI_Constellation_Aquila'), 18900, 0.75, 0.6, 1, 1, 1, 1, 1, 1, 1, 1, 1, 1, 0, 32825, 7441, NULL, 10083, 2999, 22973, 32825, 65725, 7441, 7441) ON CONFLICT (ship_id) DO NOTHING;
INSERT INTO ship_fuel (ship_id, hydrogen_capacity, fuel_intake_rate, fuel_usage_main, fuel_usage_retro, fuel_usage_maneuvering, maneuvering_time_till_empty, intake_to_main_ratio, quantum_capacity, quantum_range, quantum_speed, quantum_spool_time, quantum_travel_time_po, quantum_fuel_usage_po, thrust_main, thrust_retro, thrust_maneuvering, power_generation, power_used_shields, power_used_quantum, cooling_generation, cooling_used_shields, cooling_used_quantum, shield_hp_total, shield_regen_total) VALUES ((SELECT id FROM ships WHERE reference = 'RSI_Constellation_Aquila'), 104500, 100, 245.64, 123.04, 41.44, 392.33, 0.41, 5600, 856269113150, 262000000, 6, 160, 274, 22280000, 11160000, 13260000, 22, 33, 29, 68, 46, 46, 125000, 7838) ON CONFLICT (ship_id) DO NOTHING;
INSERT INTO ship_insurance (ship_id, expedited_cost, expedited_claim_time, standard_claim_time) VALUES ((SELECT id FROM ships WHERE reference = 'RSI_Constellation_Aquila'), 9171, 5.4, 16.2) ON CONFLICT (ship_id) DO NOTHING;
INSERT INTO ship_flight_stats (ship_id, scm_speed, max_speed, boost_speed_forward, boost_speed_backward, pitch, yaw, roll, pitch_boosted, yaw_boosted, roll_boosted, accel_forward, accel_backward, accel_up, accel_down, accel_strafe, accel_forward_g, accel_backward_g, accel_up_g, accel_down_g, accel_strafe_g, boost_mult_forward, boost_mult_backward, boost_mult_up, boost_mult_strafe, boost_capacitor_max, boost_regen_per_sec, boost_regen_time, zero_to_scm, zero_to_max, scm_to_zero, mass_empty, mass_loadout, mass_total) VALUES ((SELECT id FROM ships WHERE reference = 'RSI_Constellation_Phoenix'), 185, 995, 385, 191, 25, 21, 45, 30, 25.2, 54, 58.05, 29.08, 12.71, 0, 0, 5.92, 2.97, 1.3, 0, 0, 1.5, 1.2, 1.3, 1.35, 20, 0.75, 27.6, 3.19, 17.14, 6.36, 383801, 76790, 460591) ON CONFLICT (ship_id) DO NOTHING;
INSERT INTO ship_resistances (ship_id, armor_hp, dmg_mult_physical, dmg_mult_energy, dmg_mult_distortion, dmg_mult_thermal, dmg_mult_biochemical, dmg_mult_stun, sig_mult_cross_section, sig_mult_infrared, sig_mult_electromagnetic, pen_resist_base, pen_resist_physical, pen_resist_energy, pen_resist_distortion, base_em_signature, base_ir_signature, base_cs_signature, cross_section_x, cross_section_y, cross_section_z, em_total_shields, em_total_quantum, ir_total_shields, ir_total_quantum) VALUES ((SELECT id FROM ships WHERE reference = 'RSI_Constellation_Phoenix'), 12600, 0.75, 0.6, 1, 1, 1, 1, 1, 1, 1, 1, 1, 1, 0, 32387, 7441, NULL, 10400, 3094, 23696, 32387, 65287, 7441, 7441) ON CONFLICT (ship_id) DO NOTHING;
INSERT INTO ship_fuel (ship_id, hydrogen_capacity, fuel_intake_rate, fuel_usage_main, fuel_usage_retro, fuel_usage_maneuvering, maneuvering_time_till_empty, intake_to_main_ratio, quantum_capacity, quantum_range, quantum_speed, quantum_spool_time, quantum_travel_time_po, quantum_fuel_usage_po, thrust_main, thrust_retro, thrust_maneuvering, power_generation, power_used_shields, power_used_quantum, cooling_generation, cooling_used_shields, cooling_used_quantum, shield_hp_total, shield_regen_total) VALUES ((SELECT id FROM ships WHERE reference = 'RSI_Constellation_Phoenix'), 66000, 0, 245.64, 123.04, 41.44, 247.78, 0, 4100, 626911314985, 262000000, 6, 160, 274, 22280000, 11160000, 13260000, 22, 33, 29, 68, 46, 46, 125000, 7838) ON CONFLICT (ship_id) DO NOTHING;
INSERT INTO ship_insurance (ship_id, expedited_cost, expedited_claim_time, standard_claim_time) VALUES ((SELECT id FROM ships WHERE reference = 'RSI_Constellation_Phoenix'), 12079, 8.1, 24.3) ON CONFLICT (ship_id) DO NOTHING;
INSERT INTO ship_flight_stats (ship_id, scm_speed, max_speed, boost_speed_forward, boost_speed_backward, pitch, yaw, roll, pitch_boosted, yaw_boosted, roll_boosted, accel_forward, accel_backward, accel_up, accel_down, accel_strafe, accel_forward_g, accel_backward_g, accel_up_g, accel_down_g, accel_strafe_g, boost_mult_forward, boost_mult_backward, boost_mult_up, boost_mult_strafe, boost_capacitor_max, boost_regen_per_sec, boost_regen_time, zero_to_scm, zero_to_max, scm_to_zero, mass_empty, mass_loadout, mass_total) VALUES ((SELECT id FROM ships WHERE reference = 'RSI_Constellation_Phoenix_Emerald'), 185, 995, 385, 191, 25, 21, 45, 30, 25.2, 54, 58.05, 29.08, 12.71, 0, 0, 5.92, 2.97, 1.3, 0, 0, 1.5, 1.2, 1.3, 1.35, 20, 0.75, 27.6, 3.19, 17.14, 6.36, 383801, 76790, 460591) ON CONFLICT (ship_id) DO NOTHING;
INSERT INTO ship_resistances (ship_id, armor_hp, dmg_mult_physical, dmg_mult_energy, dmg_mult_distortion, dmg_mult_thermal, dmg_mult_biochemical, dmg_mult_stun, sig_mult_cross_section, sig_mult_infrared, sig_mult_electromagnetic, pen_resist_base, pen_resist_physical, pen_resist_energy, pen_resist_distortion, base_em_signature, base_ir_signature, base_cs_signature, cross_section_x, cross_section_y, cross_section_z, em_total_shields, em_total_quantum, ir_total_shields, ir_total_quantum) VALUES ((SELECT id FROM ships WHERE reference = 'RSI_Constellation_Phoenix_Emerald'), 12600, 0.75, 0.6, 1, 1, 1, 1, 1, 1, 1, 1, 1, 1, 0, 32387, 7441, NULL, 10400, 3094, 23696, 32387, 65287, 7441, 7441) ON CONFLICT (ship_id) DO NOTHING;
INSERT INTO ship_fuel (ship_id, hydrogen_capacity, fuel_intake_rate, fuel_usage_main, fuel_usage_retro, fuel_usage_maneuvering, maneuvering_time_till_empty, intake_to_main_ratio, quantum_capacity, quantum_range, quantum_speed, quantum_spool_time, quantum_travel_time_po, quantum_fuel_usage_po, thrust_main, thrust_retro, thrust_maneuvering, power_generation, power_used_shields, power_used_quantum, cooling_generation, cooling_used_shields, cooling_used_quantum, shield_hp_total, shield_regen_total) VALUES ((SELECT id FROM ships WHERE reference = 'RSI_Constellation_Phoenix_Emerald'), 66000, 0, 245.64, 123.04, 41.44, 247.78, 0, 4100, 626911314985, 262000000, 6, 160, 274, 22280000, 11160000, 13260000, 22, 33, 29, 68, 46, 46, 125000, 7838) ON CONFLICT (ship_id) DO NOTHING;
INSERT INTO ship_insurance (ship_id, expedited_cost, expedited_claim_time, standard_claim_time) VALUES ((SELECT id FROM ships WHERE reference = 'RSI_Constellation_Phoenix_Emerald'), 12079, 8.1, 24.3) ON CONFLICT (ship_id) DO NOTHING;
INSERT INTO ship_flight_stats (ship_id, scm_speed, max_speed, boost_speed_forward, boost_speed_backward, pitch, yaw, roll, pitch_boosted, yaw_boosted, roll_boosted, accel_forward, accel_backward, accel_up, accel_down, accel_strafe, accel_forward_g, accel_backward_g, accel_up_g, accel_down_g, accel_strafe_g, boost_mult_forward, boost_mult_backward, boost_mult_up, boost_mult_strafe, boost_capacitor_max, boost_regen_per_sec, boost_regen_time, zero_to_scm, zero_to_max, scm_to_zero, mass_empty, mass_loadout, mass_total) VALUES ((SELECT id FROM ships WHERE reference = 'RSI_Constellation_Taurus'), 180, 950, 380, 191, 25, 21, 45, 30, 25.2, 54, 55.76, 27.59, 19.26, 0, 0, 5.69, 2.81, 1.96, 0, 0, 1.5, 1.2, 1.3, 1.35, 20, 0.75, 27.6, 3.23, 17.04, 6.52, 383801, 58896, 442697) ON CONFLICT (ship_id) DO NOTHING;
INSERT INTO ship_resistances (ship_id, armor_hp, dmg_mult_physical, dmg_mult_energy, dmg_mult_distortion, dmg_mult_thermal, dmg_mult_biochemical, dmg_mult_stun, sig_mult_cross_section, sig_mult_infrared, sig_mult_electromagnetic, pen_resist_base, pen_resist_physical, pen_resist_energy, pen_resist_distortion, base_em_signature, base_ir_signature, base_cs_signature, cross_section_x, cross_section_y, cross_section_z, em_total_shields, em_total_quantum, ir_total_shields, ir_total_quantum) VALUES ((SELECT id FROM ships WHERE reference = 'RSI_Constellation_Taurus'), 12600, 0.75, 0.6, 1, 1, 1, 1, 1, 1, 1, 1, 1, 1, 0, 39097, 10664, NULL, 16484, 4903, 37558, 39097, 71317, 10664, 10240) ON CONFLICT (ship_id) DO NOTHING;
INSERT INTO ship_fuel (ship_id, hydrogen_capacity, fuel_intake_rate, fuel_usage_main, fuel_usage_retro, fuel_usage_maneuvering, maneuvering_time_till_empty, intake_to_main_ratio, quantum_capacity, quantum_range, quantum_speed, quantum_spool_time, quantum_travel_time_po, quantum_fuel_usage_po, thrust_main, thrust_retro, thrust_maneuvering, power_generation, power_used_shields, power_used_quantum, cooling_generation, cooling_used_shields, cooling_used_quantum, shield_hp_total, shield_regen_total) VALUES ((SELECT id FROM ships WHERE reference = 'RSI_Constellation_Taurus'), 66000, 100, 235.94, 116.75, 68.94, 244.07, 0.42, 4100, 626911314985, 262000000, 6, 160, 274, 21400244, 10589812, 22062108, 24, 35.2, 30.2, 82, 50.2, 48.2, 90000, 5643) ON CONFLICT (ship_id) DO NOTHING;
INSERT INTO ship_insurance (ship_id, expedited_cost, expedited_claim_time, standard_claim_time) VALUES ((SELECT id FROM ships WHERE reference = 'RSI_Constellation_Taurus'), 9531, 5.7, 17.1) ON CONFLICT (ship_id) DO NOTHING;
INSERT INTO ship_flight_stats (ship_id, scm_speed, max_speed, boost_speed_forward, boost_speed_backward, pitch, yaw, roll, pitch_boosted, yaw_boosted, roll_boosted, accel_forward, accel_backward, accel_up, accel_down, accel_strafe, accel_forward_g, accel_backward_g, accel_up_g, accel_down_g, accel_strafe_g, boost_mult_forward, boost_mult_backward, boost_mult_up, boost_mult_strafe, boost_capacitor_max, boost_regen_per_sec, boost_regen_time, zero_to_scm, zero_to_max, scm_to_zero, mass_empty, mass_loadout, mass_total) VALUES ((SELECT id FROM ships WHERE reference = 'RSI_Constellation_Taurus_Military'), 180, 950, 380, 191, 25, 21, 45, 30, 25.2, 54, 55.76, 27.59, 19.26, 0, 0, 5.69, 2.81, 1.96, 0, 0, 1.5, 1.2, 1.3, 1.35, 20, 0.75, 27.6, 3.23, 17.04, 6.52, 383801, 57416, 441217) ON CONFLICT (ship_id) DO NOTHING;
INSERT INTO ship_resistances (ship_id, armor_hp, dmg_mult_physical, dmg_mult_energy, dmg_mult_distortion, dmg_mult_thermal, dmg_mult_biochemical, dmg_mult_stun, sig_mult_cross_section, sig_mult_infrared, sig_mult_electromagnetic, pen_resist_base, pen_resist_physical, pen_resist_energy, pen_resist_distortion, base_em_signature, base_ir_signature, base_cs_signature, cross_section_x, cross_section_y, cross_section_z, em_total_shields, em_total_quantum, ir_total_shields, ir_total_quantum) VALUES ((SELECT id FROM ships WHERE reference = 'RSI_Constellation_Taurus_Military'), 12600, 0.75, 0.6, 1, 1, 1, 1, 1, 1, 1, 1, 1, 1, 0, 39234, 10341, NULL, 16484, 4903, 37558, 39234, 63474, 10341, 9929) ON CONFLICT (ship_id) DO NOTHING;
INSERT INTO ship_fuel (ship_id, hydrogen_capacity, fuel_intake_rate, fuel_usage_main, fuel_usage_retro, fuel_usage_maneuvering, maneuvering_time_till_empty, intake_to_main_ratio, quantum_capacity, quantum_range, quantum_speed, quantum_spool_time, quantum_travel_time_po, quantum_fuel_usage_po, thrust_main, thrust_retro, thrust_maneuvering, power_generation, power_used_shields, power_used_quantum, cooling_generation, cooling_used_shields, cooling_used_quantum, shield_hp_total, shield_regen_total) VALUES ((SELECT id FROM ships WHERE reference = 'RSI_Constellation_Taurus_Military'), 66000, 100, 235.94, 116.75, 68.94, 244.07, 0.42, 4100, 170975813178, 324000000, 6, 129, 1005, 21400244, 10589812, 22062108, 26, 35.2, 30.2, 100, 50.2, 48.2, 132000, 9583) ON CONFLICT (ship_id) DO NOTHING;
INSERT INTO ship_insurance (ship_id, expedited_cost, expedited_claim_time, standard_claim_time) VALUES ((SELECT id FROM ships WHERE reference = 'RSI_Constellation_Taurus_Military'), 9531, 5.7, 17.1) ON CONFLICT (ship_id) DO NOTHING;
INSERT INTO ship_flight_stats (ship_id, scm_speed, max_speed, boost_speed_forward, boost_speed_backward, pitch, yaw, roll, pitch_boosted, yaw_boosted, roll_boosted, accel_forward, accel_backward, accel_up, accel_down, accel_strafe, accel_forward_g, accel_backward_g, accel_up_g, accel_down_g, accel_strafe_g, boost_mult_forward, boost_mult_backward, boost_mult_up, boost_mult_strafe, boost_capacitor_max, boost_regen_per_sec, boost_regen_time, zero_to_scm, zero_to_max, scm_to_zero, mass_empty, mass_loadout, mass_total) VALUES ((SELECT id FROM ships WHERE reference = 'RSI_Hermes'), 180, 1200, 370, 170, 26, 26, 60, 31.2, 31.2, 72, 40.33, 25.7, 10.28, 0, 0, 4.11, 2.62, 1.05, 0, 0, 1.4, 1.4, 1.4, 1.3, 20, 0.75, 27.6, 4.46, 29.75, 7, 630456, 32703, 663159) ON CONFLICT (ship_id) DO NOTHING;
INSERT INTO ship_resistances (ship_id, armor_hp, dmg_mult_physical, dmg_mult_energy, dmg_mult_distortion, dmg_mult_thermal, dmg_mult_biochemical, dmg_mult_stun, sig_mult_cross_section, sig_mult_infrared, sig_mult_electromagnetic, pen_resist_base, pen_resist_physical, pen_resist_energy, pen_resist_distortion, base_em_signature, base_ir_signature, base_cs_signature, cross_section_x, cross_section_y, cross_section_z, em_total_shields, em_total_quantum, ir_total_shields, ir_total_quantum) VALUES ((SELECT id FROM ships WHERE reference = 'RSI_Hermes'), 14850, 0.75, 0.6, 1, 1, 1, 1, 1, 1, 1, 1, 1, 1, 0, 26925, 7376, NULL, 11328, 4032, 25730, 26925, 47165, 7376, 6406) ON CONFLICT (ship_id) DO NOTHING;
INSERT INTO ship_fuel (ship_id, hydrogen_capacity, fuel_intake_rate, fuel_usage_main, fuel_usage_retro, fuel_usage_maneuvering, maneuvering_time_till_empty, intake_to_main_ratio, quantum_capacity, quantum_range, quantum_speed, quantum_spool_time, quantum_travel_time_po, quantum_fuel_usage_po, thrust_main, thrust_retro, thrust_maneuvering, power_generation, power_used_shields, power_used_quantum, cooling_generation, cooling_used_shields, cooling_used_quantum, shield_hp_total, shield_regen_total) VALUES ((SELECT id FROM ships WHERE reference = 'RSI_Hermes'), 70000, 18, 317.81, 202.5, 664.19, 107.71, 0.06, 4650, 426605504587, 201000000, 6, 209, 457, 25424766, 16200200, 53134944, 22, 29.6, 23.6, 68, 45.6, 39.6, 36000, 2257) ON CONFLICT (ship_id) DO NOTHING;
INSERT INTO ship_insurance (ship_id, expedited_cost, expedited_claim_time, standard_claim_time) VALUES ((SELECT id FROM ships WHERE reference = 'RSI_Hermes'), 8740, 2.8, 11.18) ON CONFLICT (ship_id) DO NOTHING;
INSERT INTO ship_flight_stats (ship_id, scm_speed, max_speed, boost_speed_forward, boost_speed_backward, pitch, yaw, roll, pitch_boosted, yaw_boosted, roll_boosted, accel_forward, accel_backward, accel_up, accel_down, accel_strafe, accel_forward_g, accel_backward_g, accel_up_g, accel_down_g, accel_strafe_g, boost_mult_forward, boost_mult_backward, boost_mult_up, boost_mult_strafe, boost_capacitor_max, boost_regen_per_sec, boost_regen_time, zero_to_scm, zero_to_max, scm_to_zero, mass_empty, mass_loadout, mass_total) VALUES ((SELECT id FROM ships WHERE reference = 'RSI_Lynx'), NULL, NULL, NULL, NULL, NULL, NULL, NULL, NULL, NULL, NULL, NULL, NULL, NULL, NULL, NULL, NULL, NULL, NULL, NULL, NULL, NULL, NULL, NULL, NULL, NULL, NULL, NULL, NULL, NULL, NULL, 45157, 690, 45847) ON CONFLICT (ship_id) DO NOTHING;
INSERT INTO ship_resistances (ship_id, armor_hp, dmg_mult_physical, dmg_mult_energy, dmg_mult_distortion, dmg_mult_thermal, dmg_mult_biochemical, dmg_mult_stun, sig_mult_cross_section, sig_mult_infrared, sig_mult_electromagnetic, pen_resist_base, pen_resist_physical, pen_resist_energy, pen_resist_distortion, base_em_signature, base_ir_signature, base_cs_signature, cross_section_x, cross_section_y, cross_section_z, em_total_shields, em_total_quantum, ir_total_shields, ir_total_quantum) VALUES ((SELECT id FROM ships WHERE reference = 'RSI_Lynx'), 1950, 0.6, 0.4, 1, 1, 1, 1, 1, 1, 1, 1, 1, 1, 0, 5437, 2251, NULL, 1145, 499, 1806, 5437, 5437, 2251, 2251) ON CONFLICT (ship_id) DO NOTHING;
INSERT INTO ship_fuel (ship_id, hydrogen_capacity, fuel_intake_rate, fuel_usage_main, fuel_usage_retro, fuel_usage_maneuvering, maneuvering_time_till_empty, intake_to_main_ratio, quantum_capacity, quantum_range, quantum_speed, quantum_spool_time, quantum_travel_time_po, quantum_fuel_usage_po, thrust_main, thrust_retro, thrust_maneuvering, power_generation, power_used_shields, power_used_quantum, cooling_generation, cooling_used_shields, cooling_used_quantum, shield_hp_total, shield_regen_total) VALUES ((SELECT id FROM ships WHERE reference = 'RSI_Lynx'), 0, 0, 0, 0, 0, NULL, NULL, NULL, NULL, NULL, NULL, NULL, NULL, 0, 0, 0, 10, 8.41, 8.41, 16, 14.408, 14.408, 900, 34) ON CONFLICT (ship_id) DO NOTHING;
INSERT INTO ship_insurance (ship_id, expedited_cost, expedited_claim_time, standard_claim_time) VALUES ((SELECT id FROM ships WHERE reference = 'RSI_Lynx'), 1080, 0.9, 2.7) ON CONFLICT (ship_id) DO NOTHING;
INSERT INTO ship_flight_stats (ship_id, scm_speed, max_speed, boost_speed_forward, boost_speed_backward, pitch, yaw, roll, pitch_boosted, yaw_boosted, roll_boosted, accel_forward, accel_backward, accel_up, accel_down, accel_strafe, accel_forward_g, accel_backward_g, accel_up_g, accel_down_g, accel_strafe_g, boost_mult_forward, boost_mult_backward, boost_mult_up, boost_mult_strafe, boost_capacitor_max, boost_regen_per_sec, boost_regen_time, zero_to_scm, zero_to_max, scm_to_zero, mass_empty, mass_loadout, mass_total) VALUES ((SELECT id FROM ships WHERE reference = 'RSI_Mantis'), 236, 1400, 605, 257, 50, 42, 160, 60, 50.4, 192, 150.27, 35.3, 0, 0, 0, 15.32, 3.6, 0, 0, 0, 1.67, 1.3, 1.35, 1.35, 20, 0.75, 27.1, 1.57, 9.32, 6.69, 224923, 8593, 233516) ON CONFLICT (ship_id) DO NOTHING;
INSERT INTO ship_resistances (ship_id, armor_hp, dmg_mult_physical, dmg_mult_energy, dmg_mult_distortion, dmg_mult_thermal, dmg_mult_biochemical, dmg_mult_stun, sig_mult_cross_section, sig_mult_infrared, sig_mult_electromagnetic, pen_resist_base, pen_resist_physical, pen_resist_energy, pen_resist_distortion, base_em_signature, base_ir_signature, base_cs_signature, cross_section_x, cross_section_y, cross_section_z, em_total_shields, em_total_quantum, ir_total_shields, ir_total_quantum) VALUES ((SELECT id FROM ships WHERE reference = 'RSI_Mantis'), 7200, 0.75, 0.6, 1, 1, 1, 1, 1, 1, 1, 1, 1, 1, 0, 39795, 9182, NULL, 6773, 3126, 12157, 39795, 56115, 9182, 7901) ON CONFLICT (ship_id) DO NOTHING;
INSERT INTO ship_fuel (ship_id, hydrogen_capacity, fuel_intake_rate, fuel_usage_main, fuel_usage_retro, fuel_usage_maneuvering, maneuvering_time_till_empty, intake_to_main_ratio, quantum_capacity, quantum_range, quantum_speed, quantum_spool_time, quantum_travel_time_po, quantum_fuel_usage_po, thrust_main, thrust_retro, thrust_maneuvering, power_generation, power_used_shields, power_used_quantum, cooling_generation, cooling_used_shields, cooling_used_quantum, shield_hp_total, shield_regen_total) VALUES ((SELECT id FROM ships WHERE reference = 'RSI_Mantis'), 31612.5, 0, 422.5, 99.25, 254, 57.53, 0, 1300, 69817400644, 190000000, 4, 221, 781, 33800000, 7940000, 20320000, 16, 28, 22, 68, 43, 37, 7920, 496) ON CONFLICT (ship_id) DO NOTHING;
INSERT INTO ship_insurance (ship_id, expedited_cost, expedited_claim_time, standard_claim_time) VALUES ((SELECT id FROM ships WHERE reference = 'RSI_Mantis'), 3374, 2.16, 6.48) ON CONFLICT (ship_id) DO NOTHING;
INSERT INTO ship_flight_stats (ship_id, scm_speed, max_speed, boost_speed_forward, boost_speed_backward, pitch, yaw, roll, pitch_boosted, yaw_boosted, roll_boosted, accel_forward, accel_backward, accel_up, accel_down, accel_strafe, accel_forward_g, accel_backward_g, accel_up_g, accel_down_g, accel_strafe_g, boost_mult_forward, boost_mult_backward, boost_mult_up, boost_mult_strafe, boost_capacitor_max, boost_regen_per_sec, boost_regen_time, zero_to_scm, zero_to_max, scm_to_zero, mass_empty, mass_loadout, mass_total) VALUES ((SELECT id FROM ships WHERE reference = 'RSI_Meteor'), 229, 1405, 570, 235, 46, 38, 155, 55.2, 45.6, 186, 156.67, 30.87, 0, 0, 0, 15.98, 3.15, 0, 0, 0, 1.67, 1.3, 1.35, 1.35, 20, 0.75, 27.1, 1.46, 8.97, 7.42, 238832, 12181, 251013) ON CONFLICT (ship_id) DO NOTHING;
INSERT INTO ship_resistances (ship_id, armor_hp, dmg_mult_physical, dmg_mult_energy, dmg_mult_distortion, dmg_mult_thermal, dmg_mult_biochemical, dmg_mult_stun, sig_mult_cross_section, sig_mult_infrared, sig_mult_electromagnetic, pen_resist_base, pen_resist_physical, pen_resist_energy, pen_resist_distortion, base_em_signature, base_ir_signature, base_cs_signature, cross_section_x, cross_section_y, cross_section_z, em_total_shields, em_total_quantum, ir_total_shields, ir_total_quantum) VALUES ((SELECT id FROM ships WHERE reference = 'RSI_Meteor'), 9000, 0.75, 0.95, 0.95, 1, 1, 1, 1, 1, 1, 1, 1, 1, 0, 22200, 8114, NULL, 7800, 3600, 14000, 22200, 38520, 8114, 6833) ON CONFLICT (ship_id) DO NOTHING;
INSERT INTO ship_fuel (ship_id, hydrogen_capacity, fuel_intake_rate, fuel_usage_main, fuel_usage_retro, fuel_usage_maneuvering, maneuvering_time_till_empty, intake_to_main_ratio, quantum_capacity, quantum_range, quantum_speed, quantum_spool_time, quantum_travel_time_po, quantum_fuel_usage_po, thrust_main, thrust_retro, thrust_maneuvering, power_generation, power_used_shields, power_used_quantum, cooling_generation, cooling_used_shields, cooling_used_quantum, shield_hp_total, shield_regen_total) VALUES ((SELECT id FROM ships WHERE reference = 'RSI_Meteor'), 28950, 0, 467.74, 92.17, 265, 48.23, 0, 1150, 61761546724, 190000000, 4, 221, 781, 37418920, 7373242, 21200000, 16, 26, 20, 68, 38, 32, 7920, 496) ON CONFLICT (ship_id) DO NOTHING;
INSERT INTO ship_insurance (ship_id, expedited_cost, expedited_claim_time, standard_claim_time) VALUES ((SELECT id FROM ships WHERE reference = 'RSI_Meteor'), 6750, 4.5, 13.5) ON CONFLICT (ship_id) DO NOTHING;
INSERT INTO ship_flight_stats (ship_id, scm_speed, max_speed, boost_speed_forward, boost_speed_backward, pitch, yaw, roll, pitch_boosted, yaw_boosted, roll_boosted, accel_forward, accel_backward, accel_up, accel_down, accel_strafe, accel_forward_g, accel_backward_g, accel_up_g, accel_down_g, accel_strafe_g, boost_mult_forward, boost_mult_backward, boost_mult_up, boost_mult_strafe, boost_capacitor_max, boost_regen_per_sec, boost_regen_time, zero_to_scm, zero_to_max, scm_to_zero, mass_empty, mass_loadout, mass_total) VALUES ((SELECT id FROM ships WHERE reference = 'RSI_Meteor_Collector_Military'), 229, 1405, 570, 235, 46, 38, 155, 55.2, 45.6, 186, 156.67, 30.87, 0, 0, 0, 15.98, 3.15, 0, 0, 0, 1.67, 1.3, 1.35, 1.35, 20, 0.75, 27.1, 1.46, 8.97, 7.42, 238832, 12781, 251613) ON CONFLICT (ship_id) DO NOTHING;
INSERT INTO ship_resistances (ship_id, armor_hp, dmg_mult_physical, dmg_mult_energy, dmg_mult_distortion, dmg_mult_thermal, dmg_mult_biochemical, dmg_mult_stun, sig_mult_cross_section, sig_mult_infrared, sig_mult_electromagnetic, pen_resist_base, pen_resist_physical, pen_resist_energy, pen_resist_distortion, base_em_signature, base_ir_signature, base_cs_signature, cross_section_x, cross_section_y, cross_section_z, em_total_shields, em_total_quantum, ir_total_shields, ir_total_quantum) VALUES ((SELECT id FROM ships WHERE reference = 'RSI_Meteor_Collector_Military'), 9000, 0.75, 0.95, 0.95, 1, 1, 1, 1, 1, 1, 1, 1, 1, 0, 22351, 8114, NULL, 7800, 3600, 14000, 22351, 38671, 8114, 6833) ON CONFLICT (ship_id) DO NOTHING;
INSERT INTO ship_fuel (ship_id, hydrogen_capacity, fuel_intake_rate, fuel_usage_main, fuel_usage_retro, fuel_usage_maneuvering, maneuvering_time_till_empty, intake_to_main_ratio, quantum_capacity, quantum_range, quantum_speed, quantum_spool_time, quantum_travel_time_po, quantum_fuel_usage_po, thrust_main, thrust_retro, thrust_maneuvering, power_generation, power_used_shields, power_used_quantum, cooling_generation, cooling_used_shields, cooling_used_quantum, shield_hp_total, shield_regen_total) VALUES ((SELECT id FROM ships WHERE reference = 'RSI_Meteor_Collector_Military'), 28950, 0, 467.74, 92.17, 265, 48.23, 0, 1150, 55879494655, 228000000, 4, 184, 863, 37418920, 7373242, 21200000, 16, 26, 20, 68, 38, 32, 7920, 523) ON CONFLICT (ship_id) DO NOTHING;
INSERT INTO ship_insurance (ship_id, expedited_cost, expedited_claim_time, standard_claim_time) VALUES ((SELECT id FROM ships WHERE reference = 'RSI_Meteor_Collector_Military'), 6750, 4.5, 13.5) ON CONFLICT (ship_id) DO NOTHING;
INSERT INTO ship_flight_stats (ship_id, scm_speed, max_speed, boost_speed_forward, boost_speed_backward, pitch, yaw, roll, pitch_boosted, yaw_boosted, roll_boosted, accel_forward, accel_backward, accel_up, accel_down, accel_strafe, accel_forward_g, accel_backward_g, accel_up_g, accel_down_g, accel_strafe_g, boost_mult_forward, boost_mult_backward, boost_mult_up, boost_mult_strafe, boost_capacitor_max, boost_regen_per_sec, boost_regen_time, zero_to_scm, zero_to_max, scm_to_zero, mass_empty, mass_loadout, mass_total) VALUES ((SELECT id FROM ships WHERE reference = 'RSI_Meteor_Collector_Stealth'), 229, 1405, 570, 235, 46, 38, 155, 55.2, 45.6, 186, 156.67, 30.87, 0, 0, 0, 15.98, 3.15, 0, 0, 0, 1.67, 1.3, 1.35, 1.35, 20, 0.75, 27.1, 1.46, 8.97, 7.42, 238832, 12177, 251009) ON CONFLICT (ship_id) DO NOTHING;
INSERT INTO ship_resistances (ship_id, armor_hp, dmg_mult_physical, dmg_mult_energy, dmg_mult_distortion, dmg_mult_thermal, dmg_mult_biochemical, dmg_mult_stun, sig_mult_cross_section, sig_mult_infrared, sig_mult_electromagnetic, pen_resist_base, pen_resist_physical, pen_resist_energy, pen_resist_distortion, base_em_signature, base_ir_signature, base_cs_signature, cross_section_x, cross_section_y, cross_section_z, em_total_shields, em_total_quantum, ir_total_shields, ir_total_quantum) VALUES ((SELECT id FROM ships WHERE reference = 'RSI_Meteor_Collector_Stealth'), 9000, 0.75, 0.95, 0.95, 1, 1, 1, 1, 1, 1, 1, 1, 1, 0, 9530, 2754, NULL, 7800, 3600, 14000, 9530, 16530, 2754, 2754) ON CONFLICT (ship_id) DO NOTHING;
INSERT INTO ship_fuel (ship_id, hydrogen_capacity, fuel_intake_rate, fuel_usage_main, fuel_usage_retro, fuel_usage_maneuvering, maneuvering_time_till_empty, intake_to_main_ratio, quantum_capacity, quantum_range, quantum_speed, quantum_spool_time, quantum_travel_time_po, quantum_fuel_usage_po, thrust_main, thrust_retro, thrust_maneuvering, power_generation, power_used_shields, power_used_quantum, cooling_generation, cooling_used_shields, cooling_used_quantum, shield_hp_total, shield_regen_total) VALUES ((SELECT id FROM ships WHERE reference = 'RSI_Meteor_Collector_Stealth'), 28950, 0, 467.74, 92.17, 265, 48.23, 0, 1150, 65192743764, 168000000, 4, 250, 740, 37418920, 7373242, 21200000, 14, 18, 16, 44, 26, 26, 5610, 408) ON CONFLICT (ship_id) DO NOTHING;
INSERT INTO ship_insurance (ship_id, expedited_cost, expedited_claim_time, standard_claim_time) VALUES ((SELECT id FROM ships WHERE reference = 'RSI_Meteor_Collector_Stealth'), 6750, 4.5, 13.5) ON CONFLICT (ship_id) DO NOTHING;
INSERT INTO ship_flight_stats (ship_id, scm_speed, max_speed, boost_speed_forward, boost_speed_backward, pitch, yaw, roll, pitch_boosted, yaw_boosted, roll_boosted, accel_forward, accel_backward, accel_up, accel_down, accel_strafe, accel_forward_g, accel_backward_g, accel_up_g, accel_down_g, accel_strafe_g, boost_mult_forward, boost_mult_backward, boost_mult_up, boost_mult_strafe, boost_capacitor_max, boost_regen_per_sec, boost_regen_time, zero_to_scm, zero_to_max, scm_to_zero, mass_empty, mass_loadout, mass_total) VALUES ((SELECT id FROM ships WHERE reference = 'RSI_Perseus'), 150, 1050, 350, 160, 15, 15, 25, 22.5, 22.5, 50, 55.96, 19.28, 5.25, 0, 0, 5.71, 1.97, 0.54, 0, 0, 1.5, 1.2, 1.3, 1.35, 20, 0.75, 27.8, 2.68, 18.76, 7.78, 4037000, 141195, 4178195) ON CONFLICT (ship_id) DO NOTHING;
INSERT INTO ship_resistances (ship_id, armor_hp, dmg_mult_physical, dmg_mult_energy, dmg_mult_distortion, dmg_mult_thermal, dmg_mult_biochemical, dmg_mult_stun, sig_mult_cross_section, sig_mult_infrared, sig_mult_electromagnetic, pen_resist_base, pen_resist_physical, pen_resist_energy, pen_resist_distortion, base_em_signature, base_ir_signature, base_cs_signature, cross_section_x, cross_section_y, cross_section_z, em_total_shields, em_total_quantum, ir_total_shields, ir_total_quantum) VALUES ((SELECT id FROM ships WHERE reference = 'RSI_Perseus'), 60840, 0.7, 0.5, 1, 1, 1, 1, 1, 1, 1, 1, 1, 1, 0, 49018, 13529, NULL, 8350, 11320, 35430, 49018, 78698, 13529, 11457) ON CONFLICT (ship_id) DO NOTHING;
INSERT INTO ship_fuel (ship_id, hydrogen_capacity, fuel_intake_rate, fuel_usage_main, fuel_usage_retro, fuel_usage_maneuvering, maneuvering_time_till_empty, intake_to_main_ratio, quantum_capacity, quantum_range, quantum_speed, quantum_spool_time, quantum_travel_time_po, quantum_fuel_usage_po, thrust_main, thrust_retro, thrust_maneuvering, power_generation, power_used_shields, power_used_quantum, cooling_generation, cooling_used_shields, cooling_used_quantum, shield_hp_total, shield_regen_total) VALUES ((SELECT id FROM ships WHERE reference = 'RSI_Perseus'), 400000, 0, 2823.92, 972.97, 4250.81, 80.82, 0, 7000, 57208237986, 282000000, 7, 149, 5130, 225913800, 77837960, 340064640, 30, 44.31, 34.31, 112, 65.312, 55.312, 264000, 16553) ON CONFLICT (ship_id) DO NOTHING;
INSERT INTO ship_insurance (ship_id, expedited_cost, expedited_claim_time, standard_claim_time) VALUES ((SELECT id FROM ships WHERE reference = 'RSI_Perseus'), 24850, 9.5, 38) ON CONFLICT (ship_id) DO NOTHING;
INSERT INTO ship_flight_stats (ship_id, scm_speed, max_speed, boost_speed_forward, boost_speed_backward, pitch, yaw, roll, pitch_boosted, yaw_boosted, roll_boosted, accel_forward, accel_backward, accel_up, accel_down, accel_strafe, accel_forward_g, accel_backward_g, accel_up_g, accel_down_g, accel_strafe_g, boost_mult_forward, boost_mult_backward, boost_mult_up, boost_mult_strafe, boost_capacitor_max, boost_regen_per_sec, boost_regen_time, zero_to_scm, zero_to_max, scm_to_zero, mass_empty, mass_loadout, mass_total) VALUES ((SELECT id FROM ships WHERE reference = 'RSI_Polaris'), 145, 940, 250, 155, 10, 8, 14, 15, 12, 28, 29.08, 15.92, 5.24, 0, 0, 2.97, 1.62, 0.53, 0, 0, 1.5, 1.2, 1.3, 1.35, 20, 0.75, 28, 4.99, 32.32, 9.11, 10427000, 686572, 11113572) ON CONFLICT (ship_id) DO NOTHING;
INSERT INTO ship_resistances (ship_id, armor_hp, dmg_mult_physical, dmg_mult_energy, dmg_mult_distortion, dmg_mult_thermal, dmg_mult_biochemical, dmg_mult_stun, sig_mult_cross_section, sig_mult_infrared, sig_mult_electromagnetic, pen_resist_base, pen_resist_physical, pen_resist_energy, pen_resist_distortion, base_em_signature, base_ir_signature, base_cs_signature, cross_section_x, cross_section_y, cross_section_z, em_total_shields, em_total_quantum, ir_total_shields, ir_total_quantum) VALUES ((SELECT id FROM ships WHERE reference = 'RSI_Polaris'), 61200, 0.75, 0.6, 1, 1, 1, 1, 0.8, 0.8, 0.8, 1, 1, 1, 0, 27031, 10661, NULL, 26000, 12300, 53000, 27031, 53455, 10661, 10060) ON CONFLICT (ship_id) DO NOTHING;
INSERT INTO ship_fuel (ship_id, hydrogen_capacity, fuel_intake_rate, fuel_usage_main, fuel_usage_retro, fuel_usage_maneuvering, maneuvering_time_till_empty, intake_to_main_ratio, quantum_capacity, quantum_range, quantum_speed, quantum_spool_time, quantum_travel_time_po, quantum_fuel_usage_po, thrust_main, thrust_retro, thrust_maneuvering, power_generation, power_used_shields, power_used_quantum, cooling_generation, cooling_used_shields, cooling_used_quantum, shield_hp_total, shield_regen_total) VALUES ((SELECT id FROM ships WHERE reference = 'RSI_Polaris'), 1100000, 15, 947.5, 518.66, 1040.63, 749.41, 0.02, 12600, 254093732355, 344000000, 7, 122, 2079, 303200000, 165971100, 333000000, 27, 48, 42, 65, 71, 67, 810000, 23522) ON CONFLICT (ship_id) DO NOTHING;
INSERT INTO ship_insurance (ship_id, expedited_cost, expedited_claim_time, standard_claim_time) VALUES ((SELECT id FROM ships WHERE reference = 'RSI_Polaris'), 44030, 18.96, 75.83) ON CONFLICT (ship_id) DO NOTHING;
INSERT INTO ship_flight_stats (ship_id, scm_speed, max_speed, boost_speed_forward, boost_speed_backward, pitch, yaw, roll, pitch_boosted, yaw_boosted, roll_boosted, accel_forward, accel_backward, accel_up, accel_down, accel_strafe, accel_forward_g, accel_backward_g, accel_up_g, accel_down_g, accel_strafe_g, boost_mult_forward, boost_mult_backward, boost_mult_up, boost_mult_strafe, boost_capacitor_max, boost_regen_per_sec, boost_regen_time, zero_to_scm, zero_to_max, scm_to_zero, mass_empty, mass_loadout, mass_total) VALUES ((SELECT id FROM ships WHERE reference = 'RSI_Polaris_Collector_Military'), 145, 940, 250, 155, 10, 8, 14, 15, 12, 28, 29.08, 15.92, 5.24, 0, 0, 2.97, 1.62, 0.53, 0, 0, 1.5, 1.2, 1.3, 1.35, 20, 0.75, 28, 4.99, 32.32, 9.11, 10427000, 686572, 11113572) ON CONFLICT (ship_id) DO NOTHING;
INSERT INTO ship_resistances (ship_id, armor_hp, dmg_mult_physical, dmg_mult_energy, dmg_mult_distortion, dmg_mult_thermal, dmg_mult_biochemical, dmg_mult_stun, sig_mult_cross_section, sig_mult_infrared, sig_mult_electromagnetic, pen_resist_base, pen_resist_physical, pen_resist_energy, pen_resist_distortion, base_em_signature, base_ir_signature, base_cs_signature, cross_section_x, cross_section_y, cross_section_z, em_total_shields, em_total_quantum, ir_total_shields, ir_total_quantum) VALUES ((SELECT id FROM ships WHERE reference = 'RSI_Polaris_Collector_Military'), 61200, 0.75, 0.6, 1, 1, 1, 1, 0.8, 0.8, 0.8, 1, 1, 1, 0, 27031, 10661, NULL, 26000, 12300, 53000, 27031, 53455, 10661, 10060) ON CONFLICT (ship_id) DO NOTHING;
INSERT INTO ship_fuel (ship_id, hydrogen_capacity, fuel_intake_rate, fuel_usage_main, fuel_usage_retro, fuel_usage_maneuvering, maneuvering_time_till_empty, intake_to_main_ratio, quantum_capacity, quantum_range, quantum_speed, quantum_spool_time, quantum_travel_time_po, quantum_fuel_usage_po, thrust_main, thrust_retro, thrust_maneuvering, power_generation, power_used_shields, power_used_quantum, cooling_generation, cooling_used_shields, cooling_used_quantum, shield_hp_total, shield_regen_total) VALUES ((SELECT id FROM ships WHERE reference = 'RSI_Polaris_Collector_Military'), 1100000, 15, 947.5, 518.66, 1040.63, 749.41, 0.02, 12600, 254093732355, 344000000, 7, 122, 2079, 303200000, 165971100, 333000000, 27, 48, 42, 65, 71, 67, 810000, 23522) ON CONFLICT (ship_id) DO NOTHING;
INSERT INTO ship_insurance (ship_id, expedited_cost, expedited_claim_time, standard_claim_time) VALUES ((SELECT id FROM ships WHERE reference = 'RSI_Polaris_Collector_Military'), 44030, 18.96, 75.83) ON CONFLICT (ship_id) DO NOTHING;
INSERT INTO ship_flight_stats (ship_id, scm_speed, max_speed, boost_speed_forward, boost_speed_backward, pitch, yaw, roll, pitch_boosted, yaw_boosted, roll_boosted, accel_forward, accel_backward, accel_up, accel_down, accel_strafe, accel_forward_g, accel_backward_g, accel_up_g, accel_down_g, accel_strafe_g, boost_mult_forward, boost_mult_backward, boost_mult_up, boost_mult_strafe, boost_capacitor_max, boost_regen_per_sec, boost_regen_time, zero_to_scm, zero_to_max, scm_to_zero, mass_empty, mass_loadout, mass_total) VALUES ((SELECT id FROM ships WHERE reference = 'RSI_Salvation'), 205, 1150, 290, 230, 45, 45, 140, 54, 54, 168, 85.69, 43.36, 0, 0, 0, 8.74, 4.42, 0, 0, 0, 1.55, 1.4, 1.3, 1.3, 20, 0.75, 27.4, 2.39, 13.42, 4.73, 62245, 8240, 70485) ON CONFLICT (ship_id) DO NOTHING;
INSERT INTO ship_resistances (ship_id, armor_hp, dmg_mult_physical, dmg_mult_energy, dmg_mult_distortion, dmg_mult_thermal, dmg_mult_biochemical, dmg_mult_stun, sig_mult_cross_section, sig_mult_infrared, sig_mult_electromagnetic, pen_resist_base, pen_resist_physical, pen_resist_energy, pen_resist_distortion, base_em_signature, base_ir_signature, base_cs_signature, cross_section_x, cross_section_y, cross_section_z, em_total_shields, em_total_quantum, ir_total_shields, ir_total_quantum) VALUES ((SELECT id FROM ships WHERE reference = 'RSI_Salvation'), 5610, 0.7, 0.5, 1, 1, 1, 1, 1, 1, 1, 1, 1, 1, 0, 17735, 7326, NULL, 5936, 1668, 7343, 17735, 39555, 7326, 6101) ON CONFLICT (ship_id) DO NOTHING;
INSERT INTO ship_fuel (ship_id, hydrogen_capacity, fuel_intake_rate, fuel_usage_main, fuel_usage_retro, fuel_usage_maneuvering, maneuvering_time_till_empty, intake_to_main_ratio, quantum_capacity, quantum_range, quantum_speed, quantum_spool_time, quantum_travel_time_po, quantum_fuel_usage_po, thrust_main, thrust_retro, thrust_maneuvering, power_generation, power_used_shields, power_used_quantum, cooling_generation, cooling_used_shields, cooling_used_quantum, shield_hp_total, shield_regen_total) VALUES ((SELECT id FROM ships WHERE reference = 'RSI_Salvation'), 25000, 15, 66.67, 33.74, 218.82, 141.98, 0.22, 1000, 182215743440, 257000000, 4, 163, 230, 5333708, 2698840.4, 17505526, 15, 21.9, 15.9, 32, 35.9, 29.9, 5400, 339) ON CONFLICT (ship_id) DO NOTHING;
INSERT INTO ship_insurance (ship_id, expedited_cost, expedited_claim_time, standard_claim_time) VALUES ((SELECT id FROM ships WHERE reference = 'RSI_Salvation'), 5620, 1.5, 6) ON CONFLICT (ship_id) DO NOTHING;
INSERT INTO ship_flight_stats (ship_id, scm_speed, max_speed, boost_speed_forward, boost_speed_backward, pitch, yaw, roll, pitch_boosted, yaw_boosted, roll_boosted, accel_forward, accel_backward, accel_up, accel_down, accel_strafe, accel_forward_g, accel_backward_g, accel_up_g, accel_down_g, accel_strafe_g, boost_mult_forward, boost_mult_backward, boost_mult_up, boost_mult_strafe, boost_capacitor_max, boost_regen_per_sec, boost_regen_time, zero_to_scm, zero_to_max, scm_to_zero, mass_empty, mass_loadout, mass_total) VALUES ((SELECT id FROM ships WHERE reference = 'RSI_Scorpius'), 230, 1385, 590, 235, 42, 34, 145, 50.4, 40.8, 174, 166.19, 43.73, 0, 0, 0, 16.95, 4.46, 0, 0, 0, 1.65, 1.3, 1.3, 1.35, 20, 0.75, 27.3, 1.38, 8.33, 5.26, 91462, 13591, 105053) ON CONFLICT (ship_id) DO NOTHING;
INSERT INTO ship_resistances (ship_id, armor_hp, dmg_mult_physical, dmg_mult_energy, dmg_mult_distortion, dmg_mult_thermal, dmg_mult_biochemical, dmg_mult_stun, sig_mult_cross_section, sig_mult_infrared, sig_mult_electromagnetic, pen_resist_base, pen_resist_physical, pen_resist_energy, pen_resist_distortion, base_em_signature, base_ir_signature, base_cs_signature, cross_section_x, cross_section_y, cross_section_z, em_total_shields, em_total_quantum, ir_total_shields, ir_total_quantum) VALUES ((SELECT id FROM ships WHERE reference = 'RSI_Scorpius'), 10800, 0.75, 0.6, 1, 1, 1, 1, 1, 1, 1, 1, 1, 1, 0, 28043, 6833, NULL, 6645, 2990, 13591, 28043, 44393, 6833, 5979) ON CONFLICT (ship_id) DO NOTHING;
INSERT INTO ship_fuel (ship_id, hydrogen_capacity, fuel_intake_rate, fuel_usage_main, fuel_usage_retro, fuel_usage_maneuvering, maneuvering_time_till_empty, intake_to_main_ratio, quantum_capacity, quantum_range, quantum_speed, quantum_spool_time, quantum_travel_time_po, quantum_fuel_usage_po, thrust_main, thrust_retro, thrust_maneuvering, power_generation, power_used_shields, power_used_quantum, cooling_generation, cooling_used_shields, cooling_used_quantum, shield_hp_total, shield_regen_total) VALUES ((SELECT id FROM ships WHERE reference = 'RSI_Scorpius'), 13500, 0, 99.62, 19.36, 31.25, 117.14, 0, 1800, 197498354180, 165000000, 4, 254, 382, 15200000, 4000000, 10000000, 18, 24, 20, 68, 32, 28, 13200, 828) ON CONFLICT (ship_id) DO NOTHING;
INSERT INTO ship_insurance (ship_id, expedited_cost, expedited_claim_time, standard_claim_time) VALUES ((SELECT id FROM ships WHERE reference = 'RSI_Scorpius'), 3800, 2.53125, 7.59375) ON CONFLICT (ship_id) DO NOTHING;
INSERT INTO ship_flight_stats (ship_id, scm_speed, max_speed, boost_speed_forward, boost_speed_backward, pitch, yaw, roll, pitch_boosted, yaw_boosted, roll_boosted, accel_forward, accel_backward, accel_up, accel_down, accel_strafe, accel_forward_g, accel_backward_g, accel_up_g, accel_down_g, accel_strafe_g, boost_mult_forward, boost_mult_backward, boost_mult_up, boost_mult_strafe, boost_capacitor_max, boost_regen_per_sec, boost_regen_time, zero_to_scm, zero_to_max, scm_to_zero, mass_empty, mass_loadout, mass_total) VALUES ((SELECT id FROM ships WHERE reference = 'RSI_Scorpius_Antares'), 230, 1385, 590, 235, 42, 34, 145, 50.4, 40.8, 174, 166.19, 43.73, 0, 0, 0, 16.95, 4.46, 0, 0, 0, 1.65, 1.3, 1.3, 1.35, 20, 0.75, 27.3, 1.38, 8.33, 5.26, 91462, 16721, 108183) ON CONFLICT (ship_id) DO NOTHING;
INSERT INTO ship_resistances (ship_id, armor_hp, dmg_mult_physical, dmg_mult_energy, dmg_mult_distortion, dmg_mult_thermal, dmg_mult_biochemical, dmg_mult_stun, sig_mult_cross_section, sig_mult_infrared, sig_mult_electromagnetic, pen_resist_base, pen_resist_physical, pen_resist_energy, pen_resist_distortion, base_em_signature, base_ir_signature, base_cs_signature, cross_section_x, cross_section_y, cross_section_z, em_total_shields, em_total_quantum, ir_total_shields, ir_total_quantum) VALUES ((SELECT id FROM ships WHERE reference = 'RSI_Scorpius_Antares'), 10800, 0.75, 0.6, 1, 1, 1, 1, 1, 1, 1, 1, 1, 1, 0, 35209, 7687, NULL, 6647, 2991, 13597, 35209, 51559, 7687, 6833) ON CONFLICT (ship_id) DO NOTHING;
INSERT INTO ship_fuel (ship_id, hydrogen_capacity, fuel_intake_rate, fuel_usage_main, fuel_usage_retro, fuel_usage_maneuvering, maneuvering_time_till_empty, intake_to_main_ratio, quantum_capacity, quantum_range, quantum_speed, quantum_spool_time, quantum_travel_time_po, quantum_fuel_usage_po, thrust_main, thrust_retro, thrust_maneuvering, power_generation, power_used_shields, power_used_quantum, cooling_generation, cooling_used_shields, cooling_used_quantum, shield_hp_total, shield_regen_total) VALUES ((SELECT id FROM ships WHERE reference = 'RSI_Scorpius_Antares'), 13500, 0, 99.62, 19.36, 31.25, 117.14, 0, 1800, 197498354180, 165000000, 4, 254, 382, 15200000, 4000000, 10000000, 21, 25, 21, 68, 36, 32, 13200, 828) ON CONFLICT (ship_id) DO NOTHING;
INSERT INTO ship_insurance (ship_id, expedited_cost, expedited_claim_time, standard_claim_time) VALUES ((SELECT id FROM ships WHERE reference = 'RSI_Scorpius_Antares'), 3800, 2.53125, 7.59375) ON CONFLICT (ship_id) DO NOTHING;
INSERT INTO ship_flight_stats (ship_id, scm_speed, max_speed, boost_speed_forward, boost_speed_backward, pitch, yaw, roll, pitch_boosted, yaw_boosted, roll_boosted, accel_forward, accel_backward, accel_up, accel_down, accel_strafe, accel_forward_g, accel_backward_g, accel_up_g, accel_down_g, accel_strafe_g, boost_mult_forward, boost_mult_backward, boost_mult_up, boost_mult_strafe, boost_capacitor_max, boost_regen_per_sec, boost_regen_time, zero_to_scm, zero_to_max, scm_to_zero, mass_empty, mass_loadout, mass_total) VALUES ((SELECT id FROM ships WHERE reference = 'RSI_Scorpius_Stealth'), 230, 1385, 590, 235, 42, 34, 145, 50.4, 40.8, 174, 166.19, 43.73, 0, 0, 0, 16.95, 4.46, 0, 0, 0, 1.65, 1.3, 1.3, 1.35, 20, 0.75, 27.3, 1.38, 8.33, 5.26, 91462, 12700, 104162) ON CONFLICT (ship_id) DO NOTHING;
INSERT INTO ship_resistances (ship_id, armor_hp, dmg_mult_physical, dmg_mult_energy, dmg_mult_distortion, dmg_mult_thermal, dmg_mult_biochemical, dmg_mult_stun, sig_mult_cross_section, sig_mult_infrared, sig_mult_electromagnetic, pen_resist_base, pen_resist_physical, pen_resist_energy, pen_resist_distortion, base_em_signature, base_ir_signature, base_cs_signature, cross_section_x, cross_section_y, cross_section_z, em_total_shields, em_total_quantum, ir_total_shields, ir_total_quantum) VALUES ((SELECT id FROM ships WHERE reference = 'RSI_Scorpius_Stealth'), 10800, 0.75, 0.6, 1, 1, 1, 1, 1, 1, 1, 1, 1, 1, 0, 11168, 2570, NULL, 6645, 2990, 13591, 11168, 18168, 2570, 2570) ON CONFLICT (ship_id) DO NOTHING;
INSERT INTO ship_fuel (ship_id, hydrogen_capacity, fuel_intake_rate, fuel_usage_main, fuel_usage_retro, fuel_usage_maneuvering, maneuvering_time_till_empty, intake_to_main_ratio, quantum_capacity, quantum_range, quantum_speed, quantum_spool_time, quantum_travel_time_po, quantum_fuel_usage_po, thrust_main, thrust_retro, thrust_maneuvering, power_generation, power_used_shields, power_used_quantum, cooling_generation, cooling_used_shields, cooling_used_quantum, shield_hp_total, shield_regen_total) VALUES ((SELECT id FROM ships WHERE reference = 'RSI_Scorpius_Stealth'), 13500, 0, 99.62, 19.36, 31.25, 117.14, 0, 1800, 96670247046, 196000000, 4, 214, 781, 15200000, 4000000, 10000000, 16, 18, 16, 48, 24, 24, 9350, 679) ON CONFLICT (ship_id) DO NOTHING;
INSERT INTO ship_insurance (ship_id, expedited_cost, expedited_claim_time, standard_claim_time) VALUES ((SELECT id FROM ships WHERE reference = 'RSI_Scorpius_Stealth'), 3800, 2.53125, 7.59375) ON CONFLICT (ship_id) DO NOTHING;
INSERT INTO ship_flight_stats (ship_id, scm_speed, max_speed, boost_speed_forward, boost_speed_backward, pitch, yaw, roll, pitch_boosted, yaw_boosted, roll_boosted, accel_forward, accel_backward, accel_up, accel_down, accel_strafe, accel_forward_g, accel_backward_g, accel_up_g, accel_down_g, accel_strafe_g, boost_mult_forward, boost_mult_backward, boost_mult_up, boost_mult_strafe, boost_capacitor_max, boost_regen_per_sec, boost_regen_time, zero_to_scm, zero_to_max, scm_to_zero, mass_empty, mass_loadout, mass_total) VALUES ((SELECT id FROM ships WHERE reference = 'RSI_Ursa_Medivac'), NULL, NULL, NULL, NULL, NULL, NULL, NULL, NULL, NULL, NULL, NULL, NULL, NULL, NULL, NULL, NULL, NULL, NULL, NULL, NULL, NULL, NULL, NULL, NULL, NULL, NULL, NULL, NULL, NULL, NULL, 51052, 449, 51501) ON CONFLICT (ship_id) DO NOTHING;
INSERT INTO ship_resistances (ship_id, armor_hp, dmg_mult_physical, dmg_mult_energy, dmg_mult_distortion, dmg_mult_thermal, dmg_mult_biochemical, dmg_mult_stun, sig_mult_cross_section, sig_mult_infrared, sig_mult_electromagnetic, pen_resist_base, pen_resist_physical, pen_resist_energy, pen_resist_distortion, base_em_signature, base_ir_signature, base_cs_signature, cross_section_x, cross_section_y, cross_section_z, em_total_shields, em_total_quantum, ir_total_shields, ir_total_quantum) VALUES ((SELECT id FROM ships WHERE reference = 'RSI_Ursa_Medivac'), 1950, 0.75, 0.6, 1, 1, 1, 1, 1, 1, 1, 1, 1, 1, 0, 4855, 2172, NULL, 1520, 1787, 593, 4855, 4855, 2172, 2172) ON CONFLICT (ship_id) DO NOTHING;
INSERT INTO ship_fuel (ship_id, hydrogen_capacity, fuel_intake_rate, fuel_usage_main, fuel_usage_retro, fuel_usage_maneuvering, maneuvering_time_till_empty, intake_to_main_ratio, quantum_capacity, quantum_range, quantum_speed, quantum_spool_time, quantum_travel_time_po, quantum_fuel_usage_po, thrust_main, thrust_retro, thrust_maneuvering, power_generation, power_used_shields, power_used_quantum, cooling_generation, cooling_used_shields, cooling_used_quantum, shield_hp_total, shield_regen_total) VALUES ((SELECT id FROM ships WHERE reference = 'RSI_Ursa_Medivac'), 0, 0, 0, 0, 0, NULL, NULL, NULL, NULL, NULL, NULL, NULL, NULL, 0, 0, 0, 10, 7.9, 7.9, 16, 13.9, 13.9, 900, 34) ON CONFLICT (ship_id) DO NOTHING;
INSERT INTO ship_insurance (ship_id, expedited_cost, expedited_claim_time, standard_claim_time) VALUES ((SELECT id FROM ships WHERE reference = 'RSI_Ursa_Medivac'), 1015, 0.84, 2.53) ON CONFLICT (ship_id) DO NOTHING;
INSERT INTO ship_flight_stats (ship_id, scm_speed, max_speed, boost_speed_forward, boost_speed_backward, pitch, yaw, roll, pitch_boosted, yaw_boosted, roll_boosted, accel_forward, accel_backward, accel_up, accel_down, accel_strafe, accel_forward_g, accel_backward_g, accel_up_g, accel_down_g, accel_strafe_g, boost_mult_forward, boost_mult_backward, boost_mult_up, boost_mult_strafe, boost_capacitor_max, boost_regen_per_sec, boost_regen_time, zero_to_scm, zero_to_max, scm_to_zero, mass_empty, mass_loadout, mass_total) VALUES ((SELECT id FROM ships WHERE reference = 'RSI_Ursa_Medivac_Stealth'), NULL, NULL, NULL, NULL, NULL, NULL, NULL, NULL, NULL, NULL, NULL, NULL, NULL, NULL, NULL, NULL, NULL, NULL, NULL, NULL, NULL, NULL, NULL, NULL, NULL, NULL, NULL, NULL, NULL, NULL, 51052, 579, 51631) ON CONFLICT (ship_id) DO NOTHING;
INSERT INTO ship_resistances (ship_id, armor_hp, dmg_mult_physical, dmg_mult_energy, dmg_mult_distortion, dmg_mult_thermal, dmg_mult_biochemical, dmg_mult_stun, sig_mult_cross_section, sig_mult_infrared, sig_mult_electromagnetic, pen_resist_base, pen_resist_physical, pen_resist_energy, pen_resist_distortion, base_em_signature, base_ir_signature, base_cs_signature, cross_section_x, cross_section_y, cross_section_z, em_total_shields, em_total_quantum, ir_total_shields, ir_total_quantum) VALUES ((SELECT id FROM ships WHERE reference = 'RSI_Ursa_Medivac_Stealth'), 1950, 0.75, 0.6, 1, 1, 1, 1, 1, 1, 1, 1, 1, 1, 0, 5154, 2172, NULL, 1520, 1787, 593, 5154, 5154, 2172, 2172) ON CONFLICT (ship_id) DO NOTHING;
INSERT INTO ship_fuel (ship_id, hydrogen_capacity, fuel_intake_rate, fuel_usage_main, fuel_usage_retro, fuel_usage_maneuvering, maneuvering_time_till_empty, intake_to_main_ratio, quantum_capacity, quantum_range, quantum_speed, quantum_spool_time, quantum_travel_time_po, quantum_fuel_usage_po, thrust_main, thrust_retro, thrust_maneuvering, power_generation, power_used_shields, power_used_quantum, cooling_generation, cooling_used_shields, cooling_used_quantum, shield_hp_total, shield_regen_total) VALUES ((SELECT id FROM ships WHERE reference = 'RSI_Ursa_Medivac_Stealth'), 0, 0, 0, 0, 0, NULL, NULL, NULL, NULL, NULL, NULL, NULL, NULL, 0, 0, 0, 14, 7.9, 7.9, 16, 13.9, 13.9, 900, 34) ON CONFLICT (ship_id) DO NOTHING;
INSERT INTO ship_insurance (ship_id, expedited_cost, expedited_claim_time, standard_claim_time) VALUES ((SELECT id FROM ships WHERE reference = 'RSI_Ursa_Medivac_Stealth'), 1015, 0.84, 2.53) ON CONFLICT (ship_id) DO NOTHING;
INSERT INTO ship_flight_stats (ship_id, scm_speed, max_speed, boost_speed_forward, boost_speed_backward, pitch, yaw, roll, pitch_boosted, yaw_boosted, roll_boosted, accel_forward, accel_backward, accel_up, accel_down, accel_strafe, accel_forward_g, accel_backward_g, accel_up_g, accel_down_g, accel_strafe_g, boost_mult_forward, boost_mult_backward, boost_mult_up, boost_mult_strafe, boost_capacitor_max, boost_regen_per_sec, boost_regen_time, zero_to_scm, zero_to_max, scm_to_zero, mass_empty, mass_loadout, mass_total) VALUES ((SELECT id FROM ships WHERE reference = 'RSI_Ursa_Rover'), NULL, NULL, NULL, NULL, NULL, NULL, NULL, NULL, NULL, NULL, NULL, NULL, NULL, NULL, NULL, NULL, NULL, NULL, NULL, NULL, NULL, NULL, NULL, NULL, NULL, NULL, NULL, NULL, NULL, NULL, 50357, 449, 50806) ON CONFLICT (ship_id) DO NOTHING;
INSERT INTO ship_resistances (ship_id, armor_hp, dmg_mult_physical, dmg_mult_energy, dmg_mult_distortion, dmg_mult_thermal, dmg_mult_biochemical, dmg_mult_stun, sig_mult_cross_section, sig_mult_infrared, sig_mult_electromagnetic, pen_resist_base, pen_resist_physical, pen_resist_energy, pen_resist_distortion, base_em_signature, base_ir_signature, base_cs_signature, cross_section_x, cross_section_y, cross_section_z, em_total_shields, em_total_quantum, ir_total_shields, ir_total_quantum) VALUES ((SELECT id FROM ships WHERE reference = 'RSI_Ursa_Rover'), 1950, 0.75, 0.6, 1, 1, 1, 1, 1, 1, 1, 1, 1, 1, 0, 4855, 2172, NULL, 1520, 1787, 593, 4855, 4855, 2172, 2172) ON CONFLICT (ship_id) DO NOTHING;
INSERT INTO ship_fuel (ship_id, hydrogen_capacity, fuel_intake_rate, fuel_usage_main, fuel_usage_retro, fuel_usage_maneuvering, maneuvering_time_till_empty, intake_to_main_ratio, quantum_capacity, quantum_range, quantum_speed, quantum_spool_time, quantum_travel_time_po, quantum_fuel_usage_po, thrust_main, thrust_retro, thrust_maneuvering, power_generation, power_used_shields, power_used_quantum, cooling_generation, cooling_used_shields, cooling_used_quantum, shield_hp_total, shield_regen_total) VALUES ((SELECT id FROM ships WHERE reference = 'RSI_Ursa_Rover'), 0, 0, 0, 0, 0, NULL, NULL, NULL, NULL, NULL, NULL, NULL, NULL, 0, 0, 0, 10, 7.9, 7.9, 16, 13.9, 13.9, 900, 34) ON CONFLICT (ship_id) DO NOTHING;
INSERT INTO ship_insurance (ship_id, expedited_cost, expedited_claim_time, standard_claim_time) VALUES ((SELECT id FROM ships WHERE reference = 'RSI_Ursa_Rover'), 1015, 0.84, 2.53) ON CONFLICT (ship_id) DO NOTHING;
INSERT INTO ship_flight_stats (ship_id, scm_speed, max_speed, boost_speed_forward, boost_speed_backward, pitch, yaw, roll, pitch_boosted, yaw_boosted, roll_boosted, accel_forward, accel_backward, accel_up, accel_down, accel_strafe, accel_forward_g, accel_backward_g, accel_up_g, accel_down_g, accel_strafe_g, boost_mult_forward, boost_mult_backward, boost_mult_up, boost_mult_strafe, boost_capacitor_max, boost_regen_per_sec, boost_regen_time, zero_to_scm, zero_to_max, scm_to_zero, mass_empty, mass_loadout, mass_total) VALUES ((SELECT id FROM ships WHERE reference = 'RSI_Ursa_Rover_Emerald'), NULL, NULL, NULL, NULL, NULL, NULL, NULL, NULL, NULL, NULL, NULL, NULL, NULL, NULL, NULL, NULL, NULL, NULL, NULL, NULL, NULL, NULL, NULL, NULL, NULL, NULL, NULL, NULL, NULL, NULL, 50357, 449, 50806) ON CONFLICT (ship_id) DO NOTHING;
INSERT INTO ship_resistances (ship_id, armor_hp, dmg_mult_physical, dmg_mult_energy, dmg_mult_distortion, dmg_mult_thermal, dmg_mult_biochemical, dmg_mult_stun, sig_mult_cross_section, sig_mult_infrared, sig_mult_electromagnetic, pen_resist_base, pen_resist_physical, pen_resist_energy, pen_resist_distortion, base_em_signature, base_ir_signature, base_cs_signature, cross_section_x, cross_section_y, cross_section_z, em_total_shields, em_total_quantum, ir_total_shields, ir_total_quantum) VALUES ((SELECT id FROM ships WHERE reference = 'RSI_Ursa_Rover_Emerald'), 1950, 0.75, 0.6, 1, 1, 1, 1, 1, 1, 1, 1, 1, 1, 0, 4855, 2172, NULL, 1520, 1787, 593, 4855, 4855, 2172, 2172) ON CONFLICT (ship_id) DO NOTHING;
INSERT INTO ship_fuel (ship_id, hydrogen_capacity, fuel_intake_rate, fuel_usage_main, fuel_usage_retro, fuel_usage_maneuvering, maneuvering_time_till_empty, intake_to_main_ratio, quantum_capacity, quantum_range, quantum_speed, quantum_spool_time, quantum_travel_time_po, quantum_fuel_usage_po, thrust_main, thrust_retro, thrust_maneuvering, power_generation, power_used_shields, power_used_quantum, cooling_generation, cooling_used_shields, cooling_used_quantum, shield_hp_total, shield_regen_total) VALUES ((SELECT id FROM ships WHERE reference = 'RSI_Ursa_Rover_Emerald'), 0, 0, 0, 0, 0, NULL, NULL, NULL, NULL, NULL, NULL, NULL, NULL, 0, 0, 0, 10, 7.9, 7.9, 16, 13.9, 13.9, 900, 34) ON CONFLICT (ship_id) DO NOTHING;
INSERT INTO ship_insurance (ship_id, expedited_cost, expedited_claim_time, standard_claim_time) VALUES ((SELECT id FROM ships WHERE reference = 'RSI_Ursa_Rover_Emerald'), 1015, 0.84, 2.53) ON CONFLICT (ship_id) DO NOTHING;
INSERT INTO ship_flight_stats (ship_id, scm_speed, max_speed, boost_speed_forward, boost_speed_backward, pitch, yaw, roll, pitch_boosted, yaw_boosted, roll_boosted, accel_forward, accel_backward, accel_up, accel_down, accel_strafe, accel_forward_g, accel_backward_g, accel_up_g, accel_down_g, accel_strafe_g, boost_mult_forward, boost_mult_backward, boost_mult_up, boost_mult_strafe, boost_capacitor_max, boost_regen_per_sec, boost_regen_time, zero_to_scm, zero_to_max, scm_to_zero, mass_empty, mass_loadout, mass_total) VALUES ((SELECT id FROM ships WHERE reference = 'RSI_Zeus_CL'), 200, 1000, 400, 210, 32, 32, 105, 38.4, 38.4, 126, 84.56, 28.19, 21.14, 0, 0, 8.62, 2.87, 2.16, 0, 0, 1.3, 1.25, 1.3, 1.35, 20, 0.75, 27.6, 2.37, 11.83, 7.09, 276600, 28497, 305097) ON CONFLICT (ship_id) DO NOTHING;
INSERT INTO ship_resistances (ship_id, armor_hp, dmg_mult_physical, dmg_mult_energy, dmg_mult_distortion, dmg_mult_thermal, dmg_mult_biochemical, dmg_mult_stun, sig_mult_cross_section, sig_mult_infrared, sig_mult_electromagnetic, pen_resist_base, pen_resist_physical, pen_resist_energy, pen_resist_distortion, base_em_signature, base_ir_signature, base_cs_signature, cross_section_x, cross_section_y, cross_section_z, em_total_shields, em_total_quantum, ir_total_shields, ir_total_quantum) VALUES ((SELECT id FROM ships WHERE reference = 'RSI_Zeus_CL'), 14400, 0.75, 0.6, 1, 1, 1, 1, 1, 1, 1, 1, 1, 1, 0, 39161, 11174, NULL, 8000, 2000, 10000, 39161, 62201, 11174, 9050) ON CONFLICT (ship_id) DO NOTHING;
INSERT INTO ship_fuel (ship_id, hydrogen_capacity, fuel_intake_rate, fuel_usage_main, fuel_usage_retro, fuel_usage_maneuvering, maneuvering_time_till_empty, intake_to_main_ratio, quantum_capacity, quantum_range, quantum_speed, quantum_spool_time, quantum_travel_time_po, quantum_fuel_usage_po, thrust_main, thrust_retro, thrust_maneuvering, power_generation, power_used_shields, power_used_quantum, cooling_generation, cooling_used_shields, cooling_used_quantum, shield_hp_total, shield_regen_total) VALUES ((SELECT id FROM ships WHERE reference = 'RSI_Zeus_CL'), 66500, 30, 63.15, 249.49, 110.88, 560.76, 0.48, 1800, 177567327612, 201000000, 6, 209, 425, 23389952, 7796650, 29967127.200000003, 24, 35.6, 27.6, 82, 52.6, 42.6, 27000, 1693) ON CONFLICT (ship_id) DO NOTHING;
INSERT INTO ship_insurance (ship_id, expedited_cost, expedited_claim_time, standard_claim_time) VALUES ((SELECT id FROM ships WHERE reference = 'RSI_Zeus_CL'), 4900, 2.67, 10.67) ON CONFLICT (ship_id) DO NOTHING;
INSERT INTO ship_flight_stats (ship_id, scm_speed, max_speed, boost_speed_forward, boost_speed_backward, pitch, yaw, roll, pitch_boosted, yaw_boosted, roll_boosted, accel_forward, accel_backward, accel_up, accel_down, accel_strafe, accel_forward_g, accel_backward_g, accel_up_g, accel_down_g, accel_strafe_g, boost_mult_forward, boost_mult_backward, boost_mult_up, boost_mult_strafe, boost_capacitor_max, boost_regen_per_sec, boost_regen_time, zero_to_scm, zero_to_max, scm_to_zero, mass_empty, mass_loadout, mass_total) VALUES ((SELECT id FROM ships WHERE reference = 'RSI_Zeus_CL_Collector_Indust'), 200, 1000, 400, 210, 32, 32, 105, 38.4, 38.4, 126, 84.56, 28.19, 21.14, 0, 0, 8.62, 2.87, 2.16, 0, 0, 1.3, 1.25, 1.3, 1.35, 20, 0.75, 27.6, 2.37, 11.83, 7.09, 276600, 28497, 305097) ON CONFLICT (ship_id) DO NOTHING;
INSERT INTO ship_resistances (ship_id, armor_hp, dmg_mult_physical, dmg_mult_energy, dmg_mult_distortion, dmg_mult_thermal, dmg_mult_biochemical, dmg_mult_stun, sig_mult_cross_section, sig_mult_infrared, sig_mult_electromagnetic, pen_resist_base, pen_resist_physical, pen_resist_energy, pen_resist_distortion, base_em_signature, base_ir_signature, base_cs_signature, cross_section_x, cross_section_y, cross_section_z, em_total_shields, em_total_quantum, ir_total_shields, ir_total_quantum) VALUES ((SELECT id FROM ships WHERE reference = 'RSI_Zeus_CL_Collector_Indust'), 14400, 0.75, 0.6, 1, 1, 1, 1, 1, 1, 1, 1, 1, 1, 0, 40615, 10863, NULL, 8000, 2000, 10000, 40615, 63655, 10863, 8798) ON CONFLICT (ship_id) DO NOTHING;
INSERT INTO ship_fuel (ship_id, hydrogen_capacity, fuel_intake_rate, fuel_usage_main, fuel_usage_retro, fuel_usage_maneuvering, maneuvering_time_till_empty, intake_to_main_ratio, quantum_capacity, quantum_range, quantum_speed, quantum_spool_time, quantum_travel_time_po, quantum_fuel_usage_po, thrust_main, thrust_retro, thrust_maneuvering, power_generation, power_used_shields, power_used_quantum, cooling_generation, cooling_used_shields, cooling_used_quantum, shield_hp_total, shield_regen_total) VALUES ((SELECT id FROM ships WHERE reference = 'RSI_Zeus_CL_Collector_Indust'), 66500, 30, 63.15, 249.49, 110.88, 560.76, 0.48, 1800, 214464434648, 282000000, 6, 149, 352, 23389952, 7796650, 29967127.200000003, 24, 35.6, 27.6, 92, 52.6, 42.6, 27000, 1960) ON CONFLICT (ship_id) DO NOTHING;
INSERT INTO ship_insurance (ship_id, expedited_cost, expedited_claim_time, standard_claim_time) VALUES ((SELECT id FROM ships WHERE reference = 'RSI_Zeus_CL_Collector_Indust'), 4900, 2.67, 10.67) ON CONFLICT (ship_id) DO NOTHING;
INSERT INTO ship_flight_stats (ship_id, scm_speed, max_speed, boost_speed_forward, boost_speed_backward, pitch, yaw, roll, pitch_boosted, yaw_boosted, roll_boosted, accel_forward, accel_backward, accel_up, accel_down, accel_strafe, accel_forward_g, accel_backward_g, accel_up_g, accel_down_g, accel_strafe_g, boost_mult_forward, boost_mult_backward, boost_mult_up, boost_mult_strafe, boost_capacitor_max, boost_regen_per_sec, boost_regen_time, zero_to_scm, zero_to_max, scm_to_zero, mass_empty, mass_loadout, mass_total) VALUES ((SELECT id FROM ships WHERE reference = 'RSI_Zeus_ES'), 205, 1100, 405, 210, 32, 32, 110, 38.4, 38.4, 132, 90.56, 28.19, 21.68, 0, 0, 9.23, 2.87, 2.21, 0, 0, 1.3, 1.25, 1.3, 1.35, 20, 0.75, 27.6, 2.26, 12.15, 7.27, 276600, 22524, 299124) ON CONFLICT (ship_id) DO NOTHING;
INSERT INTO ship_resistances (ship_id, armor_hp, dmg_mult_physical, dmg_mult_energy, dmg_mult_distortion, dmg_mult_thermal, dmg_mult_biochemical, dmg_mult_stun, sig_mult_cross_section, sig_mult_infrared, sig_mult_electromagnetic, pen_resist_base, pen_resist_physical, pen_resist_energy, pen_resist_distortion, base_em_signature, base_ir_signature, base_cs_signature, cross_section_x, cross_section_y, cross_section_z, em_total_shields, em_total_quantum, ir_total_shields, ir_total_quantum) VALUES ((SELECT id FROM ships WHERE reference = 'RSI_Zeus_ES'), 14400, 0.75, 0.6, 1, 1, 1, 1, 1.1, 1.1, 1.1, 1, 1, 1, 0, 31669, 8648, NULL, 8000, 2000, 10000, 31669, 58399, 8648, 7580) ON CONFLICT (ship_id) DO NOTHING;
INSERT INTO ship_fuel (ship_id, hydrogen_capacity, fuel_intake_rate, fuel_usage_main, fuel_usage_retro, fuel_usage_maneuvering, maneuvering_time_till_empty, intake_to_main_ratio, quantum_capacity, quantum_range, quantum_speed, quantum_spool_time, quantum_travel_time_po, quantum_fuel_usage_po, thrust_main, thrust_retro, thrust_maneuvering, power_generation, power_used_shields, power_used_quantum, cooling_generation, cooling_used_shields, cooling_used_quantum, shield_hp_total, shield_regen_total) VALUES ((SELECT id FROM ships WHERE reference = 'RSI_Zeus_ES'), 93100, 30, 63.88, 245.59, 101.2, 813.24, 0.47, 2600, 256486139884, 201000000, 6, 209, 425, 25049240, 7796650, 28507755.200000003, 22, 32.6, 26.6, 68, 48.6, 42.6, 50000, 3136) ON CONFLICT (ship_id) DO NOTHING;
INSERT INTO ship_insurance (ship_id, expedited_cost, expedited_claim_time, standard_claim_time) VALUES ((SELECT id FROM ships WHERE reference = 'RSI_Zeus_ES'), 3710, 2.17, 8.67) ON CONFLICT (ship_id) DO NOTHING;
INSERT INTO ship_flight_stats (ship_id, scm_speed, max_speed, boost_speed_forward, boost_speed_backward, pitch, yaw, roll, pitch_boosted, yaw_boosted, roll_boosted, accel_forward, accel_backward, accel_up, accel_down, accel_strafe, accel_forward_g, accel_backward_g, accel_up_g, accel_down_g, accel_strafe_g, boost_mult_forward, boost_mult_backward, boost_mult_up, boost_mult_strafe, boost_capacitor_max, boost_regen_per_sec, boost_regen_time, zero_to_scm, zero_to_max, scm_to_zero, mass_empty, mass_loadout, mass_total) VALUES ((SELECT id FROM ships WHERE reference = 'RSI_Zeus_ES_Collector_Indust'), 205, 1100, 405, 210, 32, 32, 110, 38.4, 38.4, 132, 90.56, 28.19, 21.68, 0, 0, 9.23, 2.87, 2.21, 0, 0, 1.3, 1.25, 1.3, 1.35, 20, 0.75, 27.6, 2.26, 12.15, 7.27, 276600, 24564, 301164) ON CONFLICT (ship_id) DO NOTHING;
INSERT INTO ship_resistances (ship_id, armor_hp, dmg_mult_physical, dmg_mult_energy, dmg_mult_distortion, dmg_mult_thermal, dmg_mult_biochemical, dmg_mult_stun, sig_mult_cross_section, sig_mult_infrared, sig_mult_electromagnetic, pen_resist_base, pen_resist_physical, pen_resist_energy, pen_resist_distortion, base_em_signature, base_ir_signature, base_cs_signature, cross_section_x, cross_section_y, cross_section_z, em_total_shields, em_total_quantum, ir_total_shields, ir_total_quantum) VALUES ((SELECT id FROM ships WHERE reference = 'RSI_Zeus_ES_Collector_Indust'), 14400, 0.75, 0.6, 1, 1, 1, 1, 1.1, 1.1, 1.1, 1, 1, 1, 0, 46135, 12404, NULL, 8000, 2000, 10000, 46135, 71479, 12404, 10132) ON CONFLICT (ship_id) DO NOTHING;
INSERT INTO ship_fuel (ship_id, hydrogen_capacity, fuel_intake_rate, fuel_usage_main, fuel_usage_retro, fuel_usage_maneuvering, maneuvering_time_till_empty, intake_to_main_ratio, quantum_capacity, quantum_range, quantum_speed, quantum_spool_time, quantum_travel_time_po, quantum_fuel_usage_po, thrust_main, thrust_retro, thrust_maneuvering, power_generation, power_used_shields, power_used_quantum, cooling_generation, cooling_used_shields, cooling_used_quantum, shield_hp_total, shield_regen_total) VALUES ((SELECT id FROM ships WHERE reference = 'RSI_Zeus_ES_Collector_Indust'), 93100, 30, 63.88, 245.59, 101.2, 813.24, 0.47, 2600, 309781961158, 282000000, 6, 149, 352, 25049240, 7796650, 28507755.200000003, 24, 36.6, 28.6, 92, 54.6, 44.6, 36000, 2614) ON CONFLICT (ship_id) DO NOTHING;
INSERT INTO ship_insurance (ship_id, expedited_cost, expedited_claim_time, standard_claim_time) VALUES ((SELECT id FROM ships WHERE reference = 'RSI_Zeus_ES_Collector_Indust'), 3710, 2.17, 8.67) ON CONFLICT (ship_id) DO NOTHING;
INSERT INTO ship_flight_stats (ship_id, scm_speed, max_speed, boost_speed_forward, boost_speed_backward, pitch, yaw, roll, pitch_boosted, yaw_boosted, roll_boosted, accel_forward, accel_backward, accel_up, accel_down, accel_strafe, accel_forward_g, accel_backward_g, accel_up_g, accel_down_g, accel_strafe_g, boost_mult_forward, boost_mult_backward, boost_mult_up, boost_mult_strafe, boost_capacitor_max, boost_regen_per_sec, boost_regen_time, zero_to_scm, zero_to_max, scm_to_zero, mass_empty, mass_loadout, mass_total) VALUES ((SELECT id FROM ships WHERE reference = 'TMBL_Cyclone'), NULL, NULL, NULL, NULL, NULL, NULL, NULL, NULL, NULL, NULL, NULL, NULL, NULL, NULL, NULL, NULL, NULL, NULL, NULL, NULL, NULL, NULL, NULL, NULL, NULL, NULL, NULL, NULL, NULL, NULL, 28164, 273, 28437) ON CONFLICT (ship_id) DO NOTHING;
INSERT INTO ship_resistances (ship_id, armor_hp, dmg_mult_physical, dmg_mult_energy, dmg_mult_distortion, dmg_mult_thermal, dmg_mult_biochemical, dmg_mult_stun, sig_mult_cross_section, sig_mult_infrared, sig_mult_electromagnetic, pen_resist_base, pen_resist_physical, pen_resist_energy, pen_resist_distortion, base_em_signature, base_ir_signature, base_cs_signature, cross_section_x, cross_section_y, cross_section_z, em_total_shields, em_total_quantum, ir_total_shields, ir_total_quantum) VALUES ((SELECT id FROM ships WHERE reference = 'TMBL_Cyclone'), 1625, 0.6, 0.4, 1, 1, 1, 1, 1, 1, 1, 1, 1, 1, 0, 3525, 1719, NULL, 1647, 843, 2011, 3525, 3525, 1719, 1719) ON CONFLICT (ship_id) DO NOTHING;
INSERT INTO ship_fuel (ship_id, hydrogen_capacity, fuel_intake_rate, fuel_usage_main, fuel_usage_retro, fuel_usage_maneuvering, maneuvering_time_till_empty, intake_to_main_ratio, quantum_capacity, quantum_range, quantum_speed, quantum_spool_time, quantum_travel_time_po, quantum_fuel_usage_po, thrust_main, thrust_retro, thrust_maneuvering, power_generation, power_used_shields, power_used_quantum, cooling_generation, cooling_used_shields, cooling_used_quantum, shield_hp_total, shield_regen_total) VALUES ((SELECT id FROM ships WHERE reference = 'TMBL_Cyclone'), 0, 0, 0, 0, 0, NULL, NULL, NULL, NULL, NULL, NULL, NULL, NULL, 0, 0, 0, 10, 6, 6, 16, 11, 11, 900, 34) ON CONFLICT (ship_id) DO NOTHING;
INSERT INTO ship_insurance (ship_id, expedited_cost, expedited_claim_time, standard_claim_time) VALUES ((SELECT id FROM ships WHERE reference = 'TMBL_Cyclone'), 810, 0.68, 2.03) ON CONFLICT (ship_id) DO NOTHING;
INSERT INTO ship_flight_stats (ship_id, scm_speed, max_speed, boost_speed_forward, boost_speed_backward, pitch, yaw, roll, pitch_boosted, yaw_boosted, roll_boosted, accel_forward, accel_backward, accel_up, accel_down, accel_strafe, accel_forward_g, accel_backward_g, accel_up_g, accel_down_g, accel_strafe_g, boost_mult_forward, boost_mult_backward, boost_mult_up, boost_mult_strafe, boost_capacitor_max, boost_regen_per_sec, boost_regen_time, zero_to_scm, zero_to_max, scm_to_zero, mass_empty, mass_loadout, mass_total) VALUES ((SELECT id FROM ships WHERE reference = 'TMBL_Cyclone_AA'), NULL, NULL, NULL, NULL, NULL, NULL, NULL, NULL, NULL, NULL, NULL, NULL, NULL, NULL, NULL, NULL, NULL, NULL, NULL, NULL, NULL, NULL, NULL, NULL, NULL, NULL, NULL, NULL, NULL, NULL, 28264, 896, 29160) ON CONFLICT (ship_id) DO NOTHING;
INSERT INTO ship_resistances (ship_id, armor_hp, dmg_mult_physical, dmg_mult_energy, dmg_mult_distortion, dmg_mult_thermal, dmg_mult_biochemical, dmg_mult_stun, sig_mult_cross_section, sig_mult_infrared, sig_mult_electromagnetic, pen_resist_base, pen_resist_physical, pen_resist_energy, pen_resist_distortion, base_em_signature, base_ir_signature, base_cs_signature, cross_section_x, cross_section_y, cross_section_z, em_total_shields, em_total_quantum, ir_total_shields, ir_total_quantum) VALUES ((SELECT id FROM ships WHERE reference = 'TMBL_Cyclone_AA'), 1625, 0.6, 0.4, 1, 1, 1, 1, 1, 1, 1, 1, 1, 1, 0, 3525, 1719, NULL, 1475, 726, 1999, 3525, 3525, 1719, 1719) ON CONFLICT (ship_id) DO NOTHING;
INSERT INTO ship_fuel (ship_id, hydrogen_capacity, fuel_intake_rate, fuel_usage_main, fuel_usage_retro, fuel_usage_maneuvering, maneuvering_time_till_empty, intake_to_main_ratio, quantum_capacity, quantum_range, quantum_speed, quantum_spool_time, quantum_travel_time_po, quantum_fuel_usage_po, thrust_main, thrust_retro, thrust_maneuvering, power_generation, power_used_shields, power_used_quantum, cooling_generation, cooling_used_shields, cooling_used_quantum, shield_hp_total, shield_regen_total) VALUES ((SELECT id FROM ships WHERE reference = 'TMBL_Cyclone_AA'), 0, 0, 0, 0, 0, NULL, NULL, NULL, NULL, NULL, NULL, NULL, NULL, 0, 0, 0, 10, 6, 6, 16, 11, 11, 900, 34) ON CONFLICT (ship_id) DO NOTHING;
INSERT INTO ship_insurance (ship_id, expedited_cost, expedited_claim_time, standard_claim_time) VALUES ((SELECT id FROM ships WHERE reference = 'TMBL_Cyclone_AA'), 1345, 0.68, 2.03) ON CONFLICT (ship_id) DO NOTHING;
INSERT INTO ship_flight_stats (ship_id, scm_speed, max_speed, boost_speed_forward, boost_speed_backward, pitch, yaw, roll, pitch_boosted, yaw_boosted, roll_boosted, accel_forward, accel_backward, accel_up, accel_down, accel_strafe, accel_forward_g, accel_backward_g, accel_up_g, accel_down_g, accel_strafe_g, boost_mult_forward, boost_mult_backward, boost_mult_up, boost_mult_strafe, boost_capacitor_max, boost_regen_per_sec, boost_regen_time, zero_to_scm, zero_to_max, scm_to_zero, mass_empty, mass_loadout, mass_total) VALUES ((SELECT id FROM ships WHERE reference = 'TMBL_Cyclone_MT'), NULL, NULL, NULL, NULL, NULL, NULL, NULL, NULL, NULL, NULL, NULL, NULL, NULL, NULL, NULL, NULL, NULL, NULL, NULL, NULL, NULL, NULL, NULL, NULL, NULL, NULL, NULL, NULL, NULL, NULL, 27764, 1155, 28919) ON CONFLICT (ship_id) DO NOTHING;
INSERT INTO ship_resistances (ship_id, armor_hp, dmg_mult_physical, dmg_mult_energy, dmg_mult_distortion, dmg_mult_thermal, dmg_mult_biochemical, dmg_mult_stun, sig_mult_cross_section, sig_mult_infrared, sig_mult_electromagnetic, pen_resist_base, pen_resist_physical, pen_resist_energy, pen_resist_distortion, base_em_signature, base_ir_signature, base_cs_signature, cross_section_x, cross_section_y, cross_section_z, em_total_shields, em_total_quantum, ir_total_shields, ir_total_quantum) VALUES ((SELECT id FROM ships WHERE reference = 'TMBL_Cyclone_MT'), 1625, 0.6, 0.4, 1, 1, 1, 1, 1, 1, 1, 1, 1, 1, 0, 3601, 1734, NULL, 1647, 843, 2011, 3601, 3601, 1734, 1734) ON CONFLICT (ship_id) DO NOTHING;
INSERT INTO ship_fuel (ship_id, hydrogen_capacity, fuel_intake_rate, fuel_usage_main, fuel_usage_retro, fuel_usage_maneuvering, maneuvering_time_till_empty, intake_to_main_ratio, quantum_capacity, quantum_range, quantum_speed, quantum_spool_time, quantum_travel_time_po, quantum_fuel_usage_po, thrust_main, thrust_retro, thrust_maneuvering, power_generation, power_used_shields, power_used_quantum, cooling_generation, cooling_used_shields, cooling_used_quantum, shield_hp_total, shield_regen_total) VALUES ((SELECT id FROM ships WHERE reference = 'TMBL_Cyclone_MT'), 0, 0, 0, 0, 0, NULL, NULL, NULL, NULL, NULL, NULL, NULL, NULL, 0, 0, 0, 10, 6.1, 6.1, 16, 11.1, 11.1, 900, 34) ON CONFLICT (ship_id) DO NOTHING;
INSERT INTO ship_insurance (ship_id, expedited_cost, expedited_claim_time, standard_claim_time) VALUES ((SELECT id FROM ships WHERE reference = 'TMBL_Cyclone_MT'), 1605, 0.68, 2.03) ON CONFLICT (ship_id) DO NOTHING;
INSERT INTO ship_flight_stats (ship_id, scm_speed, max_speed, boost_speed_forward, boost_speed_backward, pitch, yaw, roll, pitch_boosted, yaw_boosted, roll_boosted, accel_forward, accel_backward, accel_up, accel_down, accel_strafe, accel_forward_g, accel_backward_g, accel_up_g, accel_down_g, accel_strafe_g, boost_mult_forward, boost_mult_backward, boost_mult_up, boost_mult_strafe, boost_capacitor_max, boost_regen_per_sec, boost_regen_time, zero_to_scm, zero_to_max, scm_to_zero, mass_empty, mass_loadout, mass_total) VALUES ((SELECT id FROM ships WHERE reference = 'TMBL_Cyclone_RC'), NULL, NULL, NULL, NULL, NULL, NULL, NULL, NULL, NULL, NULL, NULL, NULL, NULL, NULL, NULL, NULL, NULL, NULL, NULL, NULL, NULL, NULL, NULL, NULL, NULL, NULL, NULL, NULL, NULL, NULL, 28264, 273, 28537) ON CONFLICT (ship_id) DO NOTHING;
INSERT INTO ship_resistances (ship_id, armor_hp, dmg_mult_physical, dmg_mult_energy, dmg_mult_distortion, dmg_mult_thermal, dmg_mult_biochemical, dmg_mult_stun, sig_mult_cross_section, sig_mult_infrared, sig_mult_electromagnetic, pen_resist_base, pen_resist_physical, pen_resist_energy, pen_resist_distortion, base_em_signature, base_ir_signature, base_cs_signature, cross_section_x, cross_section_y, cross_section_z, em_total_shields, em_total_quantum, ir_total_shields, ir_total_quantum) VALUES ((SELECT id FROM ships WHERE reference = 'TMBL_Cyclone_RC'), 1625, 0.6, 0.4, 1, 1, 1, 1, 1, 1, 1, 1, 1, 1, 0, 3525, 1719, NULL, 1592, 862, 2045, 3525, 3525, 1719, 1719) ON CONFLICT (ship_id) DO NOTHING;
INSERT INTO ship_fuel (ship_id, hydrogen_capacity, fuel_intake_rate, fuel_usage_main, fuel_usage_retro, fuel_usage_maneuvering, maneuvering_time_till_empty, intake_to_main_ratio, quantum_capacity, quantum_range, quantum_speed, quantum_spool_time, quantum_travel_time_po, quantum_fuel_usage_po, thrust_main, thrust_retro, thrust_maneuvering, power_generation, power_used_shields, power_used_quantum, cooling_generation, cooling_used_shields, cooling_used_quantum, shield_hp_total, shield_regen_total) VALUES ((SELECT id FROM ships WHERE reference = 'TMBL_Cyclone_RC'), 0, 0, 0, 0, 0, NULL, NULL, NULL, NULL, NULL, NULL, NULL, NULL, 0, 0, 0, 10, 6, 6, 16, 11, 11, 900, 34) ON CONFLICT (ship_id) DO NOTHING;
INSERT INTO ship_insurance (ship_id, expedited_cost, expedited_claim_time, standard_claim_time) VALUES ((SELECT id FROM ships WHERE reference = 'TMBL_Cyclone_RC'), 1135, 0.95, 2.84) ON CONFLICT (ship_id) DO NOTHING;
INSERT INTO ship_flight_stats (ship_id, scm_speed, max_speed, boost_speed_forward, boost_speed_backward, pitch, yaw, roll, pitch_boosted, yaw_boosted, roll_boosted, accel_forward, accel_backward, accel_up, accel_down, accel_strafe, accel_forward_g, accel_backward_g, accel_up_g, accel_down_g, accel_strafe_g, boost_mult_forward, boost_mult_backward, boost_mult_up, boost_mult_strafe, boost_capacitor_max, boost_regen_per_sec, boost_regen_time, zero_to_scm, zero_to_max, scm_to_zero, mass_empty, mass_loadout, mass_total) VALUES ((SELECT id FROM ships WHERE reference = 'TMBL_Cyclone_RN'), NULL, NULL, NULL, NULL, NULL, NULL, NULL, NULL, NULL, NULL, NULL, NULL, NULL, NULL, NULL, NULL, NULL, NULL, NULL, NULL, NULL, NULL, NULL, NULL, NULL, NULL, NULL, NULL, NULL, NULL, 28264, 273, 28537) ON CONFLICT (ship_id) DO NOTHING;
INSERT INTO ship_resistances (ship_id, armor_hp, dmg_mult_physical, dmg_mult_energy, dmg_mult_distortion, dmg_mult_thermal, dmg_mult_biochemical, dmg_mult_stun, sig_mult_cross_section, sig_mult_infrared, sig_mult_electromagnetic, pen_resist_base, pen_resist_physical, pen_resist_energy, pen_resist_distortion, base_em_signature, base_ir_signature, base_cs_signature, cross_section_x, cross_section_y, cross_section_z, em_total_shields, em_total_quantum, ir_total_shields, ir_total_quantum) VALUES ((SELECT id FROM ships WHERE reference = 'TMBL_Cyclone_RN'), 1625, 0.6, 0.4, 1, 1, 1, 1, 1, 1, 1, 1, 1, 1, 0, 3525, 1719, NULL, 1485, 1032, 1983, 3525, 3525, 1719, 1719) ON CONFLICT (ship_id) DO NOTHING;
INSERT INTO ship_fuel (ship_id, hydrogen_capacity, fuel_intake_rate, fuel_usage_main, fuel_usage_retro, fuel_usage_maneuvering, maneuvering_time_till_empty, intake_to_main_ratio, quantum_capacity, quantum_range, quantum_speed, quantum_spool_time, quantum_travel_time_po, quantum_fuel_usage_po, thrust_main, thrust_retro, thrust_maneuvering, power_generation, power_used_shields, power_used_quantum, cooling_generation, cooling_used_shields, cooling_used_quantum, shield_hp_total, shield_regen_total) VALUES ((SELECT id FROM ships WHERE reference = 'TMBL_Cyclone_RN'), 0, 0, 0, 0, 0, NULL, NULL, NULL, NULL, NULL, NULL, NULL, NULL, 0, 0, 0, 10, 6, 6, 16, 11, 11, 900, 34) ON CONFLICT (ship_id) DO NOTHING;
INSERT INTO ship_insurance (ship_id, expedited_cost, expedited_claim_time, standard_claim_time) VALUES ((SELECT id FROM ships WHERE reference = 'TMBL_Cyclone_RN'), 810, 0.68, 2.03) ON CONFLICT (ship_id) DO NOTHING;
INSERT INTO ship_flight_stats (ship_id, scm_speed, max_speed, boost_speed_forward, boost_speed_backward, pitch, yaw, roll, pitch_boosted, yaw_boosted, roll_boosted, accel_forward, accel_backward, accel_up, accel_down, accel_strafe, accel_forward_g, accel_backward_g, accel_up_g, accel_down_g, accel_strafe_g, boost_mult_forward, boost_mult_backward, boost_mult_up, boost_mult_strafe, boost_capacitor_max, boost_regen_per_sec, boost_regen_time, zero_to_scm, zero_to_max, scm_to_zero, mass_empty, mass_loadout, mass_total) VALUES ((SELECT id FROM ships WHERE reference = 'TMBL_Cyclone_TR'), NULL, NULL, NULL, NULL, NULL, NULL, NULL, NULL, NULL, NULL, NULL, NULL, NULL, NULL, NULL, NULL, NULL, NULL, NULL, NULL, NULL, NULL, NULL, NULL, NULL, NULL, NULL, NULL, NULL, NULL, 27964, 219, 28183) ON CONFLICT (ship_id) DO NOTHING;
INSERT INTO ship_resistances (ship_id, armor_hp, dmg_mult_physical, dmg_mult_energy, dmg_mult_distortion, dmg_mult_thermal, dmg_mult_biochemical, dmg_mult_stun, sig_mult_cross_section, sig_mult_infrared, sig_mult_electromagnetic, pen_resist_base, pen_resist_physical, pen_resist_energy, pen_resist_distortion, base_em_signature, base_ir_signature, base_cs_signature, cross_section_x, cross_section_y, cross_section_z, em_total_shields, em_total_quantum, ir_total_shields, ir_total_quantum) VALUES ((SELECT id FROM ships WHERE reference = 'TMBL_Cyclone_TR'), 1625, 0.6, 0.4, 1, 1, 1, 1, 1, 1, 1, 1, 1, 1, 0, 3599, 1734, NULL, 1802, 956, 2041, 3599, 3599, 1734, 1734) ON CONFLICT (ship_id) DO NOTHING;
INSERT INTO ship_fuel (ship_id, hydrogen_capacity, fuel_intake_rate, fuel_usage_main, fuel_usage_retro, fuel_usage_maneuvering, maneuvering_time_till_empty, intake_to_main_ratio, quantum_capacity, quantum_range, quantum_speed, quantum_spool_time, quantum_travel_time_po, quantum_fuel_usage_po, thrust_main, thrust_retro, thrust_maneuvering, power_generation, power_used_shields, power_used_quantum, cooling_generation, cooling_used_shields, cooling_used_quantum, shield_hp_total, shield_regen_total) VALUES ((SELECT id FROM ships WHERE reference = 'TMBL_Cyclone_TR'), 0, 0, 0, 0, 0, NULL, NULL, NULL, NULL, NULL, NULL, NULL, NULL, 0, 0, 0, 10, 6.1, 6.1, 16, 11.1, 11.1, 900, 34) ON CONFLICT (ship_id) DO NOTHING;
INSERT INTO ship_insurance (ship_id, expedited_cost, expedited_claim_time, standard_claim_time) VALUES ((SELECT id FROM ships WHERE reference = 'TMBL_Cyclone_TR'), 810, 0.68, 2.03) ON CONFLICT (ship_id) DO NOTHING;
INSERT INTO ship_flight_stats (ship_id, scm_speed, max_speed, boost_speed_forward, boost_speed_backward, pitch, yaw, roll, pitch_boosted, yaw_boosted, roll_boosted, accel_forward, accel_backward, accel_up, accel_down, accel_strafe, accel_forward_g, accel_backward_g, accel_up_g, accel_down_g, accel_strafe_g, boost_mult_forward, boost_mult_backward, boost_mult_up, boost_mult_strafe, boost_capacitor_max, boost_regen_per_sec, boost_regen_time, zero_to_scm, zero_to_max, scm_to_zero, mass_empty, mass_loadout, mass_total) VALUES ((SELECT id FROM ships WHERE reference = 'TMBL_Nova'), NULL, NULL, NULL, NULL, NULL, NULL, NULL, NULL, NULL, NULL, NULL, NULL, NULL, NULL, NULL, NULL, NULL, NULL, NULL, NULL, NULL, NULL, NULL, NULL, NULL, NULL, NULL, NULL, NULL, NULL, 149950, 11580, 161530) ON CONFLICT (ship_id) DO NOTHING;
INSERT INTO ship_resistances (ship_id, armor_hp, dmg_mult_physical, dmg_mult_energy, dmg_mult_distortion, dmg_mult_thermal, dmg_mult_biochemical, dmg_mult_stun, sig_mult_cross_section, sig_mult_infrared, sig_mult_electromagnetic, pen_resist_base, pen_resist_physical, pen_resist_energy, pen_resist_distortion, base_em_signature, base_ir_signature, base_cs_signature, cross_section_x, cross_section_y, cross_section_z, em_total_shields, em_total_quantum, ir_total_shields, ir_total_quantum) VALUES ((SELECT id FROM ships WHERE reference = 'TMBL_Nova'), 4875, 0.6, 0.4, 1, 1, 1, 1, 1, 0.7, 0.6, 1, 1, 1, 0, 8426, 1673, NULL, 1712, 1478, 2810, 8426, 8426, 1673, 1673) ON CONFLICT (ship_id) DO NOTHING;
INSERT INTO ship_fuel (ship_id, hydrogen_capacity, fuel_intake_rate, fuel_usage_main, fuel_usage_retro, fuel_usage_maneuvering, maneuvering_time_till_empty, intake_to_main_ratio, quantum_capacity, quantum_range, quantum_speed, quantum_spool_time, quantum_travel_time_po, quantum_fuel_usage_po, thrust_main, thrust_retro, thrust_maneuvering, power_generation, power_used_shields, power_used_quantum, cooling_generation, cooling_used_shields, cooling_used_quantum, shield_hp_total, shield_regen_total) VALUES ((SELECT id FROM ships WHERE reference = 'TMBL_Nova'), 0, 0, 0, 0, 0, NULL, NULL, NULL, NULL, NULL, NULL, NULL, NULL, 0, 0, 0, 9, 9.3, 9.3, 32, 15.3, 15.3, 2700, 101) ON CONFLICT (ship_id) DO NOTHING;
INSERT INTO ship_insurance (ship_id, expedited_cost, expedited_claim_time, standard_claim_time) VALUES ((SELECT id FROM ships WHERE reference = 'TMBL_Nova'), 7398, 4.13, 12.38) ON CONFLICT (ship_id) DO NOTHING;
INSERT INTO ship_flight_stats (ship_id, scm_speed, max_speed, boost_speed_forward, boost_speed_backward, pitch, yaw, roll, pitch_boosted, yaw_boosted, roll_boosted, accel_forward, accel_backward, accel_up, accel_down, accel_strafe, accel_forward_g, accel_backward_g, accel_up_g, accel_down_g, accel_strafe_g, boost_mult_forward, boost_mult_backward, boost_mult_up, boost_mult_strafe, boost_capacitor_max, boost_regen_per_sec, boost_regen_time, zero_to_scm, zero_to_max, scm_to_zero, mass_empty, mass_loadout, mass_total) VALUES ((SELECT id FROM ships WHERE reference = 'TMBL_Storm'), NULL, NULL, NULL, NULL, NULL, NULL, NULL, NULL, NULL, NULL, NULL, NULL, NULL, NULL, NULL, NULL, NULL, NULL, NULL, NULL, NULL, NULL, NULL, NULL, NULL, NULL, NULL, NULL, NULL, NULL, 92270, 1572, 93842) ON CONFLICT (ship_id) DO NOTHING;
INSERT INTO ship_resistances (ship_id, armor_hp, dmg_mult_physical, dmg_mult_energy, dmg_mult_distortion, dmg_mult_thermal, dmg_mult_biochemical, dmg_mult_stun, sig_mult_cross_section, sig_mult_infrared, sig_mult_electromagnetic, pen_resist_base, pen_resist_physical, pen_resist_energy, pen_resist_distortion, base_em_signature, base_ir_signature, base_cs_signature, cross_section_x, cross_section_y, cross_section_z, em_total_shields, em_total_quantum, ir_total_shields, ir_total_quantum) VALUES ((SELECT id FROM ships WHERE reference = 'TMBL_Storm'), 4875, 0.6, 0.4, 1, 1, 1, 1, 1, 1, 1, 1, 1, 1, 0, 4857, 2166, NULL, 1712, 1478, 2810, 4857, 4857, 2166, 2166) ON CONFLICT (ship_id) DO NOTHING;
INSERT INTO ship_fuel (ship_id, hydrogen_capacity, fuel_intake_rate, fuel_usage_main, fuel_usage_retro, fuel_usage_maneuvering, maneuvering_time_till_empty, intake_to_main_ratio, quantum_capacity, quantum_range, quantum_speed, quantum_spool_time, quantum_travel_time_po, quantum_fuel_usage_po, thrust_main, thrust_retro, thrust_maneuvering, power_generation, power_used_shields, power_used_quantum, cooling_generation, cooling_used_shields, cooling_used_quantum, shield_hp_total, shield_regen_total) VALUES ((SELECT id FROM ships WHERE reference = 'TMBL_Storm'), 5000, 0, 0, 0, 0, NULL, NULL, NULL, NULL, NULL, NULL, NULL, NULL, 0, 0, 0, 10, 7.86, 7.86, 16, 13.863, 13.863, 900, 34) ON CONFLICT (ship_id) DO NOTHING;
INSERT INTO ship_insurance (ship_id, expedited_cost, expedited_claim_time, standard_claim_time) VALUES ((SELECT id FROM ships WHERE reference = 'TMBL_Storm'), 1730, 1.33, 5.33) ON CONFLICT (ship_id) DO NOTHING;
INSERT INTO ship_flight_stats (ship_id, scm_speed, max_speed, boost_speed_forward, boost_speed_backward, pitch, yaw, roll, pitch_boosted, yaw_boosted, roll_boosted, accel_forward, accel_backward, accel_up, accel_down, accel_strafe, accel_forward_g, accel_backward_g, accel_up_g, accel_down_g, accel_strafe_g, boost_mult_forward, boost_mult_backward, boost_mult_up, boost_mult_strafe, boost_capacitor_max, boost_regen_per_sec, boost_regen_time, zero_to_scm, zero_to_max, scm_to_zero, mass_empty, mass_loadout, mass_total) VALUES ((SELECT id FROM ships WHERE reference = 'TMBL_Storm_AA'), NULL, NULL, NULL, NULL, NULL, NULL, NULL, NULL, NULL, NULL, NULL, NULL, NULL, NULL, NULL, NULL, NULL, NULL, NULL, NULL, NULL, NULL, NULL, NULL, NULL, NULL, NULL, NULL, NULL, NULL, 92270, 6914, 99184) ON CONFLICT (ship_id) DO NOTHING;
INSERT INTO ship_resistances (ship_id, armor_hp, dmg_mult_physical, dmg_mult_energy, dmg_mult_distortion, dmg_mult_thermal, dmg_mult_biochemical, dmg_mult_stun, sig_mult_cross_section, sig_mult_infrared, sig_mult_electromagnetic, pen_resist_base, pen_resist_physical, pen_resist_energy, pen_resist_distortion, base_em_signature, base_ir_signature, base_cs_signature, cross_section_x, cross_section_y, cross_section_z, em_total_shields, em_total_quantum, ir_total_shields, ir_total_quantum) VALUES ((SELECT id FROM ships WHERE reference = 'TMBL_Storm_AA'), 4875, 0.6, 0.4, 1, 1, 1, 1, 1, 0.85, 0.85, 1, 1, 1, 0, 3581, 1727, NULL, 2094, 1557, 2650, 3581, 3581, 1727, 1727) ON CONFLICT (ship_id) DO NOTHING;
INSERT INTO ship_fuel (ship_id, hydrogen_capacity, fuel_intake_rate, fuel_usage_main, fuel_usage_retro, fuel_usage_maneuvering, maneuvering_time_till_empty, intake_to_main_ratio, quantum_capacity, quantum_range, quantum_speed, quantum_spool_time, quantum_travel_time_po, quantum_fuel_usage_po, thrust_main, thrust_retro, thrust_maneuvering, power_generation, power_used_shields, power_used_quantum, cooling_generation, cooling_used_shields, cooling_used_quantum, shield_hp_total, shield_regen_total) VALUES ((SELECT id FROM ships WHERE reference = 'TMBL_Storm_AA'), 5000, 0, 0, 0, 0, NULL, NULL, NULL, NULL, NULL, NULL, NULL, NULL, 0, 0, 0, 10, 7, 7, 16, 13, 13, 900, 34) ON CONFLICT (ship_id) DO NOTHING;
INSERT INTO ship_insurance (ship_id, expedited_cost, expedited_claim_time, standard_claim_time) VALUES ((SELECT id FROM ships WHERE reference = 'TMBL_Storm_AA'), 1740, 1.33, 5.33) ON CONFLICT (ship_id) DO NOTHING;
INSERT INTO ship_flight_stats (ship_id, scm_speed, max_speed, boost_speed_forward, boost_speed_backward, pitch, yaw, roll, pitch_boosted, yaw_boosted, roll_boosted, accel_forward, accel_backward, accel_up, accel_down, accel_strafe, accel_forward_g, accel_backward_g, accel_up_g, accel_down_g, accel_strafe_g, boost_mult_forward, boost_mult_backward, boost_mult_up, boost_mult_strafe, boost_capacitor_max, boost_regen_per_sec, boost_regen_time, zero_to_scm, zero_to_max, scm_to_zero, mass_empty, mass_loadout, mass_total) VALUES ((SELECT id FROM ships WHERE reference = 'VNCL_Blade'), 227, 1191, 500, 260, 70, 52, 195, 84, 62.4, 234, 160.26, 55.43, 0, 0, 0, 16.34, 5.65, 0, 0, 0, 1.55, 1.4, 1.3, 1.3, 20, 0.75, 26.9, 1.42, 7.43, 4.1, 23219, 8226, 31445) ON CONFLICT (ship_id) DO NOTHING;
INSERT INTO ship_resistances (ship_id, armor_hp, dmg_mult_physical, dmg_mult_energy, dmg_mult_distortion, dmg_mult_thermal, dmg_mult_biochemical, dmg_mult_stun, sig_mult_cross_section, sig_mult_infrared, sig_mult_electromagnetic, pen_resist_base, pen_resist_physical, pen_resist_energy, pen_resist_distortion, base_em_signature, base_ir_signature, base_cs_signature, cross_section_x, cross_section_y, cross_section_z, em_total_shields, em_total_quantum, ir_total_shields, ir_total_quantum) VALUES ((SELECT id FROM ships WHERE reference = 'VNCL_Blade'), 4125, 0.75, 0.6, 1, 1, 1, 1, 1, 1, 1, 1, 1, 1, 0, 21254, 6479, NULL, 10418, 2747, 10418, 21254, 36774, 6479, 5093) ON CONFLICT (ship_id) DO NOTHING;
INSERT INTO ship_fuel (ship_id, hydrogen_capacity, fuel_intake_rate, fuel_usage_main, fuel_usage_retro, fuel_usage_maneuvering, maneuvering_time_till_empty, intake_to_main_ratio, quantum_capacity, quantum_range, quantum_speed, quantum_spool_time, quantum_travel_time_po, quantum_fuel_usage_po, thrust_main, thrust_retro, thrust_maneuvering, power_generation, power_used_shields, power_used_quantum, cooling_generation, cooling_used_shields, cooling_used_quantum, shield_hp_total, shield_regen_total) VALUES ((SELECT id FROM ships WHERE reference = 'VNCL_Blade'), 8000, 0, 130.24, 16.09, 126.42, 41.35, 0, 1100, 102976970605, 165000000, 4, 254, 448, 3721006, 1287090, 10113819.200000001, 16, 25.4, 19.4, 68, 37.4, 29.4, 7920, 496) ON CONFLICT (ship_id) DO NOTHING;
INSERT INTO ship_insurance (ship_id, expedited_cost, expedited_claim_time, standard_claim_time) VALUES ((SELECT id FROM ships WHERE reference = 'VNCL_Blade'), 5124, 3.44, 10.33) ON CONFLICT (ship_id) DO NOTHING;
INSERT INTO ship_flight_stats (ship_id, scm_speed, max_speed, boost_speed_forward, boost_speed_backward, pitch, yaw, roll, pitch_boosted, yaw_boosted, roll_boosted, accel_forward, accel_backward, accel_up, accel_down, accel_strafe, accel_forward_g, accel_backward_g, accel_up_g, accel_down_g, accel_strafe_g, boost_mult_forward, boost_mult_backward, boost_mult_up, boost_mult_strafe, boost_capacitor_max, boost_regen_per_sec, boost_regen_time, zero_to_scm, zero_to_max, scm_to_zero, mass_empty, mass_loadout, mass_total) VALUES ((SELECT id FROM ships WHERE reference = 'VNCL_Glaive'), 218, 1150, 480, 230, 60, 43, 155, 72, 51.6, 186, 65.34, 42.31, 0, 0, 0, 6.66, 4.31, 0, 0, 0, 1.55, 1.4, 1.3, 1.35, 20, 0.75, 27.2, 3.34, 17.6, 5.15, 76520, 15698, 92218) ON CONFLICT (ship_id) DO NOTHING;
INSERT INTO ship_resistances (ship_id, armor_hp, dmg_mult_physical, dmg_mult_energy, dmg_mult_distortion, dmg_mult_thermal, dmg_mult_biochemical, dmg_mult_stun, sig_mult_cross_section, sig_mult_infrared, sig_mult_electromagnetic, pen_resist_base, pen_resist_physical, pen_resist_energy, pen_resist_distortion, base_em_signature, base_ir_signature, base_cs_signature, cross_section_x, cross_section_y, cross_section_z, em_total_shields, em_total_quantum, ir_total_shields, ir_total_quantum) VALUES ((SELECT id FROM ships WHERE reference = 'VNCL_Glaive'), 8250, 0.75, 0.6, 1, 1, 1, 1, 1, 1, 1, 1, 1, 1, 0, 24156, 8541, NULL, 9140, 2384, 11922, 24156, 40476, 8541, 7260) ON CONFLICT (ship_id) DO NOTHING;
INSERT INTO ship_fuel (ship_id, hydrogen_capacity, fuel_intake_rate, fuel_usage_main, fuel_usage_retro, fuel_usage_maneuvering, maneuvering_time_till_empty, intake_to_main_ratio, quantum_capacity, quantum_range, quantum_speed, quantum_spool_time, quantum_travel_time_po, quantum_fuel_usage_po, thrust_main, thrust_retro, thrust_maneuvering, power_generation, power_used_shields, power_used_quantum, cooling_generation, cooling_used_shields, cooling_used_quantum, shield_hp_total, shield_regen_total) VALUES ((SELECT id FROM ships WHERE reference = 'VNCL_Glaive'), 9000, 0, 185, 40.47, 280.85, 27.66, 0, 1300, 69817400644, 190000000, 4, 221, 781, 5000000, 3237316, 22467740, 16, 28, 22, 68, 40, 34, 7920, 496) ON CONFLICT (ship_id) DO NOTHING;
INSERT INTO ship_insurance (ship_id, expedited_cost, expedited_claim_time, standard_claim_time) VALUES ((SELECT id FROM ships WHERE reference = 'VNCL_Glaive'), 3800, 2.53125, 7.59375) ON CONFLICT (ship_id) DO NOTHING;
INSERT INTO ship_flight_stats (ship_id, scm_speed, max_speed, boost_speed_forward, boost_speed_backward, pitch, yaw, roll, pitch_boosted, yaw_boosted, roll_boosted, accel_forward, accel_backward, accel_up, accel_down, accel_strafe, accel_forward_g, accel_backward_g, accel_up_g, accel_down_g, accel_strafe_g, boost_mult_forward, boost_mult_backward, boost_mult_up, boost_mult_strafe, boost_capacitor_max, boost_regen_per_sec, boost_regen_time, zero_to_scm, zero_to_max, scm_to_zero, mass_empty, mass_loadout, mass_total) VALUES ((SELECT id FROM ships WHERE reference = 'VNCL_Scythe'), 222, 1150, 480, 230, 56, 52, 147, 67.2, 62.4, 176.4, 51.47, 42.46, 0, 0, 0, 5.25, 4.33, 0, 0, 0, 1.55, 1.4, 1.3, 1.35, 20, 0.75, 27.2, 4.31, 22.34, 5.23, 68391, 12464, 80855) ON CONFLICT (ship_id) DO NOTHING;
INSERT INTO ship_resistances (ship_id, armor_hp, dmg_mult_physical, dmg_mult_energy, dmg_mult_distortion, dmg_mult_thermal, dmg_mult_biochemical, dmg_mult_stun, sig_mult_cross_section, sig_mult_infrared, sig_mult_electromagnetic, pen_resist_base, pen_resist_physical, pen_resist_energy, pen_resist_distortion, base_em_signature, base_ir_signature, base_cs_signature, cross_section_x, cross_section_y, cross_section_z, em_total_shields, em_total_quantum, ir_total_shields, ir_total_quantum) VALUES ((SELECT id FROM ships WHERE reference = 'VNCL_Scythe'), 8250, 0.75, 0.6, 1, 1, 1, 1, 1, 1, 1, 1, 1, 1, 0, 23871, 8490, NULL, 8277, 2513, 12563, 23871, 40191, 8490, 7209) ON CONFLICT (ship_id) DO NOTHING;
INSERT INTO ship_fuel (ship_id, hydrogen_capacity, fuel_intake_rate, fuel_usage_main, fuel_usage_retro, fuel_usage_maneuvering, maneuvering_time_till_empty, intake_to_main_ratio, quantum_capacity, quantum_range, quantum_speed, quantum_spool_time, quantum_travel_time_po, quantum_fuel_usage_po, thrust_main, thrust_retro, thrust_maneuvering, power_generation, power_used_shields, power_used_quantum, cooling_generation, cooling_used_shields, cooling_used_quantum, shield_hp_total, shield_regen_total) VALUES ((SELECT id FROM ships WHERE reference = 'VNCL_Scythe'), 22000, 0, 130.24, 36.3, 224.75, 90.68, 0, 1300, 69817400644, 190000000, 4, 221, 781, 3520000, 2904083, 17980000, 16, 27.76, 21.76, 68, 39.76, 33.76, 7920, 496) ON CONFLICT (ship_id) DO NOTHING;
INSERT INTO ship_insurance (ship_id, expedited_cost, expedited_claim_time, standard_claim_time) VALUES ((SELECT id FROM ships WHERE reference = 'VNCL_Scythe'), 2955, 1.96875, 5.90625) ON CONFLICT (ship_id) DO NOTHING;
INSERT INTO ship_flight_stats (ship_id, scm_speed, max_speed, boost_speed_forward, boost_speed_backward, pitch, yaw, roll, pitch_boosted, yaw_boosted, roll_boosted, accel_forward, accel_backward, accel_up, accel_down, accel_strafe, accel_forward_g, accel_backward_g, accel_up_g, accel_down_g, accel_strafe_g, boost_mult_forward, boost_mult_backward, boost_mult_up, boost_mult_strafe, boost_capacitor_max, boost_regen_per_sec, boost_regen_time, zero_to_scm, zero_to_max, scm_to_zero, mass_empty, mass_loadout, mass_total) VALUES ((SELECT id FROM ships WHERE reference = 'VNCL_Stinger'), 207, 1050, 440, 230, 34, 28, 95, 40.8, 33.6, 114, 0, 128.83, 0, 0, 0, 0, 13.14, 0, 0, 0, 1.5, 1.4, 1.3, 1.35, 20, 0.75, 27.4, NULL, NULL, 1.61, 48143, 19440, 67583) ON CONFLICT (ship_id) DO NOTHING;
INSERT INTO ship_resistances (ship_id, armor_hp, dmg_mult_physical, dmg_mult_energy, dmg_mult_distortion, dmg_mult_thermal, dmg_mult_biochemical, dmg_mult_stun, sig_mult_cross_section, sig_mult_infrared, sig_mult_electromagnetic, pen_resist_base, pen_resist_physical, pen_resist_energy, pen_resist_distortion, base_em_signature, base_ir_signature, base_cs_signature, cross_section_x, cross_section_y, cross_section_z, em_total_shields, em_total_quantum, ir_total_shields, ir_total_quantum) VALUES ((SELECT id FROM ships WHERE reference = 'VNCL_Stinger'), 12375, 0.75, 0.6, 1, 1, 1, 1, 1, 1, 1, 1, 1, 1, 0, 39647, 9591, NULL, 6705, 9327, 17642, 39647, 71047, 9591, 7958) ON CONFLICT (ship_id) DO NOTHING;
INSERT INTO ship_fuel (ship_id, hydrogen_capacity, fuel_intake_rate, fuel_usage_main, fuel_usage_retro, fuel_usage_maneuvering, maneuvering_time_till_empty, intake_to_main_ratio, quantum_capacity, quantum_range, quantum_speed, quantum_spool_time, quantum_travel_time_po, quantum_fuel_usage_po, thrust_main, thrust_retro, thrust_maneuvering, power_generation, power_used_shields, power_used_quantum, cooling_generation, cooling_used_shields, cooling_used_quantum, shield_hp_total, shield_regen_total) VALUES ((SELECT id FROM ships WHERE reference = 'VNCL_Stinger'), 36000, 60, 0, 77.53, 434.31, NULL, NULL, 1350, 206422018349, 262000000, 6, 160, 274, 0, 6202050, 34745076, 18, 33, 25, 96, 47, 39, 26400, 1655) ON CONFLICT (ship_id) DO NOTHING;
INSERT INTO ship_insurance (ship_id, expedited_cost, expedited_claim_time, standard_claim_time) VALUES ((SELECT id FROM ships WHERE reference = 'VNCL_Stinger'), 19220, 6.3, 25.3) ON CONFLICT (ship_id) DO NOTHING;
INSERT INTO ship_flight_stats (ship_id, scm_speed, max_speed, boost_speed_forward, boost_speed_backward, pitch, yaw, roll, pitch_boosted, yaw_boosted, roll_boosted, accel_forward, accel_backward, accel_up, accel_down, accel_strafe, accel_forward_g, accel_backward_g, accel_up_g, accel_down_g, accel_strafe_g, boost_mult_forward, boost_mult_backward, boost_mult_up, boost_mult_strafe, boost_capacitor_max, boost_regen_per_sec, boost_regen_time, zero_to_scm, zero_to_max, scm_to_zero, mass_empty, mass_loadout, mass_total) VALUES ((SELECT id FROM ships WHERE reference = 'XIAN_Nox'), 225, 619, 305, 145, 89, 89, 138, 106.8, 106.8, 165.6, 35.93, 31.73, 0, 0, 0, 3.66, 3.24, 0, 0, 0, 2.3, 1.2, 1.2, 1.7, 10, 4, 3.5, 6.26, 17.23, 7.09, 4230, 703, 4933) ON CONFLICT (ship_id) DO NOTHING;
INSERT INTO ship_resistances (ship_id, armor_hp, dmg_mult_physical, dmg_mult_energy, dmg_mult_distortion, dmg_mult_thermal, dmg_mult_biochemical, dmg_mult_stun, sig_mult_cross_section, sig_mult_infrared, sig_mult_electromagnetic, pen_resist_base, pen_resist_physical, pen_resist_energy, pen_resist_distortion, base_em_signature, base_ir_signature, base_cs_signature, cross_section_x, cross_section_y, cross_section_z, em_total_shields, em_total_quantum, ir_total_shields, ir_total_quantum) VALUES ((SELECT id FROM ships WHERE reference = 'XIAN_Nox'), 1950, 0.75, 0.6, 1, 1, 1, 1, 1, 0.38, 0.8, 1, 1, 1, 0, 2953, 469, NULL, 467, 333, 550, 2953, 2953, 469, 469) ON CONFLICT (ship_id) DO NOTHING;
INSERT INTO ship_fuel (ship_id, hydrogen_capacity, fuel_intake_rate, fuel_usage_main, fuel_usage_retro, fuel_usage_maneuvering, maneuvering_time_till_empty, intake_to_main_ratio, quantum_capacity, quantum_range, quantum_speed, quantum_spool_time, quantum_travel_time_po, quantum_fuel_usage_po, thrust_main, thrust_retro, thrust_maneuvering, power_generation, power_used_shields, power_used_quantum, cooling_generation, cooling_used_shields, cooling_used_quantum, shield_hp_total, shield_regen_total) VALUES ((SELECT id FROM ships WHERE reference = 'XIAN_Nox'), 1500, 1, 1.9, 1.68, 4.32, 369.46, 0.53, NULL, NULL, NULL, NULL, NULL, NULL, 152000, 134200, 345405.316, 10, 5.9, 5.9, 16, 7.9, 7.9, NULL, NULL) ON CONFLICT (ship_id) DO NOTHING;
INSERT INTO ship_insurance (ship_id, expedited_cost, expedited_claim_time, standard_claim_time) VALUES ((SELECT id FROM ships WHERE reference = 'XIAN_Nox'), 55, 0, 0.10125) ON CONFLICT (ship_id) DO NOTHING;
INSERT INTO ship_flight_stats (ship_id, scm_speed, max_speed, boost_speed_forward, boost_speed_backward, pitch, yaw, roll, pitch_boosted, yaw_boosted, roll_boosted, accel_forward, accel_backward, accel_up, accel_down, accel_strafe, accel_forward_g, accel_backward_g, accel_up_g, accel_down_g, accel_strafe_g, boost_mult_forward, boost_mult_backward, boost_mult_up, boost_mult_strafe, boost_capacitor_max, boost_regen_per_sec, boost_regen_time, zero_to_scm, zero_to_max, scm_to_zero, mass_empty, mass_loadout, mass_total) VALUES ((SELECT id FROM ships WHERE reference = 'XIAN_Nox_Collector_Mod'), 225, 619, 305, 145, 89, 89, 138, 106.8, 106.8, 165.6, 35.93, 31.73, 0, 0, 0, 3.66, 3.24, 0, 0, 0, 2.3, 1.2, 1.2, 1.7, 10, 4, 3.5, 6.26, 17.23, 7.09, 4230, 703, 4933) ON CONFLICT (ship_id) DO NOTHING;
INSERT INTO ship_resistances (ship_id, armor_hp, dmg_mult_physical, dmg_mult_energy, dmg_mult_distortion, dmg_mult_thermal, dmg_mult_biochemical, dmg_mult_stun, sig_mult_cross_section, sig_mult_infrared, sig_mult_electromagnetic, pen_resist_base, pen_resist_physical, pen_resist_energy, pen_resist_distortion, base_em_signature, base_ir_signature, base_cs_signature, cross_section_x, cross_section_y, cross_section_z, em_total_shields, em_total_quantum, ir_total_shields, ir_total_quantum) VALUES ((SELECT id FROM ships WHERE reference = 'XIAN_Nox_Collector_Mod'), 1950, 0.75, 0.6, 1, 1, 1, 1, 1, 0.38, 0.8, 1, 1, 1, 0, 2953, 486, NULL, 467, 333, 550, 2953, 2953, 486, 486) ON CONFLICT (ship_id) DO NOTHING;
INSERT INTO ship_fuel (ship_id, hydrogen_capacity, fuel_intake_rate, fuel_usage_main, fuel_usage_retro, fuel_usage_maneuvering, maneuvering_time_till_empty, intake_to_main_ratio, quantum_capacity, quantum_range, quantum_speed, quantum_spool_time, quantum_travel_time_po, quantum_fuel_usage_po, thrust_main, thrust_retro, thrust_maneuvering, power_generation, power_used_shields, power_used_quantum, cooling_generation, cooling_used_shields, cooling_used_quantum, shield_hp_total, shield_regen_total) VALUES ((SELECT id FROM ships WHERE reference = 'XIAN_Nox_Collector_Mod'), 1500, 1, 1.9, 1.68, 4.32, 369.46, 0.53, NULL, NULL, NULL, NULL, NULL, NULL, 152000, 134200, 345405.316, 10, 5.9, 5.9, 17, 7.9, 7.9, NULL, NULL) ON CONFLICT (ship_id) DO NOTHING;
INSERT INTO ship_insurance (ship_id, expedited_cost, expedited_claim_time, standard_claim_time) VALUES ((SELECT id FROM ships WHERE reference = 'XIAN_Nox_Collector_Mod'), 55, 0, 0.10125) ON CONFLICT (ship_id) DO NOTHING;
INSERT INTO ship_flight_stats (ship_id, scm_speed, max_speed, boost_speed_forward, boost_speed_backward, pitch, yaw, roll, pitch_boosted, yaw_boosted, roll_boosted, accel_forward, accel_backward, accel_up, accel_down, accel_strafe, accel_forward_g, accel_backward_g, accel_up_g, accel_down_g, accel_strafe_g, boost_mult_forward, boost_mult_backward, boost_mult_up, boost_mult_strafe, boost_capacitor_max, boost_regen_per_sec, boost_regen_time, zero_to_scm, zero_to_max, scm_to_zero, mass_empty, mass_loadout, mass_total) VALUES ((SELECT id FROM ships WHERE reference = 'XIAN_Nox_Kue'), 225, 619, 305, 145, 89, 89, 138, 106.8, 106.8, 165.6, 35.93, 31.73, 0, 0, 0, 3.66, 3.24, 0, 0, 0, 2.3, 1.2, 1.2, 1.7, 10, 4, 3.5, 6.26, 17.23, 7.09, 4230, 555, 4785) ON CONFLICT (ship_id) DO NOTHING;
INSERT INTO ship_resistances (ship_id, armor_hp, dmg_mult_physical, dmg_mult_energy, dmg_mult_distortion, dmg_mult_thermal, dmg_mult_biochemical, dmg_mult_stun, sig_mult_cross_section, sig_mult_infrared, sig_mult_electromagnetic, pen_resist_base, pen_resist_physical, pen_resist_energy, pen_resist_distortion, base_em_signature, base_ir_signature, base_cs_signature, cross_section_x, cross_section_y, cross_section_z, em_total_shields, em_total_quantum, ir_total_shields, ir_total_quantum) VALUES ((SELECT id FROM ships WHERE reference = 'XIAN_Nox_Kue'), 1950, 0.75, 0.6, 1, 1, 1, 1, 1, 0.38, 0.8, 1, 1, 1, 0, 2440, 416, NULL, 467, 333, 550, 2440, 2440, 416, 416) ON CONFLICT (ship_id) DO NOTHING;
INSERT INTO ship_fuel (ship_id, hydrogen_capacity, fuel_intake_rate, fuel_usage_main, fuel_usage_retro, fuel_usage_maneuvering, maneuvering_time_till_empty, intake_to_main_ratio, quantum_capacity, quantum_range, quantum_speed, quantum_spool_time, quantum_travel_time_po, quantum_fuel_usage_po, thrust_main, thrust_retro, thrust_maneuvering, power_generation, power_used_shields, power_used_quantum, cooling_generation, cooling_used_shields, cooling_used_quantum, shield_hp_total, shield_regen_total) VALUES ((SELECT id FROM ships WHERE reference = 'XIAN_Nox_Kue'), 1500, 1, 1.9, 1.68, 4.32, 369.46, 0.53, NULL, NULL, NULL, NULL, NULL, NULL, 152000, 134200, 345405.316, 10, 5, 5, 16, 7, 7, NULL, NULL) ON CONFLICT (ship_id) DO NOTHING;
INSERT INTO ship_insurance (ship_id, expedited_cost, expedited_claim_time, standard_claim_time) VALUES ((SELECT id FROM ships WHERE reference = 'XIAN_Nox_Kue'), 55, 0, 0.10125) ON CONFLICT (ship_id) DO NOTHING;
INSERT INTO ship_flight_stats (ship_id, scm_speed, max_speed, boost_speed_forward, boost_speed_backward, pitch, yaw, roll, pitch_boosted, yaw_boosted, roll_boosted, accel_forward, accel_backward, accel_up, accel_down, accel_strafe, accel_forward_g, accel_backward_g, accel_up_g, accel_down_g, accel_strafe_g, boost_mult_forward, boost_mult_backward, boost_mult_up, boost_mult_strafe, boost_capacitor_max, boost_regen_per_sec, boost_regen_time, zero_to_scm, zero_to_max, scm_to_zero, mass_empty, mass_loadout, mass_total) VALUES ((SELECT id FROM ships WHERE reference = 'XIAN_Scout'), 224, 1183, 504, 254, 67, 67, 210, 80.4, 80.4, 252, 43.19, 0, 0, 0, 0, 4.4, 0, 0, 0, 0, 1.4, 1.35, 1.4, 1.4, 20, 0.75, 27.2, 5.19, 27.39, NULL, 68351, 7164, 75515) ON CONFLICT (ship_id) DO NOTHING;
INSERT INTO ship_resistances (ship_id, armor_hp, dmg_mult_physical, dmg_mult_energy, dmg_mult_distortion, dmg_mult_thermal, dmg_mult_biochemical, dmg_mult_stun, sig_mult_cross_section, sig_mult_infrared, sig_mult_electromagnetic, pen_resist_base, pen_resist_physical, pen_resist_energy, pen_resist_distortion, base_em_signature, base_ir_signature, base_cs_signature, cross_section_x, cross_section_y, cross_section_z, em_total_shields, em_total_quantum, ir_total_shields, ir_total_quantum) VALUES ((SELECT id FROM ships WHERE reference = 'XIAN_Scout'), 3000, 0.75, 0.6, 1, 1, 1, 1, 1.2, 1.2, 1.2, 1, 1, 1, 0, 23121, 8661, NULL, 8222, 6013, 6055, 23121, 41745, 8661, 6611) ON CONFLICT (ship_id) DO NOTHING;
INSERT INTO ship_fuel (ship_id, hydrogen_capacity, fuel_intake_rate, fuel_usage_main, fuel_usage_retro, fuel_usage_maneuvering, maneuvering_time_till_empty, intake_to_main_ratio, quantum_capacity, quantum_range, quantum_speed, quantum_spool_time, quantum_travel_time_po, quantum_fuel_usage_po, thrust_main, thrust_retro, thrust_maneuvering, power_generation, power_used_shields, power_used_quantum, cooling_generation, cooling_used_shields, cooling_used_quantum, shield_hp_total, shield_regen_total) VALUES ((SELECT id FROM ships WHERE reference = 'XIAN_Scout'), 26000, 29, 43.36, 0, 58.72, 357.54, 0.67, 1100, 120693438666, 165000000, 4, 254, 382, 2952000, 0, 3998073.6000000006, 16, 22.8, 16.8, 68, 33.8, 25.8, 7920, 523) ON CONFLICT (ship_id) DO NOTHING;
INSERT INTO ship_insurance (ship_id, expedited_cost, expedited_claim_time, standard_claim_time) VALUES ((SELECT id FROM ships WHERE reference = 'XIAN_Scout'), 2535, 1.6875, 5.0625) ON CONFLICT (ship_id) DO NOTHING;
INSERT INTO ship_flight_stats (ship_id, scm_speed, max_speed, boost_speed_forward, boost_speed_backward, pitch, yaw, roll, pitch_boosted, yaw_boosted, roll_boosted, accel_forward, accel_backward, accel_up, accel_down, accel_strafe, accel_forward_g, accel_backward_g, accel_up_g, accel_down_g, accel_strafe_g, boost_mult_forward, boost_mult_backward, boost_mult_up, boost_mult_strafe, boost_capacitor_max, boost_regen_per_sec, boost_regen_time, zero_to_scm, zero_to_max, scm_to_zero, mass_empty, mass_loadout, mass_total) VALUES ((SELECT id FROM ships WHERE reference = 'XNAA_SanTokYai'), 227, 1161, 493, 225, 58, 58, 160, 69.6, 69.6, 192, 46.19, 0, 0, 0, 0, 4.71, 0, 0, 0, 0, 1.55, 1.4, 1.35, 1.35, 20, 0.75, 27.2, 4.91, 25.14, NULL, 84224, 11145, 95369) ON CONFLICT (ship_id) DO NOTHING;
INSERT INTO ship_resistances (ship_id, armor_hp, dmg_mult_physical, dmg_mult_energy, dmg_mult_distortion, dmg_mult_thermal, dmg_mult_biochemical, dmg_mult_stun, sig_mult_cross_section, sig_mult_infrared, sig_mult_electromagnetic, pen_resist_base, pen_resist_physical, pen_resist_energy, pen_resist_distortion, base_em_signature, base_ir_signature, base_cs_signature, cross_section_x, cross_section_y, cross_section_z, em_total_shields, em_total_quantum, ir_total_shields, ir_total_quantum) VALUES ((SELECT id FROM ships WHERE reference = 'XNAA_SanTokYai'), 7500, 0.75, 0.6, 1, 1, 1, 1, 1.2, 1.2, 1.2, 1, 1, 1, 0, 33128, 8355, NULL, 11878, 4306, 12324, 33128, 53708, 8355, 7843) ON CONFLICT (ship_id) DO NOTHING;
INSERT INTO ship_fuel (ship_id, hydrogen_capacity, fuel_intake_rate, fuel_usage_main, fuel_usage_retro, fuel_usage_maneuvering, maneuvering_time_till_empty, intake_to_main_ratio, quantum_capacity, quantum_range, quantum_speed, quantum_spool_time, quantum_travel_time_po, quantum_fuel_usage_po, thrust_main, thrust_retro, thrust_maneuvering, power_generation, power_used_shields, power_used_quantum, cooling_generation, cooling_used_shields, cooling_used_quantum, shield_hp_total, shield_regen_total) VALUES ((SELECT id FROM ships WHERE reference = 'XNAA_SanTokYai'), 14700, 29, 31.12, 0, 195.96, 113.87, 0.93, 1300, 69817400644, 190000000, 4, 221, 781, 3889906, 0, 25122615, 18, 22.61, 18.61, 68, 32.608000000000004, 30.608, 13200, 828) ON CONFLICT (ship_id) DO NOTHING;
INSERT INTO ship_insurance (ship_id, expedited_cost, expedited_claim_time, standard_claim_time) VALUES ((SELECT id FROM ships WHERE reference = 'XNAA_SanTokYai'), 3800, 2.5, 7.5) ON CONFLICT (ship_id) DO NOTHING;

COMMIT;